<?xml version="1.0" encoding="utf-8"?>
<COLLADA xmlns="http://www.collada.org/2005/11/COLLADASchema" version="1.4.1" xmlns:xsi="http://www.w3.org/2001/XMLSchema-instance">
  <asset>
    <contributor>
      <author>Blender User</author>
      <authoring_tool>Blender 2.83.4 commit date:2020-08-05, commit time:06:00, hash:c113af82881a</authoring_tool>
    </contributor>
    <created>2025-09-27T17:13:40</created>
    <modified>2025-09-27T17:13:40</modified>
    <unit name="centimeter" meter="0.01"/>
    <up_axis>Z_UP</up_axis>
  </asset>
  <library_lights>
    <light id="Sun-light" name="Sun">
      <technique_common>
        <directional>
          <color sid="color">2 2 2</color>
        </directional>
      </technique_common>
      <extra>
        <technique profile="blender">
          <type sid="type" type="int">1</type>
          <flag sid="flag" type="int">0</flag>
          <mode sid="mode" type="int">1</mode>
          <gamma sid="blender_gamma" type="float">1</gamma>
          <red sid="red" type="float">1</red>
          <green sid="green" type="float">1</green>
          <blue sid="blue" type="float">1</blue>
          <shadow_r sid="blender_shadow_r" type="float">0</shadow_r>
          <shadow_g sid="blender_shadow_g" type="float">0</shadow_g>
          <shadow_b sid="blender_shadow_b" type="float">0</shadow_b>
          <energy sid="blender_energy" type="float">2</energy>
          <dist sid="blender_dist" type="float">1250</dist>
          <spotsize sid="spotsize" type="float">45</spotsize>
          <spotblend sid="spotblend" type="float">0.15</spotblend>
          <att1 sid="att1" type="float">0</att1>
          <att2 sid="att2" type="float">1</att2>
          <falloff_type sid="falloff_type" type="int">2</falloff_type>
          <clipsta sid="clipsta" type="float">0.04999995</clipsta>
          <clipend sid="clipend" type="float">40</clipend>
          <bias sid="bias" type="float">1</bias>
          <soft sid="soft" type="float">3</soft>
          <bufsize sid="bufsize" type="int">512</bufsize>
          <samp sid="samp" type="int">3</samp>
          <buffers sid="buffers" type="int">1</buffers>
          <area_shape sid="area_shape" type="int">0</area_shape>
          <area_size sid="area_size" type="float">95.60001</area_size>
          <area_sizey sid="area_sizey" type="float">12.5</area_sizey>
          <area_sizez sid="area_sizez" type="float">12.5</area_sizez>
        </technique>
      </extra>
    </light>
  </library_lights>
  <library_effects>
    <effect id="beach_ball_mat_001-effect">
      <profile_COMMON>
        <newparam sid="beach_ball_mat_bcolor_png-surface">
          <surface type="2D">
            <init_from>beach_ball_mat_bcolor_png</init_from>
          </surface>
        </newparam>
        <newparam sid="beach_ball_mat_bcolor_png-sampler">
          <sampler2D>
            <source>beach_ball_mat_bcolor_png-surface</source>
          </sampler2D>
        </newparam>
        <technique sid="common">
          <lambert>
            <emission>
              <color sid="emission">0 0 0 1</color>
            </emission>
            <diffuse>
              <texture texture="beach_ball_mat_bcolor_png-sampler" texcoord="UVChannel_1"/>
            </diffuse>
            <index_of_refraction>
              <float sid="ior">1.45</float>
            </index_of_refraction>
          </lambert>
        </technique>
      </profile_COMMON>
    </effect>
  </library_effects>
  <library_images>
    <image id="beach_ball_mat_bcolor_png" name="beach_ball_mat_bcolor_png">
      <init_from>beach_ball_mat_bcolor.png</init_from>
    </image>
  </library_images>
  <library_materials>
    <material id="beach_ball_mat_001-material" name="beach_ball_mat.001">
      <instance_effect url="#beach_ball_mat_001-effect"/>
    </material>
  </library_materials>
  <library_geometries>
    <geometry id="Mesh-mesh" name="Mesh">
      <mesh>
        <source id="Mesh-mesh-positions">
          <float_array id="Mesh-mesh-positions-array" count="1446">-1.19209e-7 2.38419e-7 13.6093 -2.35566e-7 2.661928 13.34712 -0.5193164 2.61078 13.34712 -1.018676 2.4593 13.34712 -1.478888 2.213312 13.34712 -1.882267 1.882267 13.34712 -2.213312 1.478888 13.34712 -2.4593 1.018675 13.34712 -2.610779 0.5193159 13.34712 -2.661928 -6.28948e-7 13.34712 -2.610779 -0.5193172 13.34712 -2.4593 -1.018676 13.34712 -2.213311 -1.478889 13.34712 -1.882266 -1.882268 13.34712 -1.478886 -2.213313 13.34712 -1.018674 -2.459301 13.34712 -0.5193141 -2.61078 13.34712 2.45115e-6 -2.661927 13.34712 0.5193189 -2.610779 13.34712 1.018678 -2.459299 13.34712 1.47889 -2.21331 13.34712 1.882269 -1.882264 13.34712 2.213314 -1.478884 13.34712 2.459301 -1.018672 13.34712 2.61078 -0.519312 13.34712 2.661927 4.51176e-6 13.34712 2.610778 0.5193209 13.34712 2.459298 1.01868 13.34712 2.213309 1.478892 13.34712 1.882263 1.882271 13.34712 1.478883 2.213315 13.34712 1.01867 2.459303 13.34712 0.5193105 2.610781 13.34712 -3.47451e-7 5.221559 12.57067 -1.018676 5.121228 12.57067 -1.998204 4.824092 12.57067 -2.900942 4.341568 12.57067 -3.6922 3.6922 12.57067 -4.341567 2.900943 12.57067 -4.824091 1.998203 12.57067 -5.121228 1.018674 12.57067 -5.221559 -1.46298e-6 12.57067 -5.121227 -1.018677 12.57067 -4.82409 -1.998206 12.57067 -4.341566 -2.900945 12.57067 -3.692197 -3.692202 12.57067 -2.900939 -4.341569 12.57067 -1.9982 -4.824093 12.57067 -1.018671 -5.121228 12.57067 4.92272e-6 -5.221559 12.57067 1.018681 -5.121226 12.57067 1.998209 -4.824088 12.57067 2.900948 -4.341563 12.57067 3.692204 -3.692194 12.57067 4.341571 -2.900936 12.57067 4.824094 -1.998197 12.57067 5.121229 -1.018667 12.57067 5.221559 8.62088e-6 12.57067 5.121226 1.018684 12.57067 4.824088 1.998213 12.57067 4.341562 2.900951 12.57067 3.692192 3.692207 12.57067 2.900934 4.341574 12.57067 1.998194 4.824096 12.57067 1.018664 5.12123 12.57067 -4.50565e-7 7.580528 11.30977 -1.478888 7.43487 11.30977 -2.900942 7.003495 11.30977 -4.211515 6.302979 11.30977 -5.360242 5.360243 11.30977 -6.302979 4.211515 11.30977 -7.003495 2.900941 11.30977 -7.43487 1.478886 11.30977 -7.580528 -2.23163e-6 11.30977 -7.434869 -1.47889 11.30977 -7.003493 -2.900945 11.30977 -6.302976 -4.211519 11.30977 -5.360239 -5.360246 11.30977 -4.211511 -6.302981 11.30977 -2.900937 -7.003497 11.30977 -1.478881 -7.434871 11.30977 7.20054e-6 -7.580527 11.30977 1.478895 -7.434868 11.30977 2.90095 -7.00349 11.30977 4.211524 -6.302973 11.30977 5.360249 -5.360235 11.30977 6.302984 -4.211507 11.30977 7.003499 -2.900932 11.30977 7.434872 -1.478876 11.30977 7.580528 1.24079e-5 11.30977 7.434867 1.4789 11.30977 7.003489 2.900955 11.30977 6.302971 4.211528 11.30977 5.360232 5.360253 11.30977 4.211503 6.302987 11.30977 2.900928 7.003501 11.30977 1.478871 7.434874 11.30977 -5.40945e-7 9.648182 9.612894 -1.882267 9.462795 9.612894 -3.692199 8.913759 9.612894 -5.360242 8.022171 9.612894 -6.822295 6.822295 9.612894 -8.022171 5.360243 9.612894 -8.913759 3.692198 9.612894 -9.462796 1.882265 9.612894 -9.648182 -2.90536e-6 9.612894 -9.462795 -1.882271 9.612894 -8.913756 -3.692203 9.612894 -8.022168 -5.360248 9.612894 -6.822291 -6.822299 9.612894 -5.360237 -8.022174 9.612894 -3.692192 -8.913762 9.612894 -1.882259 -9.462797 9.612894 9.19707e-6 -9.648182 9.612894 1.882277 -9.462793 9.612894 3.692209 -8.913754 9.612894 5.360252 -8.022164 9.612894 6.822303 -6.822286 9.612894 8.022178 -5.360231 9.612894 8.913763 -3.692186 9.612894 9.462798 -1.882252 9.612894 9.648182 1.57272e-5 9.612894 9.462792 1.882283 9.612894 8.913752 3.692215 9.612894 8.022161 5.360258 9.612894 6.822281 6.822309 9.612894 5.360227 8.022181 9.612894 3.692181 8.913766 9.612894 1.882246 9.4628 9.612894 -6.15118e-7 11.34506 7.545238 -2.213312 11.12707 7.545238 -4.341567 10.48147 7.545238 -6.302978 9.433075 7.545238 -8.022171 8.022171 7.545238 -9.433075 6.302978 7.545238 -10.48147 4.341566 7.545238 -11.12707 2.213309 7.545238 -11.34506 -3.45827e-6 7.545238 -11.12707 -2.213316 7.545238 -10.48147 -4.341572 7.545238 -9.433072 -6.302984 7.545238 -8.022166 -8.022176 7.545238 -6.302972 -9.433079 7.545238 -4.341559 -10.48147 7.545238 -2.213302 -11.12707 7.545238 1.08356e-5 -11.34506 7.545238 2.213324 -11.12707 7.545238 4.341579 -10.48147 7.545238 6.30299 -9.433068 7.545238 8.022181 -8.022161 7.545238 9.433084 -6.302966 7.545238 10.48148 -4.341552 7.545238 11.12707 -2.213294 7.545238 11.34506 1.84513e-5 7.545238 11.12707 2.213331 7.545238 10.48146 4.341586 7.545238 9.433063 6.302997 7.545238 8.022155 8.022187 7.545238 6.30296 9.433088 7.545238 4.341546 10.48148 7.545238 2.213287 11.12707 7.545238 -6.70233e-7 12.60596 5.186269 -2.4593 12.36374 5.186269 -4.82409 11.64638 5.186269 -7.003493 10.48147 5.186269 -8.913758 8.913758 5.186269 -10.48147 7.003493 5.186269 -11.64639 4.824089 5.186269 -12.36374 2.459297 5.186269 -12.60596 -3.86912e-6 5.186269 -12.36373 -2.459305 5.186269 -11.64638 -4.824096 5.186269 -10.48147 -7.0035 5.186269 -8.913752 -8.913763 5.186269 -7.003487 -10.48147 5.186269 -4.824081 -11.64639 5.186269 -2.459289 -12.36374 5.186269 1.20531e-5 -12.60596 5.186269 2.459313 -12.36373 5.186269 4.824104 -11.64638 5.186269 7.003507 -10.48146 5.186269 8.913768 -8.913746 5.186269 10.48148 -7.00348 5.186269 11.64639 -4.824074 5.186269 12.36374 -2.459281 5.186269 12.60596 2.04755e-5 5.186269 12.36373 2.459321 5.186269 11.64638 4.824111 5.186269 10.48146 7.003514 5.186269 8.91374 8.913775 5.186269 7.003473 10.48148 5.186269 4.824067 11.64639 5.186269 2.459273 12.36374 5.186269 -7.04173e-7 13.38241 2.626639 -2.610779 13.12527 2.626639 -5.121227 12.36374 2.626639 -7.434869 11.12707 2.626639 -9.462795 9.462795 2.626639 -11.12707 7.43487 2.626639 -12.36374 5.121225 2.626639 -13.12527 2.610776 2.626639 -13.38241 -4.12212e-6 2.626639 -13.12527 -2.610784 2.626639 -12.36373 -5.121233 2.626639 -11.12706 -7.434876 2.626639 -9.462789 -9.4628 2.626639 -7.434862 -11.12707 2.626639 -5.121217 -12.36374 2.626639 -2.610768 -13.12527 2.626639 1.28028e-5 -13.38241 2.626639 2.610793 -13.12527 2.626639 5.121241 -12.36373 2.626639 7.434884 -11.12706 2.626639 9.462806 -9.462782 2.626639 11.12708 -7.434854 2.626639 12.36374 -5.121209 2.626639 13.12528 -2.610759 2.626639 13.38241 2.1722e-5 2.626639 13.12527 2.610801 2.626639 12.36373 5.121249 2.626639 11.12705 7.434891 2.626639 9.462777 9.462813 2.626639 7.434847 11.12708 2.626639 5.121201 12.36375 2.626639 2.610751 13.12528 2.626639 -7.15633e-7 13.64459 -0.03528773 -2.661928 13.38241 -0.03528773 -5.221558 12.60596 -0.03528773 -7.580527 11.34506 -0.03528773 -9.648182 9.648182 -0.03528773 -11.34506 7.580527 -0.03528773 -12.60596 5.221557 -0.03528773 -13.38241 2.661924 -0.03528773 -13.64459 -4.20755e-6 -0.03528773 -13.38241 -2.661933 -0.03528773 -12.60595 -5.221564 -0.03528773 -11.34506 -7.580534 -0.03528773 -9.648177 -9.648188 -0.03528773 -7.58052 -11.34507 -0.03528773 -5.221548 -12.60596 -0.03528773 -2.661916 -13.38241 -0.03528773 1.3056e-5 -13.64459 -0.03528773 2.661941 -13.38241 -0.03528773 5.221572 -12.60595 -0.03528773 7.580542 -11.34505 -0.03528773 9.648194 -9.64817 -0.03528773 11.34507 -7.580512 -0.03528773 12.60596 -5.221539 -0.03528773 13.38242 -2.661906 -0.03528773 13.64459 2.21429e-5 -0.03528773 13.38241 2.66195 -0.03528773 12.60595 5.22158 -0.03528773 11.34505 7.580549 -0.03528773 9.648163 9.6482 -0.03528773 7.580505 11.34508 -0.03528773 5.221532 12.60597 -0.03528773 2.661898 13.38242 -0.03528773 -7.04173e-7 13.38241 -2.697215 -2.610779 13.12527 -2.697215 -5.121227 12.36374 -2.697215 -7.43487 11.12707 -2.697215 -9.462795 9.462795 -2.697215 -11.12707 7.43487 -2.697215 -12.36374 5.121226 -2.697215 -13.12527 2.610776 -2.697215 -13.38241 -4.12212e-6 -2.697215 -13.12527 -2.610785 -2.697215 -12.36373 -5.121233 -2.697215 -11.12707 -7.434876 -2.697215 -9.46279 -9.462801 -2.697215 -7.434863 -11.12707 -2.697215 -5.121218 -12.36374 -2.697215 -2.610768 -13.12528 -2.697215 1.28028e-5 -13.38241 -2.697215 2.610793 -13.12527 -2.697215 5.121242 -12.36373 -2.697215 7.434884 -11.12706 -2.697215 9.462807 -9.462783 -2.697215 11.12708 -7.434855 -2.697215 12.36374 -5.121209 -2.697215 13.12528 -2.610759 -2.697215 13.38241 2.1722e-5 -2.697215 13.12527 2.610802 -2.697215 12.36373 5.12125 -2.697215 11.12706 7.434892 -2.697215 9.462777 9.462814 -2.697215 7.434848 11.12708 -2.697215 5.121202 12.36375 -2.697215 2.610751 13.12528 -2.697215 -6.70233e-7 12.60596 -5.256845 -2.4593 12.36374 -5.256845 -4.82409 11.64639 -5.256845 -7.003494 10.48147 -5.256845 -8.913758 8.913758 -5.256845 -10.48147 7.003494 -5.256845 -11.64639 4.824089 -5.256845 -12.36374 2.459297 -5.256845 -12.60596 -3.86912e-6 -5.256845 -12.36374 -2.459305 -5.256845 -11.64638 -4.824097 -5.256845 -10.48147 -7.0035 -5.256845 -8.913753 -8.913764 -5.256845 -7.003487 -10.48147 -5.256845 -4.824081 -11.64639 -5.256845 -2.45929 -12.36374 -5.256845 1.20531e-5 -12.60596 -5.256845 2.459313 -12.36373 -5.256845 4.824104 -11.64638 -5.256845 7.003508 -10.48146 -5.256845 8.913769 -8.913746 -5.256845 10.48148 -7.00348 -5.256845 11.64639 -4.824074 -5.256845 12.36374 -2.459281 -5.256845 12.60596 2.04755e-5 -5.256845 12.36373 2.459321 -5.256845 11.64638 4.824112 -5.256845 10.48146 7.003514 -5.256845 8.913741 8.913775 -5.256845 7.003474 10.48148 -5.256845 4.824067 11.6464 -5.256845 2.459273 12.36374 -5.256845 -6.15118e-7 11.34506 -7.615816 -2.213312 11.12707 -7.615816 -4.341567 10.48147 -7.615816 -6.302978 9.433075 -7.615816 -8.022171 8.022171 -7.615816 -9.433075 6.302978 -7.615816 -10.48147 4.341566 -7.615816 -11.12707 2.213309 -7.615816 -11.34506 -3.45827e-6 -7.615816 -11.12707 -2.213316 -7.615816 -10.48147 -4.341572 -7.615816 -9.433072 -6.302984 -7.615816 -8.022166 -8.022176 -7.615816 -6.302972 -9.433079 -7.615816 -4.341559 -10.48147 -7.615816 -2.213302 -11.12707 -7.615816 1.08356e-5 -11.34506 -7.615816 2.213324 -11.12707 -7.615816 4.341579 -10.48147 -7.615816 6.30299 -9.433068 -7.615816 8.022181 -8.022161 -7.615816 9.433084 -6.302966 -7.615816 10.48148 -4.341552 -7.615816 11.12707 -2.213294 -7.615816 11.34506 1.84513e-5 -7.615816 11.12707 2.213331 -7.615816 10.48146 4.341586 -7.615816 9.433063 6.302997 -7.615816 8.022155 8.022187 -7.615816 6.30296 9.433088 -7.615816 4.341546 10.48148 -7.615816 2.213287 11.12707 -7.615816 -5.40945e-7 9.648182 -9.683471 -1.882267 9.462795 -9.683471 -3.692199 8.913759 -9.683471 -5.360242 8.022171 -9.683471 -6.822295 6.822295 -9.683471 -8.022171 5.360243 -9.683471 -8.913759 3.692198 -9.683471 -9.462796 1.882265 -9.683471 -9.648182 -2.90536e-6 -9.683471 -9.462795 -1.882271 -9.683471 -8.913756 -3.692203 -9.683471 -8.022168 -5.360248 -9.683471 -6.822291 -6.822299 -9.683471 -5.360237 -8.022174 -9.683471 -3.692192 -8.913762 -9.683471 -1.882259 -9.462797 -9.683471 9.19707e-6 -9.648182 -9.683471 1.882277 -9.462793 -9.683471 3.692209 -8.913754 -9.683471 5.360252 -8.022164 -9.683471 6.822303 -6.822286 -9.683471 8.022178 -5.360231 -9.683471 8.913763 -3.692186 -9.683471 9.462798 -1.882252 -9.683471 9.648182 1.57272e-5 -9.683471 9.462792 1.882283 -9.683471 8.913752 3.692215 -9.683471 8.022161 5.360258 -9.683471 6.822281 6.822309 -9.683471 5.360227 8.022181 -9.683471 3.692181 8.913766 -9.683471 1.882246 9.4628 -9.683471 -4.50565e-7 7.580527 -11.38035 -1.478888 7.43487 -11.38035 -2.900942 7.003494 -11.38035 -4.211515 6.302978 -11.38035 -5.360242 5.360243 -11.38035 -6.302978 4.211515 -11.38035 -7.003495 2.900941 -11.38035 -7.43487 1.478886 -11.38035 -7.580527 -2.23163e-6 -11.38035 -7.434869 -1.47889 -11.38035 -7.003492 -2.900945 -11.38035 -6.302976 -4.211519 -11.38035 -5.360239 -5.360246 -11.38035 -4.211511 -6.30298 -11.38035 -2.900937 -7.003496 -11.38035 -1.478881 -7.434871 -11.38035 7.20054e-6 -7.580527 -11.38035 1.478895 -7.434868 -11.38035 2.90095 -7.00349 -11.38035 4.211523 -6.302973 -11.38035 5.360249 -5.360235 -11.38035 6.302984 -4.211507 -11.38035 7.003499 -2.900932 -11.38035 7.434872 -1.478876 -11.38035 7.580527 1.24079e-5 -11.38035 7.434867 1.4789 -11.38035 7.003489 2.900955 -11.38035 6.30297 4.211528 -11.38035 5.360232 5.360252 -11.38035 4.211503 6.302987 -11.38035 2.900928 7.0035 -11.38035 1.478871 7.434874 -11.38035 -3.47451e-7 5.221557 -12.64125 -1.018675 5.121225 -12.64125 -1.998203 4.824089 -12.64125 -2.900941 4.341566 -12.64125 -3.692198 3.692198 -12.64125 -4.341566 2.900941 -12.64125 -4.82409 1.998202 -12.64125 -5.121226 1.018674 -12.64125 -5.221556 -1.46298e-6 -12.64125 -5.121225 -1.018677 -12.64125 -4.824088 -1.998205 -12.64125 -4.341564 -2.900943 -12.64125 -3.692196 -3.6922 -12.64125 -2.900938 -4.341567 -12.64125 -1.998199 -4.82409 -12.64125 -1.018671 -5.121226 -12.64125 4.92272e-6 -5.221556 -12.64125 1.01868 -5.121224 -12.64125 1.998208 -4.824086 -12.64125 2.900947 -4.341561 -12.64125 3.692202 -3.692193 -12.64125 4.341569 -2.900935 -12.64125 4.824092 -1.998196 -12.64125 5.121227 -1.018667 -12.64125 5.221556 8.62088e-6 -12.64125 5.121224 1.018684 -12.64125 4.824085 1.998212 -12.64125 4.34156 2.900949 -12.64125 3.692191 3.692205 -12.64125 2.900932 4.341572 -12.64125 1.998193 4.824093 -12.64125 1.018664 5.121228 -12.64125 -1.87329e-7 1.587077 -13.45299 -0.3096234 1.556582 -13.45299 -0.607348 1.466268 -13.45299 -0.8817325 1.319607 -13.45299 -1.122233 1.122233 -13.45299 -1.319606 0.8817329 -13.45299 -1.466268 0.6073482 -13.45299 -1.556582 0.3096234 -13.45299 -1.587077 0 -13.45299 -1.556581 -0.3096234 -13.45299 -1.466267 -0.6073482 -13.45299 -1.319605 -0.8817328 -13.45299 -1.122232 -1.122233 -13.45299 -0.8817317 -1.319606 -13.45299 -0.6073468 -1.466267 -13.45299 -0.309622 -1.556581 -13.45299 1.41452e-6 -1.587076 -13.45299 0.3096248 -1.55658 -13.45299 0.6073494 -1.466266 -13.45299 0.881734 -1.319604 -13.45299 1.122234 -1.122231 -13.45299 1.319607 -0.8817303 -13.45299 1.466268 -0.6073453 -13.45299 1.556582 -0.3096204 -13.45299 1.587076 3.055e-6 -13.45299 1.556581 0.3096264 -13.45299 1.466266 0.607351 -13.45299 1.319604 0.8817355 -13.45299 1.12223 1.122235 -13.45299 0.8817297 1.319608 -13.45299 0.6073448 1.466269 -13.45299 0.3096197 1.556583 -13.45299 0 5.07173e-7 -13.6093</float_array>
          <technique_common>
            <accessor source="#Mesh-mesh-positions-array" count="482" stride="3">
              <param name="X" type="float"/>
              <param name="Y" type="float"/>
              <param name="Z" type="float"/>
            </accessor>
          </technique_common>
        </source>
        <source id="Mesh-mesh-normals">
          <float_array id="Mesh-mesh-normals-array" count="8640">6.77444e-6 -9.26998e-6 1 6.93835e-6 0.200953 0.979601 -0.03920263 0.1970943 0.9796004 -3.06405e-6 -1.253e-5 1 -0.03920644 0.1970922 0.9796007 -0.07689446 0.1856595 0.9796009 1.04234e-5 -4.64055e-6 1 -0.07689434 0.1856603 0.9796007 -0.1116425 0.1670904 0.9796003 -2.55182e-7 -1.37989e-5 1 -0.1116346 0.167092 0.979601 -0.1420922 0.1420997 0.9796006 1.31615e-5 6.31437e-7 1 -0.1421003 0.1420927 0.9796005 -0.1670926 0.1116351 0.9796008 4.97186e-6 -1.29938e-5 1 -0.16709 0.11164 0.9796006 -0.1856601 0.07689183 0.979601 1.19882e-5 5.76116e-6 1 -0.18566 0.0768972 0.9796005 -0.1970926 0.03920912 0.9796006 9.20135e-6 -1.01393e-5 1 -0.1970942 0.03919935 0.9796006 -0.2009545 5.07664e-6 0.9796006 1.02711e-5 -8.11089e-6 1 -0.2009552 -5.06174e-6 0.9796005 -0.1970949 -0.03919935 0.9796005 7.44639e-6 1.1689e-5 1 -0.1970918 -0.03920924 0.9796006 -0.1856592 -0.07689732 0.9796006 4.96395e-6 1.28709e-5 1 -0.18566 -0.07689201 0.979601 -0.1670899 -0.1116402 0.9796006 1.31596e-5 -6.08154e-7 1 -0.1670925 -0.1116351 0.9796008 -0.1421002 -0.1420927 0.9796006 1.25454e-5 2.02795e-6 1 -0.1420936 -0.1420999 0.9796005 -0.1116359 -0.1670921 0.9796008 -2.92622e-6 1.33305e-5 1 -0.1116397 -0.1670904 0.9796007 -0.0768916 -0.1856604 0.979601 1.10241e-5 7.10902e-6 1 -0.07689785 -0.1856597 0.9796006 -0.03920972 -0.1970922 0.9796006 8.58307e-6 9.29332e-6 1 -0.03920078 -0.1970942 0.9796005 -6.43451e-6 -0.2009544 0.9796006 7.74488e-6 1.10998e-5 1 4.81494e-6 -0.2009544 0.9796007 0.03919905 -0.1970941 0.9796006 -6.35162e-6 7.04604e-6 1 0.03919947 -0.1970936 0.9796007 0.07688933 -0.1856668 0.9795999 0 1.3432e-5 1 0.07688897 -0.1856603 0.9796012 0.111637 -0.1670901 0.979601 -1.19051e-5 2.10246e-6 1 0.1116368 -0.1670919 0.9796008 0.1420945 -0.1420996 0.9796004 -2.34181e-6 1.35638e-5 1 0.1420997 -0.1420925 0.9796007 0.1670919 -0.1116349 0.979601 -1.29268e-5 -3.2112e-6 1 0.1670908 -0.1116399 0.9796006 0.1856608 -0.07689166 0.9796009 -1.20671e-5 -5.78165e-6 1 0.1856601 -0.07689702 0.9796006 0.1970925 -0.03920888 0.9796006 -1.09924e-5 -8.04476e-6 1 0.1970943 -0.03919899 0.9796006 0.2009545 -4.75161e-6 0.9796006 -1.09667e-5 8.13417e-6 1 0.2009546 5.30388e-6 0.9796006 0.1970942 0.03919953 0.9796006 -1.19874e-5 5.88596e-6 1 0.1970925 0.0392096 0.9796005 0.1856599 0.07689768 0.9796006 -5.60586e-6 -1.29556e-5 1 0.1856593 0.07689219 0.9796012 0.1670893 0.1116403 0.9796008 -1.23954e-5 6.98492e-7 1 0.1670932 0.1116353 0.9796007 0.1421008 0.142093 0.9796004 3.241e-7 -1.37105e-5 1 0.1420922 0.1421 0.9796007 0.1116345 0.1670922 0.979601 -1.3086e-5 -4.73997e-6 1 0.1116396 0.1670905 0.9796007 0.07689142 0.1856604 0.979601 4.89131e-6 -1.24639e-5 1 0.07689601 0.1856597 0.9796007 0.03920793 0.1970922 0.9796006 -5.7295e-6 -9.27527e-6 1 0.03920352 0.1970943 0.9796004 -5.94184e-6 0.2009529 0.9796009 -0.08017128 0.378167 0.9222594 -0.05289971 0.1994329 0.9784827 -4.88013e-6 0.2009633 0.9795988 -0.1523751 0.3552271 0.9222775 -0.09078794 0.1852809 0.9784828 -0.03920799 0.1971009 0.9795989 -0.06680798 0.1952218 0.9784811 -0.1434415 0.3589742 0.9222593 -0.1116484 0.1670965 0.9795986 -0.1036082 0.1784376 0.9784812 -0.2107349 0.3240873 0.9222571 -0.1421002 0.1421049 0.9795988 -0.3240931 0.2107159 0.9222595 -0.1784376 0.1036082 0.9784812 -0.1421049 0.1421001 0.9795988 -0.1640083 0.1251908 0.9784827 -0.318674 0.2187494 0.9222774 -0.1856727 0.07689756 0.9795981 -0.1852811 0.09078902 0.9784827 -0.3552399 0.1523607 0.9222749 -0.1971012 0.03920906 0.9795988 -0.386507 -0.004818737 0.922274 -0.2059231 -0.0129742 0.9784822 -0.1971048 0.03920274 0.9795984 -0.3781672 -0.08016967 0.9222593 -0.1994333 -0.05289798 0.9784826 -0.2009636 -3.20189e-6 0.9795987 -0.3552398 -0.152361 0.9222748 -0.185281 -0.09078931 0.9784826 -0.1971012 -0.03920936 0.9795988 -0.3186748 -0.2187498 0.9222771 -0.1640092 -0.1251912 0.9784826 -0.1856736 -0.07689791 0.9795979 -0.2698934 -0.2767572 0.9222598 -0.1364328 -0.1547823 0.9784828 -0.1671026 -0.1116434 0.9795981 -0.1547823 -0.1364341 0.9784827 -0.276757 -0.2698947 0.9222595 -0.1116434 -0.1671037 0.979598 -0.1434406 -0.3589741 0.9222595 -0.06680715 -0.1952216 0.9784812 -0.1116476 -0.1670963 0.9795987 -0.09078222 -0.1852814 0.9784833 -0.1523692 -0.3552275 0.9222782 -0.03920215 -0.197101 0.9795991 0.00481528 -0.3865048 0.9222749 0.01297062 -0.2059209 0.9784827 -0.03920626 -0.1971023 0.9795987 -0.0129711 -0.2059211 0.9784827 -0.004815459 -0.3865048 0.9222748 0.03920578 -0.1971024 0.9795987 0.02744656 -0.2044949 0.9784827 0.07067573 -0.3800178 0.9222752 0.07690066 -0.1856667 0.9795989 0.2187508 -0.3186741 0.922277 0.1251921 -0.1640085 0.9784826 0.07689887 -0.185673 0.9795979 0.1036083 -0.1784372 0.9784813 0.2107352 -0.3240869 0.9222573 0.1421002 -0.1421045 0.9795989 0.324088 -0.2107344 0.922257 0.1784382 -0.1036079 0.9784811 0.1421055 -0.1421 0.9795988 0.1640098 -0.125191 0.9784826 0.3186755 -0.2187493 0.9222769 0.1856741 -0.07689768 0.9795979 0.3800182 -0.07067668 0.922275 0.2044951 -0.02744787 0.9784827 0.1856669 -0.07690197 0.9795989 0.3865056 0.004819154 0.9222745 0.2059217 0.01297438 0.9784825 0.1971034 -0.03920257 0.9795987 0.3781672 0.08017045 0.9222593 0.1994332 0.05289858 0.9784826 0.2009636 3.81842e-6 0.9795988 0.2044932 0.02744859 0.9784832 0.3800161 0.07067793 0.9222757 0.1856649 0.07690268 0.9795991 0.3186746 0.2187502 0.922277 0.1640091 0.1251914 0.9784826 0.1856735 0.07689815 0.9795979 0.1784372 0.1036086 0.9784812 0.3240869 0.2107355 0.9222573 0.1421045 0.1421005 0.9795988 0.2107349 0.3240876 0.9222571 0.1036084 0.1784376 0.9784811 0.1421005 0.1421049 0.9795987 0.1434405 0.3589745 0.9222593 0.06680721 0.1952219 0.9784811 0.1116477 0.1670967 0.9795987 0.09079319 0.1852809 0.9784823 0.1523646 0.3552399 0.9222742 0.03921335 0.1971013 0.9795986 0.05290144 0.1994328 0.9784826 0.08017319 0.3781669 0.9222593 6.7139e-6 0.2009633 0.9795988 0.01918685 0.399254 0.9166396 -0.04077422 0.5674481 0.822399 -0.07566833 0.3804203 0.9217129 -0.1794987 0.5398933 0.8223719 -0.1704979 0.3615167 0.916644 -0.07567089 0.3804199 0.9217129 -0.2813773 0.494501 0.8223721 -0.2377655 0.3213086 0.9166398 -0.1484424 0.358337 0.9217155 -0.205862 0.3426268 0.9166394 -0.3491615 0.4491624 0.8223986 -0.2742677 0.2742683 0.9217126 -0.4491623 0.3491607 0.8223991 -0.3426266 0.2058611 0.9166398 -0.2742681 0.2742668 0.921713 -0.5086489 0.2548245 0.8223995 -0.3761771 0.1350785 0.9166486 -0.322502 0.215504 0.9217107 -0.3615165 0.1704976 0.916644 -0.5398932 0.1794984 0.8223721 -0.3804197 0.07567059 0.9217131 -0.5674873 0.04077309 0.822372 -0.3992538 -0.01918554 0.9166398 -0.38042 0.0756697 0.9217131 -0.3992879 0.0191552 0.9166256 -0.5674478 -0.04077559 0.8223992 -0.3804199 -0.07566964 0.9217131 -0.5398938 -0.1794991 0.8223716 -0.3615172 -0.1704982 0.9166437 -0.3804203 -0.07567125 0.9217126 -0.4945004 -0.2813778 0.8223722 -0.3213533 -0.2377597 0.9166255 -0.3583365 -0.1484429 0.9217157 -0.4300789 -0.3724136 0.8223991 -0.2687511 -0.2958658 0.916644 -0.3225163 -0.2154835 0.9217104 -0.2958652 -0.2687513 0.9166442 -0.3724128 -0.4300792 0.8223993 -0.2154828 -0.3225165 0.9217106 -0.2548253 -0.5086495 0.8223989 -0.1350795 -0.3761776 0.9166482 -0.215505 -0.3225026 0.9217102 -0.1704974 -0.3615167 0.9166441 -0.179498 -0.5398933 0.822372 -0.0756703 -0.3804197 0.921713 -0.04077446 -0.567448 0.822399 0.01918655 -0.3992539 0.9166396 -0.07566869 -0.3804202 0.9217129 -0.01918566 -0.3992539 0.9166397 0.04077565 -0.5674479 0.8223991 0.07566958 -0.38042 0.9217131 0.05908483 -0.3953136 0.916644 0.1506965 -0.5485895 0.8223991 0.1484326 -0.3583478 0.9217129 0.2813776 -0.4945006 0.8223721 0.2377657 -0.3213083 0.9166398 0.1484426 -0.3583368 0.9217156 0.3724144 -0.4300785 0.822399 0.2958664 -0.2687507 0.9166439 0.2154842 -0.322516 0.9217104 0.4491621 -0.34916 0.8223993 0.3426263 -0.2058606 0.9166399 0.2742679 -0.2742664 0.9217132 0.3213088 -0.2377654 0.9166397 0.4945012 -0.281377 0.822372 0.3583371 -0.1484423 0.9217155 0.5486284 -0.1506996 0.8223726 0.3953129 -0.05908292 0.9166444 0.3583473 -0.1484308 0.9217134 0.5674484 -0.04077541 0.8223988 0.3992543 0.01918542 0.9166396 0.3804206 -0.07566976 0.9217128 0.5644994 0.07071244 0.8223991 0.3878325 0.09669399 0.916644 0.3878788 -1.17719e-5 0.9217105 0.5398924 0.1794992 0.8223723 0.3615158 0.1704981 0.9166443 0.3804191 0.07567113 0.9217132 0.4945003 0.2813789 0.8223719 0.321308 0.2377668 0.9166396 0.3583366 0.1484439 0.9217154 0.3426252 0.2058616 0.9166401 0.4491606 0.3491613 0.8223997 0.2742666 0.2742672 0.9217134 0.2958652 0.2687513 0.9166442 0.3724127 0.4300794 0.8223993 0.2154828 0.3225165 0.9217106 0.2548246 0.5086499 0.8223989 0.135079 0.3761779 0.9166482 0.2155046 0.3225029 0.9217102 0.1704974 0.3615168 0.916644 0.1794978 0.5398935 0.822372 0.07567036 0.3804199 0.921713 0.04077136 0.5674874 0.8223721 -0.01918667 0.3992536 0.9166398 0.07566851 0.38042 0.9217131 0.02378213 0.5772944 0.8161898 -0.07992947 0.7192971 0.6900891 -0.1092036 0.5490206 0.8286441 -0.2014386 0.6951268 0.6900879 -0.2428931 0.5242497 0.8161895 -0.1092104 0.5490196 0.8286439 -0.3331929 0.6425023 0.6900532 -0.340502 0.4667903 0.8161896 -0.214211 0.5171763 0.828639 -0.4521181 0.5650858 0.6901211 -0.4250262 0.3913922 0.8161893 -0.3109986 0.4654349 0.8286437 -0.3913924 0.425026 0.8161893 -0.5650861 0.4521179 0.6901211 -0.4654351 0.3109984 0.8286437 -0.4667904 0.3405019 0.8161894 -0.6425023 0.3331929 0.6900531 -0.5171764 0.214211 0.8286389 -0.5242497 0.2428934 0.8161894 -0.6951269 0.2014389 0.6900877 -0.5490197 0.1092107 0.8286437 -0.7192977 0.07992905 0.6900886 -0.577295 -0.02378261 0.8161893 -0.5490214 0.1092031 0.8286437 -0.7210692 -0.0619558 0.6900875 -0.5615627 -0.1359503 0.8161893 -0.5597766 -3.88548e-6 0.8286436 -0.5708554 -0.08929079 0.816181 -0.689905 -0.2186626 0.6900853 -0.5171675 -0.2142144 0.8286435 -0.6425022 -0.3331928 0.6900533 -0.4667902 -0.3405019 0.8161897 -0.5171762 -0.2142109 0.828639 -0.5650857 -0.452118 0.6901214 -0.391392 -0.425026 0.8161895 -0.4654347 -0.3109984 0.8286439 -0.4660469 -0.5536968 0.6900871 -0.3009524 -0.4932162 0.8161897 -0.3958181 -0.3958247 0.828644 -0.3491078 -0.6339573 0.6900883 -0.1989423 -0.5424674 0.816181 -0.3109917 -0.4654399 0.8286435 -0.2428921 -0.5242499 0.8161897 -0.2014375 -0.695127 0.690088 -0.1092094 -0.5490196 0.828644 -0.07992857 -0.7192976 0.6900888 0.02378296 -0.5772948 0.8161895 -0.1092028 -0.5490213 0.8286437 -0.02378219 -0.5772946 0.8161895 0.07990872 -0.7193006 0.6900879 0.1092035 -0.5490209 0.8286439 0.2014396 -0.6951268 0.6900877 0.2428939 -0.5242496 0.8161893 0.1091998 -0.5490295 0.8286388 0.3331936 -0.6425016 0.6900534 0.3405026 -0.4667896 0.8161897 0.2142117 -0.5171757 0.8286391 0.3009546 -0.4932152 0.8161894 0.4660492 -0.5536954 0.6900866 0.3958201 -0.3958235 0.8286437 0.5536969 -0.4660475 0.6900866 0.4932163 -0.300953 0.8161894 0.3958247 -0.3958188 0.8286437 0.466791 -0.3405014 0.8161894 0.6425029 -0.3331921 0.690053 0.5171768 -0.2142103 0.8286388 0.5242502 -0.2428926 0.8161892 0.6951273 -0.2014379 0.6900875 0.5490201 -0.1092099 0.8286436 0.7192975 -0.07992845 0.6900889 0.5772947 0.02378296 0.8161895 0.5490211 -0.1092028 0.8286439 0.5772951 -0.02378177 0.8161893 0.7193009 0.0799092 0.6900875 0.5490212 0.1092039 0.8286437 0.6951265 0.20144 0.6900877 0.5242493 0.2428942 0.8161894 0.5490293 0.1092002 0.8286389 0.6425017 0.3331941 0.6900531 0.4667898 0.340503 0.8161894 0.517176 0.2142121 0.8286387 0.4932159 0.3009538 0.8161893 0.553696 0.4660485 0.6900866 0.3958241 0.3958193 0.8286436 0.4250258 0.3913929 0.8161892 0.4521173 0.5650867 0.690121 0.3109981 0.4654354 0.8286436 0.349107 0.6339576 0.6900886 0.1989416 0.5424674 0.8161811 0.3109911 0.46544 0.8286436 0.2428922 0.52425 0.8161896 0.2014374 0.6951271 0.6900879 0.1092095 0.5490198 0.8286439 0.07992857 0.7192977 0.6900887 -0.02378237 0.5772946 0.8161896 0.1092032 0.5490213 0.8286437 0.02676457 0.7309495 0.6819066 -0.1108645 0.8394403 0.5320235 -0.1385456 0.696454 0.7041002 -0.2188354 0.8179646 0.5320198 -0.3044185 0.6650993 0.6818889 -0.1385331 0.6964487 0.7041078 -0.2550243 0.685596 0.681851 -0.4236136 0.7331544 0.5320116 -0.3945366 0.5904197 0.704092 -0.5151885 0.6719922 0.5319843 -0.5357841 0.4979754 0.6818768 -0.3945475 0.5904245 0.7040818 -0.6364087 0.5585186 0.532016 -0.6226097 0.3838852 0.6819012 -0.5021452 0.5021367 0.704066 -0.7331546 0.4236124 0.5320122 -0.6855961 0.2550229 0.6818513 -0.59042 0.3945354 0.7040925 -0.6650995 0.3044189 0.6818885 -0.8179649 0.2188359 0.5320192 -0.6964491 0.1385337 0.7041074 -0.8394405 0.1108642 0.5320234 -0.7309495 -0.02676498 0.6819066 -0.6964541 0.1385452 0.7041002 -0.8449407 -0.05505323 0.5320194 -0.7116835 -0.1688508 0.6819063 -0.710101 1.2733e-5 0.7040998 -0.7221261 -0.1163513 0.6819064 -0.8016912 -0.2724819 0.5320196 -0.6560787 -0.2717374 0.7040736 -0.7595549 -0.3742077 0.5320197 -0.5928964 -0.4283625 0.6818941 -0.6561011 -0.2717424 0.7040507 -0.6719923 -0.5151891 0.5319838 -0.4979755 -0.5357845 0.6818764 -0.5904247 -0.3945479 0.7040814 -0.558519 -0.6364079 0.5320166 -0.3838856 -0.6226089 0.6819019 -0.5021371 -0.5021441 0.7040665 -0.4236127 -0.7331549 0.5320115 -0.2550234 -0.6855965 0.6818509 -0.3945358 -0.5904204 0.7040919 -0.3044184 -0.6650992 0.6818889 -0.2188352 -0.8179646 0.5320199 -0.1385331 -0.6964487 0.7041078 -0.1108636 -0.8394403 0.5320238 0.02676546 -0.7309493 0.6819068 -0.1385447 -0.6964539 0.7041003 -0.02676427 -0.7309495 0.6819065 0.110865 -0.8394404 0.5320234 0.1385459 -0.696454 0.7041001 0.2188365 -0.8179641 0.5320202 0.3044193 -0.6650986 0.6818892 0.1385225 -0.6964583 0.7041005 0.374209 -0.7595544 0.5320196 0.4283636 -0.5928958 0.6818938 0.2717436 -0.6561008 0.7040506 0.3838868 -0.6226088 0.6819012 0.5585202 -0.6364074 0.5320159 0.5021381 -0.502144 0.704066 0.4979765 -0.5357837 0.6818763 0.6719931 -0.5151879 0.5319837 0.5904255 -0.394547 0.7040812 0.5928969 -0.4283619 0.681894 0.7595553 -0.3742069 0.5320196 0.6561015 -0.2717418 0.7040507 0.8016917 -0.2724804 0.5320196 0.7221132 -0.1163578 0.6819189 0.6560791 -0.2717361 0.7040736 0.8394407 -0.1108633 0.5320233 0.7309496 0.02676576 0.6819063 0.6964544 -0.1385444 0.7040999 0.8449403 0.05505561 0.5320196 0.7116827 0.1688531 0.6819065 0.7101008 -1.04979e-5 0.7041001 0.817964 0.2188376 0.5320199 0.6650983 0.3044204 0.6818889 0.6964583 0.1385236 0.7041003 0.6855959 0.2550238 0.6818513 0.7331541 0.4236134 0.5320121 0.5904195 0.3945361 0.7040924 0.622609 0.3838866 0.6819012 0.6364076 0.55852 0.5320158 0.5021441 0.5021379 0.7040659 0.5357829 0.4979767 0.6818767 0.515187 0.6719934 0.5319842 0.3945461 0.5904256 0.7040817 0.4236119 0.7331551 0.5320119 0.2550226 0.6855965 0.6818513 0.3945351 0.5904203 0.7040922 0.2724799 0.8016918 0.5320197 0.1163573 0.7221133 0.681919 0.2717357 0.6560792 0.7040737 0.1108631 0.8394405 0.5320236 -0.0267654 0.7309492 0.6819068 0.1385447 0.6964541 0.7041003 0.02839809 0.8533337 0.5205911 -0.133042 0.9254519 0.3547376 -0.1625718 0.8173342 0.5527524 -0.1386313 0.8424658 0.5206083 -0.3110506 0.8817248 0.3546957 -0.3189014 0.7699129 0.5527532 -0.3003197 0.7992455 0.5205909 -0.4770694 0.8040934 0.3547374 -0.4629455 0.6929413 0.5527331 -0.4504694 0.7253248 0.5205586 -0.6247738 0.6955709 0.354738 -0.5892741 0.5892638 0.5527425 -0.6955705 0.6247738 0.3547387 -0.7253245 0.4504694 0.5205592 -0.5892634 0.5892739 0.5527431 -0.8040931 0.4770696 0.3547379 -0.7992451 0.3003197 0.5205913 -0.6929409 0.4629455 0.5527336 -0.7775098 0.3527936 0.5205913 -0.905938 0.2312307 0.3546951 -0.8173224 0.1625958 0.552763 -0.9254519 0.133041 0.3547378 -0.8533338 -0.0283994 0.5205911 -0.8173344 0.1625705 0.5527526 -0.9336245 -0.05006247 0.3547382 -0.8313965 -0.1943314 0.5205914 -0.8333452 -7.61449e-6 0.5527529 -0.8424658 -0.1386328 0.520608 -0.8817138 -0.3110333 0.3547381 -0.7699126 -0.3189027 0.5527529 -0.8433989 -0.4035334 0.3547382 -0.6937744 -0.4976573 0.5205905 -0.769908 -0.3189135 0.552753 -0.7484896 -0.5603166 0.3546952 -0.5833175 -0.6234922 0.520575 -0.6929242 -0.4629722 0.5527323 -0.6247729 -0.6955713 0.3547388 -0.4504684 -0.7253251 0.5205592 -0.5892731 -0.5892642 0.5527431 -0.4770689 -0.8040936 0.3547377 -0.300319 -0.7992457 0.5205911 -0.4629449 -0.6929415 0.5527334 -0.3527925 -0.7775104 0.5205911 -0.2312296 -0.9059385 0.3546949 -0.1625946 -0.8173227 0.5527628 -0.1330411 -0.9254516 0.3547385 0.02839916 -0.8533332 0.5205918 -0.1625708 -0.8173339 0.5527533 -0.02839797 -0.8533334 0.5205916 0.1330424 -0.9254515 0.3547382 0.1625719 -0.8173338 0.5527529 0.231232 -0.9059377 0.3546953 0.3527948 -0.7775092 0.5205914 0.162597 -0.817322 0.5527631 0.4035336 -0.8433986 0.3547386 0.4976574 -0.6937741 0.5205908 0.3189136 -0.7699078 0.5527533 0.5603178 -0.7484886 0.3546953 0.6234931 -0.5833164 0.5205751 0.4629734 -0.6929233 0.5527324 0.5833177 -0.6234923 0.5205746 0.7484682 -0.5603183 0.3547376 0.6929244 -0.4629723 0.5527319 0.6937755 -0.4976555 0.5205907 0.8433997 -0.4035314 0.3547384 0.7699088 -0.3189115 0.5527532 0.7775099 -0.3527929 0.5205916 0.9059381 -0.23123 0.3546954 0.8173223 -0.162595 0.5527632 0.925452 -0.1330397 0.3547381 0.8533335 0.02840059 0.5205914 0.8173344 -0.1625694 0.5527529 0.9336245 0.05006319 0.354738 0.8313964 0.1943318 0.5205913 0.8333453 8.13603e-6 0.5527527 0.8424659 0.1386327 0.5206076 0.8817139 0.3110333 0.3547378 0.7699128 0.3189027 0.5527526 0.8433981 0.4035355 0.3547378 0.6937734 0.4976591 0.5205901 0.7699075 0.3189155 0.5527527 0.7253242 0.4504709 0.5205584 0.6955698 0.6247751 0.3547377 0.589263 0.5892753 0.5527423 0.6247722 0.695572 0.3547384 0.4504677 0.7253257 0.5205589 0.5892726 0.5892649 0.5527428 0.4976553 0.6937756 0.5205906 0.4035312 0.8433998 0.3547384 0.3189114 0.7699089 0.5527532 0.3110492 0.8817256 0.3546951 0.1386297 0.8424664 0.5206075 0.3189 0.7699139 0.5527527 0.1943287 0.8313966 0.5205922 0.05006045 0.9336245 0.3547384 5.14695e-6 0.833345 0.5527532 -0.04674661 0.9851864 0.1649923 -0.212018 0.916068 0.3403937 1.54525e-5 0.9247722 0.3805214 -0.2380486 0.9571365 0.1649929 -0.3866978 0.8570793 0.3404116 -0.1803987 0.9070057 0.3805218 -0.4202024 0.8923044 0.1649934 -0.5464429 0.7652006 0.3403947 -0.3539164 0.8543829 0.3804907 -0.5862177 0.7931656 0.1650368 -0.6852521 0.6438554 0.3404113 -0.5137627 0.7689287 0.3805216 -0.643855 0.6852524 0.3404116 -0.7931814 0.5862087 0.164993 -0.7689284 0.513763 0.3805219 -0.8451235 0.5084721 0.164993 -0.8794832 0.33261 0.3404115 -0.7689405 0.513768 0.3804903 -0.8570793 0.3866978 0.3404114 -0.9571365 0.2380486 0.1649928 -0.9070058 0.1803988 0.3805217 -0.9753714 0.146333 0.1650371 -0.9398208 -0.02927309 0.3404115 -0.9070192 0.1803979 0.3804903 -0.9851863 -0.0467478 0.1649928 -0.9160676 -0.2120193 0.340394 -0.9247721 1.41636e-5 0.3805217 -0.9571367 -0.238048 0.164993 -0.8570795 -0.3866973 0.3404117 -0.9070058 -0.1803982 0.3805219 -0.8923042 -0.4202031 0.1649928 -0.7652003 -0.5464435 0.3403941 -0.8543829 -0.3539171 0.3804901 -0.7976951 -0.4977979 0.3404115 -0.7296866 -0.6635773 0.1649929 -0.6539013 -0.6539238 0.3805218 -0.685252 -0.6438555 0.3404115 -0.5862175 -0.7931658 0.165037 -0.5137625 -0.7689287 0.3805218 -0.5464748 -0.7651705 0.3404108 -0.4202018 -0.892305 0.164992 -0.3539159 -0.8543836 0.3804895 -0.386697 -0.8570799 0.3404107 -0.2380477 -0.9571368 0.164992 -0.180398 -0.9070063 0.380521 -0.2120171 -0.9160681 0.3403941 -0.04674571 -0.9851864 0.1649927 1.62895e-5 -0.924772 0.3805217 -0.02927106 -0.9398209 0.3404116 0.1463351 -0.9753711 0.1650372 0.1803998 -0.9070187 0.3804903 0.1546338 -0.9274815 0.3403918 0.3337888 -0.9280899 0.1650285 0.35391 -0.8543718 0.3805215 0.4202039 -0.8923039 0.1649927 0.5464441 -0.7651999 0.340394 0.3538817 -0.8543835 0.3805217 0.5862092 -0.793181 0.1649934 0.685227 -0.6438909 0.3403946 0.5137635 -0.7689278 0.3805223 0.7296875 -0.6635764 0.1649931 0.7976958 -0.4977966 0.3404116 0.6539022 -0.6539227 0.3805219 0.8451243 -0.5084707 0.1649929 0.8794739 -0.3326523 0.3403941 0.7689118 -0.5137876 0.3805218 0.9280906 -0.3337866 0.1650286 0.9274735 -0.154639 0.3404113 0.8543726 -0.3539081 0.3805216 0.9160678 -0.2120183 0.340394 0.9851863 -0.04674661 0.1649928 0.9247721 1.52534e-5 0.3805217 0.9851863 0.04674905 0.1649928 0.9160673 0.2120204 0.3403941 0.924772 -1.30311e-5 0.3805217 0.9571363 0.2380498 0.1649926 0.8570789 0.3866989 0.3404113 0.9070134 0.1803875 0.3805091 0.8923038 0.4202042 0.1649927 0.7651997 0.5464444 0.340394 0.8543833 0.353882 0.3805216 0.7976939 0.4977996 0.3404116 0.7296851 0.663579 0.1649929 0.6539328 0.6539106 0.3804903 0.685251 0.6438563 0.3404117 0.5862165 0.7931665 0.1650372 0.5137614 0.7689293 0.380522 0.5084701 0.8451246 0.1649933 0.3326516 0.8794741 0.3403946 0.513787 0.7689121 0.3805222 0.3337861 0.9280905 0.1650299 0.1546384 0.9274731 0.3404123 0.3539075 0.8543723 0.3805227 0.2120167 0.9160679 0.3403946 0.04674571 0.9851865 0.1649929 -1.67191e-5 0.9247719 0.3805219 0.02959394 0.9882937 0.1496657 -0.1506893 0.9881229 -0.03009808 -0.1913671 0.9621729 0.1939126 -0.23894 0.9705675 -0.03010833 -0.4055448 0.9017395 0.1496645 -0.1913727 0.9621653 0.1939444 -0.4236418 0.9053285 -0.03013479 -0.5737081 0.8052667 0.1496821 -0.3753934 0.9063503 0.1939306 -0.5244207 0.8381995 0.149682 -0.674265 0.7378759 -0.03009957 -0.6936898 0.6936715 0.1939442 -0.7378902 0.674249 -0.03010773 -0.8381993 0.5244206 0.1496827 -0.6937001 0.6936703 0.1939119 -0.8552511 0.5173385 -0.03010833 -0.924409 0.3508129 0.1496611 -0.8156747 0.5450326 0.1939444 -0.9017392 0.4055451 0.1496646 -0.9705674 0.2389404 -0.03010809 -0.9621652 0.1913731 0.1939446 -0.9881231 0.150688 -0.03009909 -0.9882938 -0.02959537 0.1496647 -0.9621603 0.1913979 0.1939446 -0.9985344 -0.04497957 -0.03009927 -0.9635306 -0.2218322 0.1496645 -0.9810191 -2.09734e-5 0.1939115 -0.9705672 -0.2389414 -0.03010827 -0.9017389 -0.4055461 0.1496644 -0.9621651 -0.1913741 0.1939443 -0.924409 -0.3508126 0.1496611 -0.8552622 -0.5173197 -0.03011703 -0.8156749 -0.5450322 0.1939445 -0.8381989 -0.5244216 0.1496824 -0.7378895 -0.6742497 -0.03010803 -0.6936994 -0.6936711 0.1939116 -0.6742645 -0.7378762 -0.03009951 -0.5244202 -0.8381997 0.1496821 -0.6936894 -0.6936718 0.1939443 -0.5173377 -0.8552516 -0.03010725 -0.350812 -0.9244092 0.149662 -0.5450316 -0.815675 0.1939454 -0.3405085 -0.9397604 -0.03007298 -0.1637356 -0.9750826 0.1496821 -0.3753994 -0.9063519 0.1939113 -0.1506882 -0.9881231 -0.03009831 0.02963948 -0.9882897 0.1496831 -0.1913981 -0.9621601 0.1939454 -0.02959322 -0.9882939 0.1496645 0.15069 -0.9881228 -0.03009927 0.1913677 -0.9621731 0.1939115 0.2389417 -0.9705671 -0.03010833 0.4055464 -0.9017388 0.1496644 0.1913744 -0.962165 0.1939443 0.4236598 -0.9053215 -0.03009116 0.5737088 -0.8052662 0.1496815 0.3753943 -0.90635 0.19393 0.5244219 -0.8381985 0.1496827 0.6742501 -0.7378892 -0.03010767 0.6936714 -0.693699 0.1939119 0.6778693 -0.7197837 0.1496822 0.8052621 -0.5921545 -0.03009933 0.8156762 -0.5450418 0.1939114 0.8552517 -0.5173376 -0.03010815 0.9244093 -0.3508119 0.1496612 0.8156752 -0.5450316 0.1939446 0.9397602 -0.3405092 -0.03007274 0.9750823 -0.1637364 0.1496824 0.9063515 -0.3754001 0.1939116 0.9881232 -0.1506869 -0.03009951 0.9882938 0.02959644 0.1496642 0.9621606 -0.1913968 0.1939442 0.9985331 0.0450021 -0.03010821 0.9635303 0.2218332 0.1496645 0.9810191 2.20463e-5 0.1939115 0.9750821 0.1637387 0.1496821 0.9397593 0.3405115 -0.03007298 0.9063507 0.3754023 0.1939113 0.9053275 0.4236438 -0.03013485 0.8052653 0.5737099 0.149682 0.9063495 0.3753955 0.1939306 0.8052733 0.59214 -0.03009027 0.6779013 0.7197572 0.1496646 0.8156882 0.5450122 0.1939446 0.6742634 0.7378774 -0.03009951 0.524458 0.8381792 0.1496643 0.6936883 0.6936729 0.1939443 0.5737064 0.8052678 0.1496818 0.4236572 0.9053227 -0.03009086 0.3753916 0.9063511 0.1939303 0.4055433 0.9017401 0.1496649 0.2389384 0.9705679 -0.03010767 0.191371 0.9621655 0.193945 0.1506875 0.9881231 -0.03009849 -0.02959531 0.9882937 0.1496658 0.1913978 0.9621602 0.1939454 -0.04460865 0.973725 -0.2233153 -0.2238442 0.9736412 -0.04378044 -6.78748e-6 1 8.13644e-6 -0.1658005 0.985188 -0.04375916 -0.3314017 0.9166911 -0.2232721 -0.382633 0.9239004 -1.17868e-5 -0.4138226 0.8825447 -0.2233068 -0.5793941 0.813872 -0.04375916 -0.382632 0.923901 1.39002e-5 -0.5301865 0.84675 -0.0437808 -0.6569844 0.7200706 -0.2233157 -0.707102 0.7071116 7.6741e-6 -0.7200899 0.6569777 -0.2232733 -0.8467499 0.5301867 -0.04378175 -0.7071114 0.7071022 6.83102e-6 -0.834406 0.5038818 -0.2233158 -0.9339166 0.3547974 -0.0438022 -0.8314734 0.5555645 7.61979e-6 -0.9166909 0.3314022 -0.2232723 -0.9851879 0.1658009 -0.04375946 -0.9239003 0.3826334 -1.19495e-5 -0.9736411 0.2238444 -0.04378092 -0.9737339 0.04462742 -0.2232725 -1 6.96263e-6 7.56234e-6 -0.9986028 0.02959346 -0.04378074 -0.9637302 -0.1461979 -0.2232724 -0.9807836 -0.1950991 -6.19888e-6 -0.9851879 -0.1658009 -0.04375988 -0.9166908 -0.3314021 -0.2232728 -0.9239003 -0.3826335 -1.24648e-5 -0.933916 -0.354799 -0.04380238 -0.8344051 -0.5038831 -0.223316 -0.8314804 -0.5555542 2.1562e-5 -0.7848396 -0.5780631 -0.2233155 -0.6851994 -0.7270399 -0.04375952 -0.8314816 -0.5555522 -2.0271e-5 -0.656984 -0.7200709 -0.2233157 -0.530186 -0.8467503 -0.04378092 -0.7071115 -0.7071021 -6.38265e-6 -0.5793938 -0.8138723 -0.04375976 -0.4138221 -0.8825446 -0.2233073 -0.3826629 -0.923888 -2.05785e-5 -0.3314008 -0.9166911 -0.2232731 -0.1657996 -0.9851881 -0.04376024 -0.3826321 -0.9239009 -1.27644e-5 -0.1462121 -0.9637178 -0.2233163 0.02959585 -0.9986028 -0.04378145 -0.1950967 -0.980784 -6.95902e-6 0.04462796 -0.9737341 -0.223272 0.2238449 -0.973641 -0.04378038 7.45803e-6 -1 8.19116e-6 0.2337169 -0.9463119 -0.2233163 0.4094358 -0.911289 -0.04375779 0.1950981 -0.9807838 7.08777e-6 0.4138234 -0.8825441 -0.2233073 0.5793881 -0.8138775 -0.04373842 0.3826329 -0.9239005 1.33996e-5 0.5780645 -0.7848388 -0.2233153 0.7270411 -0.6851981 -0.04375916 0.5555537 -0.8314808 -1.99954e-5 0.7200711 -0.6569838 -0.2233158 0.8467506 -0.5301858 -0.04378092 0.7071023 -0.7071114 -6.38637e-6 0.8138727 -0.579393 -0.04375976 0.8825451 -0.4138214 -0.2233074 0.9238884 -0.3826621 -2.06083e-5 0.9166916 -0.3314002 -0.2232726 0.9851883 -0.1657987 -0.04375976 0.9239011 -0.3826314 -1.22724e-5 0.9736413 -0.2238433 -0.04378092 0.973725 -0.04460775 -0.2233158 1 -5.87961e-6 7.56234e-6 0.9737249 0.04461091 -0.2233157 0.9736406 0.2238465 -0.04378092 1 -4.90993e-6 -6.45168e-6 0.946312 0.2337171 -0.223316 0.911289 0.4094359 -0.04375743 0.9807837 0.1950983 7.48946e-6 0.8825435 0.413825 -0.2233069 0.8138765 0.5793896 -0.04373812 0.9238999 0.3826344 1.37037e-5 0.7848387 0.5780647 -0.2233151 0.685198 0.7270413 -0.04375892 0.8314807 0.5555538 -1.97379e-5 0.6569831 0.7200719 -0.2233152 0.5301849 0.846751 -0.04378038 0.7071107 0.707103 -5.8813e-6 0.5038804 0.8344067 -0.2233164 0.3547959 0.9339172 -0.04380273 0.5555632 0.8314744 7.04645e-6 0.3314 0.9166917 -0.223272 0.1657986 0.9851883 -0.04375916 0.3826313 0.9239012 -1.16652e-5 0.2238426 0.9736415 -0.04378002 0.04462623 0.9737341 -0.2232722 5.33159e-6 1 8.18074e-6 -0.04558491 0.9121606 -0.4072901 -0.2181278 0.9477577 -0.2327567 1.48416e-5 0.9810179 -0.1939175 -0.1611257 0.9591002 -0.2327348 -0.3069537 0.8601718 -0.4072887 -0.3753877 0.9063513 -0.193937 -0.3451412 0.9092369 -0.2327358 -0.4688622 0.7837836 -0.4072487 -0.545037 0.8156782 -0.1939173 -0.5446723 0.7331083 -0.407289 -0.7079461 0.6668184 -0.2327351 -0.5450124 0.8156948 -0.1939164 -0.6668188 0.7079458 -0.232735 -0.7331086 0.5446721 -0.4072889 -0.8156711 0.5450357 -0.1939504 -0.7837836 0.4688628 -0.407248 -0.9092367 0.3451417 -0.2327353 -0.815678 0.5450374 -0.1939166 -0.8601717 0.3069527 -0.4072895 -0.9591002 0.1611246 -0.2327355 -0.9063516 0.3753867 -0.1939377 -0.9035478 0.1332311 -0.4072482 -0.9721053 -0.02908122 -0.2327355 -0.9621649 0.191368 -0.1939508 -0.9721053 0.02908122 -0.2327354 -0.9035477 -0.133231 -0.4072483 -0.9621649 -0.1913681 -0.193951 -0.8857488 -0.2226441 -0.4072821 -0.8870004 -0.3988286 -0.232736 -0.9621707 -0.1913735 -0.1939167 -0.8252921 -0.3912064 -0.4072479 -0.7921196 -0.5642526 -0.232735 -0.9063485 -0.3754053 -0.1939163 -0.7331082 -0.5446722 -0.4072893 -0.6668183 -0.707946 -0.2327355 -0.8156707 -0.5450361 -0.193951 -0.6127618 -0.6772286 -0.407289 -0.5159264 -0.8244057 -0.2327557 -0.693695 -0.6936741 -0.1939165 -0.564252 -0.7921198 -0.2327361 -0.3912057 -0.8252918 -0.4072489 -0.3754046 -0.9063484 -0.1939175 -0.3069533 -0.8601718 -0.407289 -0.1611251 -0.9591001 -0.2327351 -0.3753872 -0.9063515 -0.1939372 -0.2181267 -0.9477581 -0.232756 -0.0455839 -0.9121609 -0.4072893 1.59768e-5 -0.981018 -0.1939169 0.04558551 -0.9121606 -0.4072899 0.2181285 -0.9477576 -0.2327566 -1.41636e-5 -0.9810179 -0.1939173 0.1611273 -0.9590998 -0.2327352 0.3069552 -0.8601711 -0.4072891 0.3753892 -0.9063506 -0.1939373 0.3451419 -0.9092368 -0.2327353 0.468863 -0.7837835 -0.4072481 0.5450376 -0.815678 -0.1939167 0.5446729 -0.7331077 -0.4072895 0.7079465 -0.6668177 -0.2327356 0.5450131 -0.8156943 -0.193917 0.6772294 -0.6127608 -0.4072893 0.8244063 -0.5159253 -0.232756 0.6936748 -0.6936941 -0.1939169 0.7837845 -0.4688612 -0.4072485 0.9092374 -0.3451399 -0.2327358 0.815679 -0.5450358 -0.1939171 0.8870018 -0.3988255 -0.2327361 0.8857414 -0.2226606 -0.4072892 0.9621715 -0.1913701 -0.1939167 0.9035477 -0.1332311 -0.407248 0.9721052 0.02908116 -0.2327353 0.9621649 -0.191368 -0.1939506 0.9721053 -0.0290789 -0.2327351 0.9035475 0.1332331 -0.4072479 0.9621646 0.1913703 -0.1939505 0.885749 0.2226436 -0.407282 0.8870006 0.3988281 -0.232736 0.9621708 0.191373 -0.1939165 0.8252817 0.3911846 -0.4072895 0.7921187 0.5642536 -0.2327358 0.9063478 0.3754065 -0.193917 0.7331072 0.5446733 -0.4072896 0.6668172 0.707947 -0.2327358 0.8156938 0.5450136 -0.1939172 0.7079445 0.6668202 -0.2327349 0.5446706 0.7331097 -0.4072889 0.5450341 0.8156723 -0.1939504 0.564251 0.7921205 -0.2327359 0.3912046 0.8252924 -0.4072488 0.3754034 0.906349 -0.1939173 0.3988253 0.8870016 -0.2327368 0.2226604 0.8857411 -0.4072901 0.19137 0.9621713 -0.1939176 0.1332299 0.9035476 -0.4072489 -0.02908194 0.9721052 -0.2327356 0.1913671 0.9621651 -0.1939514 -0.04806804 0.8166578 -0.5751172 -0.2049716 0.888288 -0.4110125 -1.48043e-5 0.9247719 -0.3805221 -0.1505253 0.8991269 -0.4109904 -0.2681123 0.7728879 -0.5751175 -0.3539156 0.854384 -0.3804891 -0.3569303 0.7360982 -0.5751176 -0.529302 0.7422317 -0.411013 -0.3539084 0.854372 -0.3805226 -0.4936491 0.6523507 -0.5751079 -0.6639342 0.6247078 -0.4110128 -0.5137699 0.7689399 -0.3804889 -0.6247082 0.6639341 -0.4110124 -0.6523512 0.493649 -0.5751075 -0.7689403 0.5137697 -0.3804886 -0.7422322 0.5293016 -0.4110126 -0.7360987 0.35693 -0.5751172 -0.8543725 0.353908 -0.3805222 -0.7728883 0.2681116 -0.5751172 -0.8991271 0.1505246 -0.4109901 -0.8543837 0.3538805 -0.3805222 -0.888288 0.2049717 -0.4110124 -0.8166578 0.04806828 -0.575117 -0.9247719 1.49473e-5 -0.380522 -0.8166575 -0.04806882 -0.5751174 -0.8882877 -0.2049724 -0.4110128 -0.9247717 -1.56611e-5 -0.3805224 -0.7915796 -0.2064865 -0.5751219 -0.8312315 -0.3743304 -0.4110124 -0.9070192 -0.1804014 -0.3804885 -0.8524604 -0.3230791 -0.4110125 -0.7057681 -0.4137265 -0.5750843 -0.7689277 -0.5137637 -0.3805221 -0.7730511 -0.4831778 -0.4110125 -0.6114422 -0.5434928 -0.5751124 -0.6539227 -0.6539022 -0.3805221 -0.5434919 -0.6114425 -0.5751127 -0.4831475 -0.7730819 -0.4109904 -0.6539013 -0.6539233 -0.3805224 -0.5293017 -0.7422323 -0.4110121 -0.3569301 -0.736099 -0.5751168 -0.353908 -0.8543726 -0.3805217 -0.2681117 -0.7728884 -0.5751171 -0.1505245 -0.8991273 -0.41099 -0.3539148 -0.8543845 -0.3804886 -0.2049707 -0.8882877 -0.4110134 -0.04806727 -0.8166571 -0.575118 -1.39149e-5 -0.9247714 -0.380523 0.04806894 -0.816658 -0.5751165 0.2049632 -0.8882981 -0.4109948 1.57356e-5 -0.9247722 -0.3805214 0.2064864 -0.7915797 -0.5751218 0.3743302 -0.8312315 -0.4110124 0.1804013 -0.9070193 -0.3804885 0.3230798 -0.8524601 -0.4110124 0.4137271 -0.7057678 -0.5750842 0.5137645 -0.7689273 -0.380522 0.4831494 -0.7730811 -0.4109896 0.5434936 -0.6114417 -0.575112 0.653903 -0.6539221 -0.3805218 0.6247093 -0.6639332 -0.4110123 0.652352 -0.4936481 -0.5751074 0.7689122 -0.513787 -0.3805219 0.7057692 -0.4137248 -0.575084 0.8524612 -0.323077 -0.4110123 0.768929 -0.5137619 -0.380522 0.7728881 -0.2681121 -0.5751172 0.8991271 -0.150525 -0.4109901 0.8543835 -0.353881 -0.3805221 0.8882883 -0.20497 -0.4110125 0.8166577 -0.04806667 -0.5751172 0.9247719 -1.31736e-5 -0.3805222 0.9112077 -0.02773451 -0.4110125 0.8103433 0.1121795 -0.5751171 0.9070127 0.1803883 -0.3805103 0.7915794 0.206487 -0.5751219 0.8312311 0.3743309 -0.4110125 0.9070191 0.1804021 -0.3804886 0.85246 0.3230798 -0.4110125 0.7057678 0.4137271 -0.5750843 0.7689271 0.5137645 -0.3805222 0.6523499 0.4936507 -0.5751075 0.6247065 0.6639357 -0.4110124 0.768939 0.5137717 -0.3804885 0.5434918 0.6114425 -0.5751128 0.4831767 0.7730516 -0.4110131 0.6539331 0.6539111 -0.380489 0.4137247 0.7057688 -0.5750845 0.323077 0.852461 -0.4110129 0.5137618 0.7689288 -0.3805224 0.3743693 0.8312248 -0.4109902 0.206484 0.79158 -0.5751222 0.1803985 0.9070196 -0.3804889 0.1121763 0.8103438 -0.5751171 -0.02773749 0.9112079 -0.4110121 0.1803985 0.9070059 -0.3805219 -0.05219066 0.6915451 -0.7204455 -0.184509 0.7982179 -0.5734149 -5.99027e-6 0.8333387 -0.5527628 -0.1350145 0.808073 -0.5734014 -0.2164288 0.6589117 -0.7204124 -0.3188993 0.7699071 -0.5527626 -0.3128305 0.6189919 -0.7204069 -0.4759135 0.6668935 -0.5733756 -0.3189098 0.7699021 -0.5527635 -0.4276372 0.546011 -0.7204154 -0.5968753 0.5612173 -0.5733892 -0.4629547 0.6929289 -0.5527409 -0.5612168 0.5968764 -0.5733886 -0.5460107 0.4276384 -0.720415 -0.6929284 0.4629558 -0.5527406 -0.6668935 0.4759135 -0.5733755 -0.618992 0.3128306 -0.7204068 -0.7699021 0.3189098 -0.5527634 -0.6589108 0.2164291 -0.7204131 -0.8080722 0.1350149 -0.5734023 -0.7699064 0.3188996 -0.5527634 -0.7982175 0.1845082 -0.5734158 -0.6915444 0.05218982 -0.7204462 -0.8333383 5.1707e-6 -0.5527635 -0.8188858 0.02522504 -0.5734019 -0.6884387 -0.08372747 -0.7204456 -0.8173182 -0.1625853 -0.5527721 -0.6680751 -0.1861012 -0.7204458 -0.7468979 -0.3366804 -0.5734021 -0.817325 -0.1625819 -0.5527631 -0.7662053 -0.2900682 -0.5734022 -0.6039854 -0.3408261 -0.7204438 -0.6929249 -0.462956 -0.5527448 -0.546011 -0.4276381 -0.720415 -0.561217 -0.5968761 -0.5733886 -0.6929287 -0.4629556 -0.5527405 -0.5968752 -0.5612182 -0.5733883 -0.4276372 -0.546012 -0.7204146 -0.4629545 -0.6929297 -0.5527401 -0.4759132 -0.6668938 -0.5733754 -0.3128303 -0.6189923 -0.7204067 -0.3189095 -0.7699022 -0.5527632 -0.2164278 -0.6589114 -0.720413 -0.1350134 -0.8080728 -0.5734021 -0.3188981 -0.7699069 -0.5527633 -0.1845082 -0.7982182 -0.5734147 -0.05218988 -0.6915453 -0.7204452 -5.06127e-6 -0.8333389 -0.5527626 0.05219095 -0.6915441 -0.7204462 0.1845095 -0.7982171 -0.5734159 6.48946e-6 -0.8333382 -0.5527637 0.186102 -0.6680751 -0.7204455 0.3366811 -0.7468978 -0.5734018 0.1625828 -0.817325 -0.5527629 0.290068 -0.7662051 -0.5734024 0.3408257 -0.6039853 -0.7204442 0.4629558 -0.6929247 -0.5527452 0.4276381 -0.546011 -0.720415 0.596876 -0.561217 -0.5733886 0.4629557 -0.6929287 -0.5527404 0.5259196 -0.4521244 -0.7204111 0.6949273 -0.4339333 -0.5733916 0.5892641 -0.589254 -0.5527636 0.6039863 -0.3408249 -0.7204436 0.766206 -0.2900667 -0.5734019 0.6929261 -0.4629546 -0.5527445 0.6589112 -0.2164281 -0.7204131 0.8080725 -0.1350136 -0.5734022 0.7699068 -0.3188984 -0.5527634 0.7982178 -0.1845075 -0.5734155 0.6915447 -0.05218929 -0.7204459 0.8333384 -4.42797e-6 -0.5527633 0.8188855 -0.02522563 -0.5734023 0.6884382 0.08372676 -0.7204462 0.8173179 0.1625848 -0.5527728 0.8080723 0.1350163 -0.5734021 0.6589106 0.2164302 -0.7204129 0.7699059 0.3189009 -0.5527632 0.6189911 0.3128324 -0.7204067 0.6668923 0.4759155 -0.5733753 0.7699012 0.3189121 -0.5527634 0.5460109 0.4276387 -0.7204147 0.5612166 0.5968768 -0.5733884 0.6929284 0.4629564 -0.5527401 0.4521243 0.5259205 -0.7204105 0.433933 0.6949282 -0.5733909 0.5892539 0.5892649 -0.5527629 0.3408242 0.603987 -0.7204434 0.2900658 0.7662065 -0.5734016 0.4629539 0.6929268 -0.5527444 0.2164275 0.6589113 -0.7204131 0.135013 0.8080726 -0.5734024 0.3188978 0.769907 -0.5527635 0.08372503 0.6884384 -0.7204461 -0.02522724 0.8188856 -0.5734022 0.1625829 0.8173182 -0.5527727 -0.05809897 0.542974 -0.8377373 -0.1569353 0.6808108 -0.7154496 3.67686e-6 0.7101157 -0.704085 -0.1155456 0.6890435 -0.7154496 -0.1541105 0.523876 -0.8377374 -0.2717303 0.6560832 -0.7040721 -0.2614466 0.4794178 -0.8377377 -0.4055306 0.5689148 -0.7154586 -0.2717342 0.6560992 -0.7040557 -0.3704675 0.5923377 -0.7154648 -0.3428587 0.4250228 -0.8377372 -0.5021246 0.5021401 -0.7040783 -0.4250224 0.3428583 -0.8377376 -0.5923374 0.3704671 -0.7154653 -0.5021398 0.5021243 -0.7040788 -0.483744 0.2533528 -0.8377375 -0.6532968 0.2477298 -0.7154253 -0.5904237 0.3945313 -0.7040916 -0.5238754 0.1541106 -0.8377379 -0.689043 0.1155456 -0.7154502 -0.6560826 0.2717303 -0.7040726 -0.6807986 0.1569464 -0.7154587 -0.5429741 0.05809855 -0.8377374 -0.7101158 -4.21656e-6 -0.7040849 -0.5429737 -0.05809921 -0.8377376 -0.6808105 -0.1569356 -0.7154498 -0.7101155 3.39001e-6 -0.7040852 -0.5212117 -0.1628928 -0.8377376 -0.6371415 -0.2867213 -0.7154311 -0.6964721 -0.138533 -0.7040847 -0.653297 -0.24773 -0.715425 -0.4837444 -0.2533529 -0.8377373 -0.5904238 -0.3945315 -0.7040914 -0.4191881 -0.3499677 -0.8377374 -0.4789013 -0.5087223 -0.7154405 -0.5904008 -0.394537 -0.7041077 -0.3428581 -0.4250228 -0.8377375 -0.3704668 -0.5923378 -0.7154651 -0.502124 -0.5021402 -0.7040787 -0.4055294 -0.5689147 -0.7154593 -0.2614455 -0.4794173 -0.8377383 -0.2717331 -0.6560989 -0.7040565 -0.1541105 -0.5238763 -0.8377373 -0.1155453 -0.6890438 -0.7154495 -0.27173 -0.6560836 -0.7040719 -0.1569455 -0.6807985 -0.7154589 -0.05809783 -0.5429739 -0.8377375 5.04404e-6 -0.7101157 -0.7040851 0.05809909 -0.5429742 -0.8377372 0.1569355 -0.6808108 -0.7154495 -3.40119e-6 -0.710116 -0.7040848 0.1629117 -0.5212069 -0.8377369 0.2867217 -0.6371416 -0.7154309 0.1385334 -0.6964722 -0.7040845 0.2614467 -0.479417 -0.837738 0.4055308 -0.5689141 -0.7154591 0.2717345 -0.6560986 -0.7040562 0.3499677 -0.4191882 -0.8377374 0.5087224 -0.4789013 -0.7154405 0.3945371 -0.5904008 -0.7041075 0.4789025 -0.5087215 -0.7154405 0.4191889 -0.349967 -0.8377373 0.5904017 -0.3945358 -0.7041076 0.5689153 -0.405529 -0.715459 0.4794179 -0.2614452 -0.837738 0.6560993 -0.2717326 -0.7040562 0.5238766 -0.1541099 -0.8377372 0.6890441 -0.1155446 -0.7154493 0.656084 -0.2717293 -0.7040718 0.6807985 -0.1569464 -0.7154589 0.5429738 -0.05809867 -0.8377374 0.7101156 4.28595e-6 -0.7040852 0.5429742 0.05809944 -0.8377372 0.6808108 0.156936 -0.7154495 0.710116 -2.95788e-6 -0.7040848 0.6890434 0.1155471 -0.7154496 0.5238757 0.1541118 -0.8377373 0.6560943 0.2717204 -0.7040656 0.6532964 0.2477313 -0.7154251 0.4837437 0.253354 -0.8377374 0.5904231 0.3945327 -0.7040914 0.4191876 0.3499682 -0.8377375 0.4789006 0.508723 -0.7154406 0.5904002 0.3945377 -0.7041078 0.5087213 0.4789025 -0.7154405 0.3499669 0.4191888 -0.8377375 0.3945357 0.5904016 -0.7041077 0.2533525 0.4837448 -0.8377371 0.2477291 0.6532974 -0.7154249 0.3945395 0.590411 -0.7040976 0.2867199 0.6371421 -0.7154312 0.1629104 0.5212069 -0.8377373 0.1385314 0.6964722 -0.7040849 0.0489453 0.5438756 -0.8377373 -0.02110099 0.6983458 -0.7154494 0.1385527 0.6964614 -0.7040914 -0.09061276 0.3528689 -0.931275 -0.1227093 0.5392492 -0.8331583 -7.89762e-6 0.5597619 -0.8286535 -0.1577144 0.328411 -0.9312747 -0.2255553 0.5049483 -0.833158 -0.109201 0.549044 -0.8286289 -0.1975499 0.5165841 -0.8331357 -0.1206861 0.3437597 -0.9312702 -0.31098 0.4654297 -0.8286535 -0.294538 0.4680759 -0.833158 -0.1854431 0.3135895 -0.9312747 -0.3958058 0.3958175 -0.8286533 -0.3135894 0.1854424 -0.9312748 -0.4680759 0.2945375 -0.8331583 -0.3958176 0.3958052 -0.8286536 -0.3437601 0.1206861 -0.93127 -0.5165845 0.1975497 -0.8331355 -0.4654302 0.3109799 -0.8286533 -0.360685 0.05132091 -0.9312747 -0.5451985 0.09297299 -0.8331355 -0.5171561 0.2142034 -0.8286534 -0.5392498 0.1227104 -0.8331578 -0.3528695 0.09061378 -0.9312746 -0.5597624 8.82987e-6 -0.8286532 -0.3528698 -0.09061366 -0.9312745 -0.5392499 -0.1227104 -0.8331578 -0.5597627 -8.89227e-6 -0.8286531 -0.3284102 -0.1577135 -0.9312751 -0.5049683 -0.2255914 -0.833136 -0.5490433 -0.1092003 -0.8286294 -0.5165843 -0.1975502 -0.8331354 -0.3437601 -0.1206864 -0.9312701 -0.4654299 -0.3109803 -0.8286533 -0.4680759 -0.2945378 -0.8331581 -0.3135895 -0.1854426 -0.9312748 -0.3958174 -0.3958055 -0.8286535 -0.1854428 -0.3135899 -0.9312746 -0.2945376 -0.4680764 -0.833158 -0.3958054 -0.3958181 -0.8286532 -0.3197319 -0.4512424 -0.8331578 -0.2187539 -0.2913323 -0.9312745 -0.2142159 -0.5171903 -0.8286288 -0.225592 -0.5049692 -0.8331353 -0.1577144 -0.3284111 -0.9312745 -0.1092008 -0.5490441 -0.8286288 0.02003097 -0.3637664 -0.9312748 0.01515001 -0.5528272 -0.8331583 -0.1091956 -0.549008 -0.8286536 -0.01514899 -0.5528272 -0.8331583 -0.02003031 -0.3637664 -0.9312749 0.109223 -0.5490394 -0.8286291 0.1577147 -0.3284108 -0.9312747 0.2255558 -0.504948 -0.833158 0.1092016 -0.5490438 -0.828629 0.1975498 -0.5165839 -0.8331357 0.1206859 -0.3437597 -0.9312702 0.31098 -0.4654295 -0.8286538 0.2713649 -0.2430645 -0.9312792 0.4016219 -0.3801947 -0.8331577 0.3109956 -0.4654198 -0.8286532 0.3801967 -0.4016199 -0.8331578 0.2430661 -0.2713632 -0.9312791 0.4654216 -0.3109934 -0.828653 0.3437603 -0.1206856 -0.9312701 0.5165848 -0.197549 -0.8331354 0.4654305 -0.3109793 -0.8286533 0.3606848 -0.05132031 -0.9312748 0.5451984 -0.09297215 -0.8331356 0.5171822 -0.2142347 -0.8286291 0.5392774 -0.1227418 -0.8331352 0.3528696 -0.09061342 -0.9312745 0.5597624 -8.24593e-6 -0.8286532 0.5528277 -0.01514869 -0.833158 0.3637669 -0.02003014 -0.9312747 0.5490081 0.1091969 -0.8286533 0.3284102 0.1577141 -0.9312749 0.5049475 0.2255553 -0.8331584 0.5490434 0.1092012 -0.8286293 0.5165843 0.1975505 -0.8331353 0.3437601 0.1206865 -0.93127 0.4654297 0.3109806 -0.8286532 0.2430649 0.2713644 -0.9312793 0.380195 0.4016215 -0.8331578 0.4654203 0.3109953 -0.8286532 0.4016199 0.3801957 -0.8331582 0.2713633 0.243065 -0.9312795 0.3109934 0.4654206 -0.8286537 0.1207001 0.3437423 -0.9312748 0.1975484 0.5165846 -0.8331356 0.3109787 0.4654305 -0.8286536 0.2255909 0.5049692 -0.8331356 0.1577135 0.328411 -0.9312747 0.1091997 0.549044 -0.828629 -0.02003151 0.3637667 -0.9312748 -0.01515024 0.5528274 -0.8331581 0.1092215 0.5490399 -0.828629 -0.04951864 0.1646675 -0.9851053 -0.0735082 0.3468688 -0.9350287 -6.42613e-7 0.3552351 -0.9347771 -0.0806939 0.1518427 -0.9851053 -0.1397682 0.325863 -0.9350285 -0.06930518 0.3484091 -0.934777 -0.1315878 0.3292504 -0.9350288 -0.0503087 0.1644276 -0.9851054 -0.1973393 0.2953821 -0.9347763 -0.1326588 0.1094043 -0.9851052 -0.253831 0.2475712 -0.9350285 -0.1973593 0.2954162 -0.9347614 -0.1514531 0.08142197 -0.9851053 -0.2973023 0.1932923 -0.9350131 -0.2511902 0.2511882 -0.934777 -0.2923486 0.2006388 -0.9350275 -0.1331821 0.1087657 -0.9851054 -0.3281933 0.1359439 -0.9347772 -0.1710839 0.01726531 -0.9851052 -0.3485964 0.06482726 -0.9350283 -0.3281956 0.135941 -0.9347769 -0.1711646 -0.01644301 -0.9851052 -0.3545451 -0.004425942 -0.9350285 -0.34841 0.06930136 -0.9347769 -0.1646674 -0.04951953 -0.9851053 -0.3468687 -0.07350915 -0.9350287 -0.355235 -1.58697e-6 -0.9347771 -0.1518434 -0.08069318 -0.9851052 -0.3258635 -0.1397675 -0.9350284 -0.3484097 -0.06930452 -0.9347768 -0.3292518 -0.1315895 -0.9350281 -0.1644292 -0.05031037 -0.9851051 -0.2953835 -0.1973411 -0.9347755 -0.2973002 -0.1932923 -0.9350138 -0.1514513 -0.08142191 -0.9851056 -0.2511882 -0.2511882 -0.9347775 -0.0814225 -0.1514532 -0.9851053 -0.1932926 -0.2973024 -0.9350129 -0.2511885 -0.2511904 -0.9347769 -0.200637 -0.2923492 -0.9350277 -0.108764 -0.1331827 -0.9851055 -0.1359421 -0.328194 -0.9347772 -0.1397687 -0.325863 -0.9350284 -0.08069455 -0.1518427 -0.9851052 -0.06930559 -0.3484089 -0.934777 0.01644319 -0.1711642 -0.9851053 0.00442624 -0.3545447 -0.9350286 -0.06930106 -0.3484097 -0.934777 -0.004427433 -0.3545448 -0.9350286 -0.01644474 -0.1711642 -0.9851053 0.06929987 -0.3484094 -0.9347772 0.08069312 -0.1518425 -0.9851053 0.1397676 -0.3258627 -0.9350287 0.06930464 -0.3484089 -0.9347771 0.1315899 -0.3292502 -0.9350286 0.05031061 -0.1644276 -0.9851053 0.1973414 -0.2953819 -0.9347759 0.1326564 -0.1094042 -0.9851056 0.2538287 -0.247571 -0.9350292 0.1973572 -0.2954161 -0.9347618 0.2475715 -0.2538303 -0.9350287 0.1094045 -0.1326583 -0.9851053 0.2954164 -0.1973584 -0.9347614 0.164427 -0.05031001 -0.9851054 0.3292498 -0.1315888 -0.9350289 0.2953817 -0.1973405 -0.9347762 0.1710833 -0.01726496 -0.9851053 0.3485959 -0.06482666 -0.9350286 0.3281952 -0.1359405 -0.934777 0.3468694 -0.0735085 -0.9350285 0.1646681 -0.0495193 -0.9851052 0.3552355 -9.16421e-7 -0.9347769 0.1646669 0.04951977 -0.9851055 0.3468682 0.07350951 -0.9350287 0.3552346 2.00607e-6 -0.9347773 0.1518423 0.08069348 -0.9851053 0.3258624 0.1397681 -0.9350287 0.3484086 0.06930506 -0.9347771 0.1331816 0.108766 -0.9851054 0.292348 0.2006394 -0.9350276 0.3281928 0.1359446 -0.9347774 0.1094024 0.1326586 -0.9851055 0.2475693 0.253831 -0.9350291 0.2954142 0.1973593 -0.9347619 0.2538293 0.2475717 -0.9350288 0.1326575 0.1094045 -0.9851055 0.1973575 0.2954165 -0.9347615 0.05031025 0.1644278 -0.9851053 0.1315889 0.3292506 -0.9350286 0.1973406 0.2953826 -0.9347758 0.1397665 0.3258631 -0.9350287 0.08069258 0.1518427 -0.9851053 0.06930345 0.3484091 -0.9347772 -0.01644265 0.1711642 -0.9851053 -0.004425585 0.3545446 -0.9350287 0.06930154 0.3484097 -0.934777 -6.76233e-6 -1.15916e-5 -1 -0.03159803 0.1588729 -0.9867933 -1.18185e-6 0.1619849 -0.9867932 0 -1.30008e-5 -1 -0.06198912 0.1496505 -0.9867939 -0.03159832 0.1588721 -0.9867935 8.65944e-6 -5.05988e-6 -1 -0.08999645 0.134687 -0.9867929 -0.06198626 0.1496559 -0.9867932 1.07521e-6 -1.40835e-5 -1 -0.1145375 0.1145424 -0.9867934 -0.08999472 0.1346843 -0.9867933 9.01148e-6 4.38653e-7 -1 -0.1346892 0.08999598 -0.9867926 -0.1145396 0.1145445 -0.986793 6.74417e-6 -1.31652e-5 -1 -0.1496521 0.06199121 -0.9867935 -0.1346854 0.08999198 -0.9867935 9.39064e-6 -1.18446e-5 -1 -0.1588703 0.03160405 -0.9867936 -0.1496539 0.06198668 -0.9867935 9.7932e-6 8.05315e-6 -1 -0.1619866 2.30782e-6 -0.986793 -0.1588746 0.03159916 -0.986793 1.00244e-5 1.01933e-5 -1 -0.1588726 -0.03159934 -0.9867933 -0.1619847 -2.52854e-6 -0.9867933 1.26059e-5 -5.63916e-6 -1 -0.1496558 -0.0619868 -0.9867933 -0.1588723 -0.03160411 -0.9867932 1.23018e-5 -2.97744e-6 -1 -0.1346881 -0.08999204 -0.9867931 -0.149655 -0.06199127 -0.9867931 6.21192e-6 1.40085e-5 -1 -0.1145387 -0.114539 -0.9867937 -0.1346845 -0.08998745 -0.986794 1.12262e-5 2.41166e-6 -1 -0.08998984 -0.1346883 -0.9867933 -0.1145414 -0.1145425 -0.986793 1.22655e-6 1.38658e-5 -1 -0.06198686 -0.1496538 -0.9867935 -0.08999466 -0.1346805 -0.9867939 1.12634e-5 7.58329e-6 -1 -0.03160452 -0.158872 -0.9867932 -0.06198716 -0.1496556 -0.9867933 7.23638e-6 9.71971e-6 -1 4.28595e-6 -0.1619835 -0.9867935 -0.03160202 -0.158873 -0.9867932 -9.02545e-6 9.74489e-6 -1 0.03160059 -0.1588729 -0.9867933 3.74392e-6 -0.1619849 -0.9867933 4.61284e-6 1.29316e-5 -1 0.06198585 -0.1496554 -0.9867934 0.03160327 -0.1588719 -0.9867933 -1.27526e-5 5.07943e-6 -1 0.08999258 -0.1346868 -0.9867932 0.06199181 -0.1496536 -0.9867933 -1.23642e-5 2.39955e-6 -1 0.1145406 -0.1145423 -0.9867932 0.0899977 -0.1346841 -0.9867932 -5.47804e-6 1.39158e-5 -1 0.1346814 -0.08999586 -0.9867937 0.1145397 -0.1145388 -0.9867936 -1.34425e-5 -3.06685e-6 -1 0.149654 -0.06199097 -0.9867932 0.1346874 -0.0899918 -0.9867933 -1.26878e-5 -5.66337e-6 -1 0.1588723 -0.03160375 -0.9867933 0.1496558 -0.06198644 -0.9867932 -1.20979e-5 1.01356e-5 -1 0.1619827 -2.19187e-6 -0.9867936 0.1588708 -0.03159904 -0.9867936 -9.76538e-6 8.01589e-6 -1 0.1588745 0.03159952 -0.986793 0.1619867 2.64496e-6 -0.986793 -1.13517e-5 -1.19582e-5 -1 0.1496518 0.06198698 -0.9867938 0.1588683 0.03160434 -0.9867939 -1.0245e-5 3.11434e-6 -1 0.1346901 0.08999228 -0.9867928 0.1496569 0.06199151 -0.9867928 -1.07707e-5 3.21772e-7 -1 0.1145376 0.1145448 -0.9867932 0.1346873 0.08999627 -0.9867929 -8.76375e-7 -1.41081e-5 -1 0.0899946 0.1346844 -0.9867934 0.1145375 0.1145426 -0.9867934 2.81632e-6 -1.38443e-5 -1 0.06199061 0.1496537 -0.9867933 0.08999145 0.1346871 -0.9867933 3.07057e-6 -1.29876e-5 -1 0.03160107 0.1588721 -0.9867934 0.0619837 0.1496556 -0.9867934 7.42357e-6 -1.1572e-5 -1 1.56043e-6 0.1619849 -0.9867932 0.03159838 0.158873 -0.9867933 0.007755994 0.3856154 0.922627 -0.07566386 0.3803961 0.9217233 0.03217595 0.2176746 0.9754909 -0.06762993 0.3796754 0.9226446 -0.1484209 0.3583258 0.9217233 -0.01090776 0.2197695 0.9754909 -0.1476693 0.1631121 0.9754939 -0.1484394 0.3583217 0.9217219 -0.2206847 0.3163181 0.9226274 -0.1766551 0.131169 0.9754936 -0.215507 0.3225199 0.9217036 -0.2781638 0.267172 0.9226289 -0.2671853 0.2781559 0.9226274 -0.3225187 0.2155064 0.9217044 -0.1311677 0.1766543 0.9754939 -0.2134187 0.05357319 0.9754908 -0.3225251 0.2154989 0.9217038 -0.3591859 0.1404016 0.9226446 -0.2197695 0.01090782 0.9754909 -0.3583257 0.148421 0.9217234 -0.3796732 0.06761395 0.9226466 -0.3766465 0.08282727 0.9226468 -0.387894 4.43682e-6 0.9217041 -0.2072142 0.07402443 0.975491 -0.3856143 0.007756233 0.9226276 -0.3804342 -0.0756843 0.9217059 -0.2176735 0.03217643 0.9754911 -0.3796726 -0.06761425 0.9226468 -0.3583251 -0.1484212 0.9217235 -0.2197689 -0.010908 0.9754911 -0.3591866 -0.1404018 0.9226443 -0.3225257 -0.2154991 0.9217035 -0.2134194 -0.05357342 0.9754908 -0.3249366 -0.2077872 0.9226272 -0.2742859 -0.2742797 0.9217039 -0.1988661 -0.09417968 0.975491 -0.09417915 -0.1988664 0.9754909 -0.2742871 -0.2742729 0.9217056 -0.2077865 -0.3249371 0.922627 -0.220685 -0.3163184 0.9226272 -0.1484397 -0.358322 0.9217219 -0.1476696 -0.1631124 0.9754938 -0.01090896 -0.2197695 0.9754909 -0.148422 -0.3583258 0.9217231 -0.06763106 -0.3796752 0.9226444 -0.0828278 -0.3766472 0.9226465 -4.89131e-6 -0.3878946 0.9217037 -0.07402497 -0.207215 0.9754908 0.07402509 -0.2072147 0.9754909 5.32623e-6 -0.3878945 0.9217038 0.08282816 -0.3766469 0.9226467 0.1130274 -0.1887918 0.9754909 0.07566726 -0.3803954 0.9217234 0.1547159 -0.353251 0.9226466 0.1404024 -0.3591857 0.9226444 0.2154997 -0.3225248 0.9217036 0.0535739 -0.2134186 0.9754908 0.1766551 -0.1311689 0.9754936 0.2155072 -0.3225198 0.9217036 0.2781639 -0.2671718 0.9226289 0.2671721 -0.278163 0.9226291 0.3225199 -0.215506 0.9217039 0.1311689 -0.1766543 0.9754937 0.213418 -0.05357277 0.9754911 0.3225247 -0.2154983 0.9217041 0.3591854 -0.140401 0.9226448 0.3532508 -0.1547155 0.9226467 0.3803958 -0.07568246 0.9217219 0.1887914 -0.1130273 0.9754909 0.3766469 -0.08282679 0.9226467 0.3878943 -3.95253e-6 0.9217039 0.2072146 -0.0740242 0.9754909 0.3856146 -0.007755994 0.9226273 0.3804345 0.0756846 0.9217057 0.2176739 -0.03217631 0.9754911 0.1887924 0.1130282 0.9754907 0.380396 0.07566809 0.9217231 0.3532516 0.1547167 0.9226463 0.3591853 0.1404023 0.9226446 0.3225244 0.2154996 0.9217039 0.2134182 0.05357372 0.975491 0.1311689 0.1766546 0.9754937 0.3225198 0.2155069 0.9217038 0.2671718 0.2781636 0.922629 0.2781624 0.2671725 0.9226292 0.2155054 0.3225203 0.9217039 0.1766538 0.1311693 0.9754937 0.2206835 0.3163188 0.9226275 0.1484382 0.3583222 0.9217219 0.1476684 0.1631125 0.975494 0.01090657 0.2197695 0.9754909 0.1484194 0.3583261 0.9217234 0.06761234 0.3796734 0.9226467 -0.0321781 0.2176747 0.9754908 0.07566165 0.3803961 0.9217235 -0.007757961 0.3856154 0.922627 -0.06573098 0.3784837 0.9232712 -9.06736e-6 0.5597618 0.8286535 -0.1227105 0.5392491 0.8331581 -0.09297317 0.5451982 0.8331357 -0.2142035 0.517156 0.8286536 -0.08409678 0.3748366 0.9232689 -0.19755 0.516584 0.8331356 -0.3109802 0.4654297 0.8286535 -0.1556216 0.3512156 0.9232711 -0.264927 0.2781798 0.9232712 -0.3109939 0.4654203 0.8286537 -0.4016203 0.3801952 0.8331583 -0.380195 0.4016206 0.8331584 -0.46542 0.3109942 0.8286537 -0.2781795 0.2649272 0.9232712 -0.4512428 0.3197311 0.8331579 -0.5171908 0.2142152 0.8286287 -0.3245113 0.2056015 0.9232662 -0.3748363 0.08409678 0.923269 -0.5171556 0.2142035 0.8286538 -0.5451979 0.09297311 0.8331359 -0.5392768 0.1227419 0.8331356 -0.559762 8.41916e-6 0.8286536 -0.3784838 0.06573039 0.9232712 -0.3785278 -0.06572198 0.9232538 -0.5597621 -8.94349e-6 0.8286534 -0.5392494 -0.1227104 0.833158 -0.5451983 -0.09297341 0.8331355 -0.517156 -0.2142037 0.8286534 -0.3748368 -0.08409696 0.9232688 -0.5165843 -0.1975499 0.8331356 -0.4654299 -0.31098 0.8286534 -0.3512473 -0.1556531 0.9232537 -0.4680762 -0.294538 0.8331579 -0.3958178 -0.3958057 0.8286533 -0.3141218 -0.2211394 0.9232686 -0.2211394 -0.3141215 0.9232687 -0.3958056 -0.3958177 0.8286534 -0.2945378 -0.4680761 0.8331581 -0.3197302 -0.4512425 0.8331584 -0.2142143 -0.5171905 0.8286292 -0.2056006 -0.3245108 0.9232666 -0.08409637 -0.3748369 0.9232687 -0.2142351 -0.5171822 0.828629 -0.09297263 -0.5451985 0.8331356 -0.1227099 -0.5392493 0.8331582 -8.35583e-6 -0.5597619 0.8286536 -0.06573039 -0.3784837 0.9232711 0.06573116 -0.3784838 0.9232711 9.43057e-6 -0.5597621 0.8286535 0.1227109 -0.5392492 0.8331581 0.1383246 -0.3583869 0.9232687 0.1092011 -0.5490438 0.828629 0.2255554 -0.504948 0.8331581 0.1975499 -0.5165841 0.8331357 0.3109801 -0.4654297 0.8286536 0.1556214 -0.3512157 0.9232712 0.2945384 -0.4680756 0.8331581 0.3958061 -0.3958171 0.8286534 0.2211398 -0.3141212 0.9232687 0.3801952 -0.4016203 0.8331583 0.4654201 -0.3109939 0.8286538 0.2781796 -0.2649272 0.9232712 0.3512163 -0.1556207 0.923271 0.4654307 -0.3109791 0.8286533 0.5165849 -0.1975488 0.8331354 0.5049696 -0.2255906 0.8331355 0.5490444 -0.1091994 0.8286289 0.3583875 -0.1383234 0.9232687 0.5392494 -0.1227091 0.8331583 0.5597618 -7.58469e-6 0.8286535 0.3784838 -0.06572979 0.9232712 0.5528275 -0.01514869 0.833158 0.549008 0.1091969 0.8286533 0.384041 0.009354948 0.9232687 0.5451985 0.09297394 0.8331354 0.5171559 0.2142043 0.8286533 0.3748369 0.08409738 0.9232687 0.5165838 0.1975502 0.8331359 0.4654292 0.3109803 0.8286538 0.3512153 0.1556215 0.9232713 0.2781795 0.2649282 0.923271 0.4654199 0.3109954 0.8286533 0.3801947 0.4016216 0.833158 0.2211385 0.3141219 0.9232688 0.3958046 0.3958184 0.8286536 0.2945367 0.4680765 0.8331581 0.3197302 0.4512431 0.8331581 0.2142142 0.5171909 0.828629 0.2056009 0.3245113 0.9232664 0.08409619 0.374837 0.9232688 0.2142347 0.5171824 0.828629 0.09297221 0.5451985 0.8331355 0.1227414 0.539277 0.8331356 7.91624e-6 0.5597619 0.8286536 0.06573021 0.3784838 0.9232711 -0.05809819 0.5429742 0.8377373 4.51971e-6 0.7101159 0.7040848 -0.1569461 0.6807987 0.7154587 -0.1155457 0.6890435 0.7154496 -0.2717303 0.6560832 0.704072 -0.1541107 0.523876 0.8377373 -0.2477298 0.6532968 0.7154253 -0.3945312 0.5904237 0.7040916 -0.2533528 0.4837441 0.8377375 -0.3704669 0.5923377 0.7154652 -0.502124 0.5021401 0.7040788 -0.3428581 0.4250226 0.8377376 -0.4250221 0.3428584 0.8377377 -0.5021395 0.5021244 0.704079 -0.5923371 0.3704673 0.7154654 -0.4837437 0.253353 0.8377377 -0.5904233 0.3945315 0.7040918 -0.6532964 0.2477301 0.7154255 -0.5238755 0.1541106 0.8377378 -0.6560827 0.2717303 0.7040726 -0.6890431 0.1155457 0.7154501 -0.6807982 0.1569464 0.7154591 -0.7101154 -4.1686e-6 0.7040853 -0.5429736 0.05809855 0.8377376 -0.6983453 0.02109926 0.7154501 -0.6964699 -0.1385412 0.7040853 -0.5438749 -0.04894715 0.8377376 -0.5212108 -0.1628926 0.8377383 -0.6964713 -0.1385328 0.7040855 -0.6371408 -0.2867211 0.7154318 -0.653297 -0.24773 0.715425 -0.5904238 -0.3945314 0.7040914 -0.4837443 -0.2533529 0.8377373 -0.5923371 -0.3704677 0.7154653 -0.5021394 -0.5021247 0.7040788 -0.4250221 -0.3428587 0.8377375 -0.5087213 -0.4789019 0.7154409 -0.3945358 -0.5904012 0.704108 -0.3499667 -0.4191884 0.8377376 -0.4055289 -0.5689148 0.7154595 -0.2717326 -0.6560989 0.7040566 -0.261445 -0.4794173 0.8377385 -0.1541105 -0.5238761 0.8377374 -0.2717301 -0.6560834 0.7040721 -0.1155454 -0.6890436 0.7154497 -0.1569464 -0.6807983 0.7154591 4.21703e-6 -0.7101155 0.7040853 -0.05809855 -0.5429737 0.8377375 0.0580998 -0.5429739 0.8377373 -2.70456e-6 -0.7101158 0.7040849 0.1569362 -0.6808106 0.7154495 0.1155464 -0.6890434 0.7154497 0.271731 -0.6560828 0.7040721 0.1541113 -0.5238757 0.8377374 0.2477304 -0.6532966 0.7154252 0.3945319 -0.5904234 0.7040916 0.2533534 -0.4837439 0.8377375 0.3499674 -0.4191878 0.8377377 0.3945367 -0.5904005 0.704108 0.508722 -0.478901 0.715441 0.4789022 -0.5087212 0.7154408 0.5904015 -0.3945356 0.7041078 0.4191887 -0.3499667 0.8377376 0.4837445 -0.253352 0.8377376 0.5904242 -0.3945304 0.7040917 0.6532971 -0.2477288 0.7154253 0.5238756 -0.15411 0.8377377 0.6560831 -0.2717295 0.7040726 0.6890432 -0.1155449 0.7154502 0.6807985 -0.1569456 0.715459 0.7101156 5.01424e-6 0.7040851 0.5429739 -0.05809789 0.8377375 0.5429737 0.0580995 0.8377375 0.7101156 -2.92715e-6 0.7040851 0.6808104 0.156936 0.7154498 0.6890431 0.1155472 0.7154499 0.6560941 0.2717205 0.7040658 0.5238754 0.1541119 0.8377376 0.6532962 0.247731 0.7154254 0.5904228 0.3945323 0.7040917 0.4837434 0.2533537 0.8377376 0.4191872 0.3499685 0.8377376 0.5903998 0.394538 0.7041079 0.4789001 0.5087233 0.7154407 0.3428571 0.4250233 0.8377376 0.5021229 0.502141 0.7040789 0.3704656 0.5923384 0.7154653 0.4055289 0.5689152 0.7154592 0.2717325 0.6560993 0.7040563 0.2614451 0.4794176 0.8377382 0.1541095 0.5238766 0.8377373 0.2717288 0.656084 0.704072 0.1155441 0.689044 0.7154495 0.1569446 0.6807985 0.7154591 -5.80028e-6 0.7101155 0.7040852 0.0580973 0.5429737 0.8377377 -0.05219054 0.6915451 0.7204455 -5.87944e-6 0.8333387 0.5527628 -0.184509 0.798218 0.573415 -0.1350149 0.808073 0.5734014 -0.3188996 0.769907 0.5527625 -0.2164292 0.6589116 0.7204123 -0.3128305 0.618992 0.7204069 -0.3189098 0.7699021 0.5527635 -0.4759135 0.6668935 0.5733756 -0.4339346 0.6949272 0.5733909 -0.5892491 0.5892783 0.5527538 -0.4521256 0.5259194 0.7204105 -0.5612171 0.5968762 0.5733883 -0.6929288 0.4629557 0.5527402 -0.5460111 0.4276382 0.7204148 -0.6668933 0.4759135 0.5733757 -0.7699019 0.31891 0.5527635 -0.6189918 0.3128306 0.720407 -0.6589108 0.2164291 0.7204131 -0.7699064 0.3188996 0.5527634 -0.8080723 0.135015 0.5734023 -0.7982175 0.1845082 0.5734158 -0.8333382 5.1707e-6 0.5527635 -0.6915444 0.05218982 0.7204462 -0.8188857 0.02522498 0.5734021 -0.8173181 -0.1625853 0.5527722 -0.6884385 -0.08372753 0.7204458 -0.6680743 -0.1861014 0.7204464 -0.8173245 -0.1625822 0.5527638 -0.7468973 -0.3366805 0.5734026 -0.7662052 -0.2900682 0.5734021 -0.692925 -0.462956 0.5527448 -0.6039854 -0.3408261 0.7204438 -0.6949266 -0.4339354 0.573391 -0.5892777 -0.5892498 0.5527537 -0.5259188 -0.4521262 0.7204106 -0.5968752 -0.5612182 0.5733884 -0.4629545 -0.6929297 0.5527401 -0.4276372 -0.546012 0.7204147 -0.4759132 -0.6668938 0.5733754 -0.3189095 -0.7699024 0.5527632 -0.3128303 -0.6189923 0.7204068 -0.2164281 -0.6589114 0.720413 -0.3188984 -0.7699069 0.5527632 -0.1350137 -0.8080727 0.5734021 -0.1845082 -0.7982181 0.5734148 -5.08875e-6 -0.8333389 0.5527625 -0.05218988 -0.6915453 0.7204452 0.05219131 -0.6915441 0.7204462 6.84289e-6 -0.8333381 0.5527637 0.1845098 -0.7982171 0.5734158 0.1350159 -0.8080726 0.5734016 0.3189006 -0.7699064 0.5527628 0.21643 -0.6589112 0.7204126 0.2900683 -0.766205 0.5734024 0.462956 -0.6929247 0.5527451 0.340826 -0.6039851 0.7204441 0.4276381 -0.5460111 0.720415 0.4629555 -0.6929287 0.5527404 0.596876 -0.561217 0.5733886 0.5259191 -0.4521245 0.7204114 0.5892637 -0.5892543 0.5527638 0.694927 -0.4339336 0.5733919 0.6039864 -0.3408249 0.7204436 0.6929261 -0.4629547 0.5527446 0.766206 -0.2900668 0.5734019 0.7468986 -0.3366784 0.5734023 0.8173252 -0.1625799 0.5527633 0.6680678 -0.1861184 0.7204481 0.7982178 -0.1845075 0.5734156 0.8333383 -4.41074e-6 0.5527634 0.6915447 -0.05218923 0.7204459 0.8188855 -0.02522563 0.5734023 0.8173178 0.1625847 0.5527728 0.6884382 0.08372682 0.7204461 0.808072 0.1350164 0.5734023 0.7699057 0.318901 0.5527634 0.6589105 0.2164304 0.7204131 0.6189913 0.3128324 0.7204066 0.7699014 0.318912 0.5527632 0.6668925 0.4759154 0.5733752 0.5460104 0.4276389 0.720415 0.6929281 0.4629566 0.5527404 0.5612162 0.5968769 0.5733885 0.4521245 0.5259205 0.7204104 0.5892541 0.5892648 0.5527628 0.4339332 0.6949281 0.5733907 0.4759122 0.6668952 0.5733746 0.3189082 0.7699036 0.5527624 0.3128294 0.6189936 0.720406 0.3366782 0.7468987 0.5734023 0.1625797 0.8173254 0.5527633 0.1861182 0.6680679 0.7204481 0.1845079 0.7982179 0.5734152 4.98444e-6 0.8333384 0.5527632 0.05219 0.6915447 0.7204458 -0.04806786 0.8166575 0.5751175 -1.4598e-5 0.9247717 0.3805226 -0.2049713 0.8882879 0.411013 -0.2064855 0.7915798 0.5751219 -0.1804003 0.9070194 0.3804886 -0.3743709 0.8312243 0.4109899 -0.3569301 0.7360981 0.575118 -0.3539082 0.8543719 0.380523 -0.5293018 0.7422316 0.4110133 -0.4936486 0.6523514 0.5751076 -0.5137693 0.7689406 0.3804886 -0.6639337 0.6247086 0.4110125 -0.6247085 0.6639336 0.4110129 -0.7689405 0.5137692 0.3804888 -0.6523513 0.4936485 0.5751079 -0.742232 0.5293017 0.4110129 -0.8543722 0.3539081 0.3805223 -0.7360985 0.35693 0.5751174 -0.7728884 0.2681117 0.5751171 -0.8543837 0.3538807 0.3805221 -0.8991273 0.1505246 0.4109899 -0.8882879 0.2049725 0.4110124 -0.9247719 1.56611e-5 0.3805221 -0.8166577 0.04806888 0.5751171 -0.9112077 0.02773684 0.4110126 -0.9070056 -0.1803994 0.3805222 -0.8103435 -0.1121774 0.5751172 -0.7915799 -0.2064856 0.5751218 -0.9070194 -0.1804003 0.3804884 -0.8312318 -0.3743294 0.4110124 -0.8524604 -0.3230793 0.4110124 -0.7689276 -0.5137639 0.3805219 -0.7057681 -0.4137267 0.575084 -0.773081 -0.4831489 0.4109902 -0.6539222 -0.6539026 0.3805223 -0.6114416 -0.5434932 0.5751125 -0.6639336 -0.6247086 0.4110127 -0.5137876 -0.7689117 0.3805223 -0.4936485 -0.6523514 0.5751077 -0.5293015 -0.742232 0.4110128 -0.3539079 -0.8543723 0.3805224 -0.3569298 -0.7360985 0.5751174 -0.2681114 -0.772888 0.5751179 -0.3539146 -0.8543842 0.3804894 -0.1505243 -0.8991269 0.4109907 -0.2049706 -0.8882877 0.4110134 -1.39177e-5 -0.9247715 0.3805229 -0.04806715 -0.8166572 0.5751179 0.04806894 -0.8166581 0.5751164 1.57482e-5 -0.9247722 0.3805213 0.2049725 -0.8882881 0.4110117 0.150526 -0.8991269 0.4109901 0.353882 -0.8543831 0.3805222 0.268113 -0.772888 0.5751172 0.3230801 -0.8524603 0.411012 0.5137646 -0.7689274 0.3805215 0.4137274 -0.7057681 0.5750837 0.4831495 -0.7730807 0.41099 0.6539031 -0.6539219 0.3805221 0.5434937 -0.6114412 0.5751124 0.6114431 -0.5434918 0.5751122 0.6539238 -0.6539012 0.380522 0.773052 -0.4831767 0.4110124 0.705769 -0.4137251 0.575084 0.7689287 -0.5137623 0.380522 0.852461 -0.3230775 0.4110123 0.7728884 -0.2681112 0.5751174 0.8543838 -0.3538801 0.3805224 0.8991271 -0.1505241 0.4109902 0.8882881 -0.2049707 0.4110127 0.9247717 -1.39177e-5 0.3805223 0.8166576 -0.04806727 0.5751172 0.9112077 -0.02773505 0.4110125 0.9070127 0.1803878 0.3805104 0.8103433 0.112179 0.5751171 0.7915794 0.2064868 0.5751221 0.907019 0.1804017 0.3804888 0.8312311 0.3743306 0.4110127 0.85246 0.3230793 0.4110131 0.7689272 0.513764 0.3805228 0.7057676 0.4137266 0.5750848 0.6523499 0.4936503 0.5751078 0.768939 0.5137714 0.3804888 0.6247066 0.6639354 0.4110127 0.6639329 0.6247097 0.4110121 0.5137867 0.7689127 0.3805216 0.4936478 0.6523525 0.5751071 0.4137248 0.7057688 0.5750845 0.513762 0.7689287 0.3805224 0.3230772 0.8524609 0.4110127 0.3743694 0.831225 0.4109897 0.1803986 0.9070199 0.3804882 0.2064841 0.7915804 0.5751216 0.1121764 0.8103438 0.5751171 0.1803985 0.9070057 0.3805218 -0.02773743 0.9112079 0.411012 0.02908068 0.9721054 0.2327349 -0.1913686 0.9621649 0.1939503 -0.1332315 0.9035478 0.4072477 -0.1611257 0.9590999 0.2327361 -0.3753877 0.906351 0.1939382 -0.3069537 0.8601711 0.4072899 -0.3451413 0.909237 0.2327349 -0.5450371 0.8156783 0.1939162 -0.4688625 0.783784 0.4072477 -0.5159267 0.8244057 0.2327556 -0.6936953 0.6936738 0.1939164 -0.612762 0.6772285 0.407289 -0.6772288 0.6127619 0.4072888 -0.693674 0.6936951 0.1939163 -0.8244327 0.5158926 0.2327349 -0.7921196 0.5642524 0.2327354 -0.9063484 0.3754051 0.1939167 -0.8252825 0.3911834 0.4072892 -0.8601715 0.3069538 0.4072893 -0.9063512 0.3753878 0.1939375 -0.9591 0.1611258 0.2327353 -0.9477578 0.2181284 0.2327558 -0.981018 -1.42977e-5 0.1939167 -0.9121609 0.04558551 0.4072892 -0.9721053 0.02908009 0.2327355 -0.9621647 -0.1913691 0.1939508 -0.9035475 -0.1332321 0.4072482 -0.9590999 -0.1611269 0.2327352 -0.9063507 -0.3753888 0.1939373 -0.8601711 -0.3069549 0.407289 -0.9092368 -0.3451417 0.2327353 -0.815678 -0.5450374 0.1939166 -0.7837837 -0.4688628 0.4072481 -0.7331084 -0.5446721 0.4072893 -0.8156949 -0.5450121 0.1939167 -0.6668186 -0.7079458 0.2327354 -0.6127615 -0.677229 0.4072889 -0.6936948 -0.6936743 0.1939164 -0.5159261 -0.8244059 0.2327556 -0.4688665 -0.7837599 0.4072893 -0.5450364 -0.8156787 0.1939169 -0.3451405 -0.9092372 0.2327354 -0.3069531 -0.8601716 0.4072895 -0.3753871 -0.9063513 0.1939377 -0.1611251 -0.9591001 0.2327356 -0.1332305 -0.903548 0.4072478 -0.1913675 -0.9621652 0.1939505 0.02908176 -0.9721053 0.2327349 0.04558557 -0.9121606 0.4072899 -1.41629e-5 -0.981018 0.1939174 0.2181284 -0.9477576 0.2327565 0.2226439 -0.8857485 0.4072828 0.1913734 -0.9621707 0.1939175 0.3988285 -0.8870003 0.2327367 0.345142 -0.9092365 0.2327358 0.5450377 -0.8156777 0.1939171 0.468863 -0.7837832 0.4072485 0.5158944 -0.8244315 0.2327355 0.6936966 -0.6936724 0.1939169 0.6127633 -0.6772519 0.4072483 0.6668192 -0.7079453 0.2327349 0.8156716 -0.5450351 0.1939504 0.733109 -0.5446716 0.4072889 0.7921206 -0.5642511 0.2327353 0.906349 -0.3754035 0.1939166 0.8252927 -0.3912048 0.4072481 0.8870016 -0.3988261 0.2327361 0.9621713 -0.1913707 0.1939167 0.8857412 -0.2226611 0.4072892 0.9035481 -0.1332289 0.4072481 0.9621654 -0.1913658 0.1939508 0.9721052 0.02908343 0.2327352 0.9721054 -0.02907896 0.2327352 0.9621646 0.1913703 0.1939506 0.9035475 0.1332331 0.407248 0.9590997 0.1611275 0.2327353 0.9063504 0.3753894 0.1939374 0.860171 0.3069553 0.4072892 0.9092366 0.3451424 0.2327353 0.8156777 0.5450381 0.1939167 0.7837833 0.4688634 0.4072481 0.7331075 0.5446735 0.4072889 0.815694 0.5450136 0.1939164 0.6668174 0.707947 0.232735 0.6127607 0.6772298 0.407289 0.6936939 0.6936751 0.1939164 0.5159251 0.8244066 0.2327556 0.5642513 0.7921206 0.2327351 0.3754037 0.906349 0.1939164 0.391205 0.8252927 0.4072479 0.3988255 0.8870019 0.2327355 0.1913701 0.9621716 0.1939162 0.2226606 0.8857417 0.4072886 0.1332299 0.9035481 0.4072479 0.1913672 0.9621652 0.1939504 -0.02908194 0.9721054 0.2327346 -0.0446273 0.9737342 0.223272 -6.73154e-6 1 -8.11368e-6 -0.2238442 0.9736412 0.04378038 -0.1658003 0.985188 0.04375964 -0.3826329 0.9239005 1.22365e-5 -0.3314015 0.916691 0.2232726 -0.3547568 0.9339329 0.04378408 -0.5555648 0.8314733 -6.88602e-6 -0.5038819 0.8344057 0.2233165 -0.5780628 0.7848396 0.2233163 -0.5555638 0.8314741 6.93649e-6 -0.7270454 0.6851922 0.04378145 -0.6851992 0.7270401 0.04376029 -0.8314737 0.5555642 7.05308e-6 -0.7848394 0.5780631 0.2233164 -0.8138722 0.5793938 0.04376018 -0.9238881 0.3826629 2.09362e-5 -0.8825446 0.4138221 0.2233077 -0.9166908 0.3314021 0.2232728 -0.9239003 0.3826335 1.2368e-5 -0.9851879 0.1658009 0.04375988 -0.9736413 0.2238433 0.04378134 -1 5.90086e-6 -7.28871e-6 -0.9737339 0.04462635 0.2232729 -0.9986028 0.0295946 0.0437811 -0.9807838 -0.195098 6.5692e-6 -0.9637302 -0.1461968 0.2232727 -0.9851881 -0.1657999 0.04376018 -0.9239007 -0.3826326 1.2805e-5 -0.916691 -0.3314012 0.2232731 -0.8825437 -0.4138239 0.2233079 -0.9239003 -0.3826335 -1.27107e-5 -0.813877 -0.5793886 0.04373896 -0.7848396 -0.5780631 0.2233161 -0.8314738 -0.555564 6.75768e-6 -0.6851993 -0.7270399 0.04376 -0.7270449 -0.6851927 0.04378163 -0.5555633 -0.8314743 7.11821e-6 -0.5780624 -0.78484 0.2233165 -0.5793941 -0.8138722 0.04375982 -0.3826631 -0.923888 2.06646e-5 -0.4138224 -0.8825446 0.2233074 -0.4094336 -0.91129 0.04375809 -0.1950957 -0.9807842 -6.8252e-6 -0.2337145 -0.9463125 0.2233166 -0.2238431 -0.9736414 0.0437805 -5.64009e-6 -1 -8.08207e-6 -0.04460752 -0.973725 0.2233152 0.0446279 -0.9737338 0.2232731 7.43242e-6 -1 -7.0706e-6 0.2238448 -0.9736409 0.04378145 0.1658018 -0.9851877 0.04376024 0.3826343 -0.9238999 1.28047e-5 0.331403 -0.9166904 0.2232731 0.3547986 -0.9339162 0.04380321 0.5555539 -0.8314806 -2.06272e-5 0.5038827 -0.8344051 0.2233168 0.5780643 -0.7848389 0.2233152 0.5555534 -0.8314809 1.99452e-5 0.7270409 -0.6851984 0.0437591 0.7200715 -0.6569831 0.2233163 0.7071028 -0.7071108 7.0408e-6 0.8467509 -0.5301851 0.04378145 0.8138733 -0.5793923 0.04376018 0.9238887 -0.3826612 2.09442e-5 0.8825454 -0.4138206 0.2233077 0.9112904 -0.409433 0.04375743 0.9807844 -0.195095 -7.50407e-6 0.9463128 -0.2337139 0.2233159 0.9736415 -0.2238423 0.04378134 1 -4.83543e-6 -7.29418e-6 0.9737339 -0.04462534 0.2232729 0.9986039 -0.0295844 0.04376024 0.9807836 0.1950991 6.96629e-6 0.9637299 0.1461978 0.223273 0.9463118 0.2337171 0.2233163 0.9807837 0.1950983 -7.1302e-6 0.9112889 0.4094359 0.04375773 0.9339326 0.3547578 0.04378366 0.8314805 0.555554 -2.1335e-5 0.8344052 0.5038828 0.2233161 0.8467531 0.53018 0.04380196 0.7071102 0.7071034 -7.87643e-6 0.7200889 0.6569791 0.2232723 0.7270444 0.6851933 0.04378104 0.5555626 0.8314747 6.51437e-6 0.5780823 0.7848376 0.2232726 0.5038803 0.8344067 0.2233163 0.5555631 0.8314744 -7.04825e-6 0.3547958 0.9339172 0.04380267 0.3314 0.9166917 0.223272 0.3826314 0.9239012 1.16527e-5 0.1657986 0.9851883 0.0437591 0.2238427 0.9736416 0.04378002 5.29736e-6 1 -8.18295e-6 0.04462623 0.9737342 0.2232721 0.02963829 0.98829 -0.1496812 -0.1913992 0.9621602 -0.1939435 -0.1506894 0.9881229 0.0301004 -0.23894 0.9705675 0.03010779 -0.1913726 0.9621653 -0.1939449 -0.4055448 0.9017394 -0.1496649 -0.3508128 0.924409 -0.149661 -0.5450325 0.8156749 -0.1939443 -0.5173385 0.8552512 0.03010839 -0.5921556 0.8052614 0.03009945 -0.5450109 0.8156892 -0.1939444 -0.7197845 0.6778684 -0.1496821 -0.6779028 0.7197558 -0.1496643 -0.8156893 0.5450108 -0.1939443 -0.8052614 0.5921554 0.03009951 -0.805267 0.5737076 -0.1496817 -0.9063506 0.3753929 -0.1939303 -0.905322 0.4236585 0.03009092 -0.9017394 0.4055451 -0.1496643 -0.9621653 0.1913729 -0.1939443 -0.9705675 0.2389402 0.03010845 -0.9881231 0.1506879 0.03009951 -0.9621734 0.1913656 -0.1939112 -0.9882939 -0.02959543 -0.1496643 -0.9985345 -0.04497963 0.03009968 -0.9810127 1.31327e-5 -0.1939442 -0.9635306 -0.2218322 -0.1496641 -0.9705673 -0.2389404 0.03010869 -0.9621653 -0.1913731 -0.193944 -0.9017394 -0.4055451 -0.149664 -0.9053218 -0.4236591 0.03009063 -0.9063503 -0.3753934 -0.1939306 -0.8052667 -0.573708 -0.1496821 -0.838199 -0.5244215 -0.1496819 -0.6936708 -0.6936905 -0.1939442 -0.7378896 -0.6742496 0.03010845 -0.719784 -0.677869 -0.1496818 -0.5450102 -0.8156896 -0.1939441 -0.5921549 -0.8052619 0.03009963 -0.5173377 -0.8552516 0.03010898 -0.5450317 -0.8156753 -0.1939437 -0.3508121 -0.9244095 -0.1496604 -0.4055442 -0.9017397 -0.1496645 -0.191372 -0.9621655 -0.1939446 -0.2389394 -0.9705677 0.03010809 -0.2218742 -0.9635183 -0.149681 -2.02134e-5 -0.9810193 -0.1939103 -0.04497873 -0.9985344 0.03010046 -0.02959334 -0.9882938 -0.1496652 0.1913677 -0.9621728 -0.1939122 0.15069 -0.9881228 0.03009849 0.1637379 -0.9750823 -0.1496812 0.3754016 -0.9063512 -0.1939104 0.3405107 -0.9397595 0.03007394 0.3508136 -0.9244086 -0.1496613 0.5450332 -0.8156742 -0.1939446 0.5173208 -0.8552615 0.03011685 0.524422 -0.8381987 -0.1496815 0.6936715 -0.6936992 -0.1939107 0.6742501 -0.7378891 0.03010898 0.6778694 -0.7197837 -0.1496815 0.8156765 -0.5450419 -0.1939108 0.8052622 -0.5921545 0.03009998 0.8552523 -0.5173365 0.03010863 0.8156761 -0.5450307 -0.193944 0.9244099 -0.3508108 -0.1496607 0.9017399 -0.4055441 -0.1496639 0.9621656 -0.1913719 -0.1939439 0.9705677 -0.2389391 0.03010874 0.9881232 -0.1506868 0.03009986 0.9621607 -0.1913968 -0.1939439 0.9882898 0.02964079 -0.1496816 0.9882899 -0.02963757 -0.1496821 0.9621731 0.1913678 -0.1939113 0.9881228 0.1506901 0.03009945 0.9750823 0.1637375 -0.1496817 0.9063512 0.3754013 -0.1939108 0.9397597 0.3405104 0.03007334 0.9244086 0.3508142 -0.1496606 0.815674 0.5450338 -0.193944 0.8552612 0.5173214 0.03011763 0.8381982 0.5244227 -0.1496821 0.6936986 0.693672 -0.1939113 0.7378886 0.6742507 0.03010833 0.7197828 0.6778702 -0.1496824 0.5450408 0.8156769 -0.1939116 0.5921536 0.8052628 0.03009915 0.5737066 0.8052679 -0.1496813 0.3753917 0.9063512 -0.1939297 0.4236572 0.9053227 0.03009146 0.4055433 0.9017403 -0.1496633 0.1913711 0.9621658 -0.1939433 0.2389383 0.9705679 0.0301094 0.1506875 0.9881232 0.03009963 0.1913978 0.9621604 -0.1939443 -0.02959531 0.9882938 -0.1496647 0.02927213 0.9398209 -0.3404113 -0.1803988 0.9070191 -0.38049 -0.1463339 0.9753714 -0.1650368 -0.2380486 0.9571366 -0.1649923 -0.1803988 0.907006 -0.3805213 -0.3866977 0.8570795 -0.340411 -0.4202026 0.8923044 -0.1649929 -0.3539165 0.854383 -0.3804903 -0.5464429 0.7652006 -0.3403943 -0.4977976 0.7976954 -0.340411 -0.6539236 0.6539018 -0.3805214 -0.6635772 0.7296869 -0.1649923 -0.7296865 0.6635774 -0.1649931 -0.6539012 0.6539238 -0.380522 -0.797695 0.4977979 -0.3404116 -0.7652006 0.5464428 -0.3403944 -0.854383 0.3539164 -0.3804904 -0.8923044 0.4202024 -0.1649931 -0.8570794 0.3866978 -0.3404114 -0.9070058 0.1803988 -0.3805217 -0.9571365 0.2380486 -0.1649928 -0.9160679 0.2120181 -0.3403941 -0.924772 -1.53333e-5 -0.3805218 -0.9851864 0.04674667 -0.1649928 -0.9851863 -0.04674673 -0.1649927 -0.924772 1.53766e-5 -0.3805217 -0.9160679 -0.2120181 -0.3403941 -0.9274815 -0.1546341 -0.3403917 -0.8543717 -0.3539103 -0.3805215 -0.9280897 -0.333789 -0.1650285 -0.8794734 -0.3326537 -0.3403942 -0.7689405 -0.5137681 -0.3804904 -0.8451234 -0.5084722 -0.1649929 -0.797695 -0.4977982 -0.3404114 -0.6539011 -0.653924 -0.3805217 -0.7296863 -0.6635776 -0.1649927 -0.6852515 -0.6438558 -0.3404117 -0.5137621 -0.768929 -0.3805221 -0.5862171 -0.793166 -0.1650373 -0.5084713 -0.845124 -0.1649925 -0.5137673 -0.7689412 -0.3804899 -0.3326529 -0.8794738 -0.3403939 -0.3866969 -0.8570796 -0.3404116 -0.1803979 -0.9070059 -0.3805219 -0.2380477 -0.9571368 -0.1649931 -0.1463331 -0.9753714 -0.1650374 -0.180398 -0.907019 -0.3804905 0.02927291 -0.9398207 -0.3404119 -0.02927106 -0.9398211 -0.340411 0.1803998 -0.907019 -0.3804897 0.1463351 -0.9753713 -0.1650364 0.2380495 -0.9571363 -0.1649932 0.1803871 -0.9070132 -0.3805098 0.3866986 -0.8570789 -0.3404119 0.4202038 -0.8923039 -0.1649926 0.3538816 -0.8543835 -0.3805217 0.5464439 -0.7652 -0.340394 0.4977986 -0.7976944 -0.340412 0.6539098 -0.6539334 -0.3804907 0.6635781 -0.7296857 -0.1649934 0.6438559 -0.6852513 -0.3404119 0.768929 -0.5137618 -0.3805222 0.7931662 -0.5862169 -0.1650375 0.7652013 -0.546442 -0.3403939 0.8543835 -0.3539155 -0.38049 0.8923051 -0.4202014 -0.1649926 0.9280906 -0.3337867 -0.1650288 0.8543725 -0.3539082 -0.3805217 0.9274734 -0.154639 -0.3404114 0.9160683 -0.2120159 -0.3403941 0.924772 1.76132e-5 -0.3805217 0.9851865 -0.04674428 -0.1649928 0.9851863 0.04674792 -0.1649929 0.924772 -1.42336e-5 -0.3805218 0.9160675 0.2120192 -0.3403941 0.9274809 0.1546357 -0.3403923 0.8543708 0.3539118 -0.380522 0.9280891 0.3337907 -0.1650291 0.8794825 0.3326117 -0.3404116 0.7689396 0.5137695 -0.3804904 0.8451225 0.5084736 -0.1649931 0.7976942 0.4977993 -0.3404113 0.6539332 0.6539103 -0.3804901 0.7296854 0.6635788 -0.1649927 0.663576 0.7296879 -0.1649927 0.6539226 0.6539026 -0.3805217 0.4977964 0.797696 -0.3404114 0.5084702 0.8451247 -0.1649922 0.5137872 0.7689125 -0.3805212 0.3326517 0.8794744 -0.3403936 0.3337862 0.9280908 -0.1650282 0.3539077 0.8543729 -0.3805212 0.1546385 0.9274737 -0.3404108 0.2120165 0.9160682 -0.340394 -1.67415e-5 0.9247722 -0.3805214 0.04674559 0.9851865 -0.1649922 0.02839857 0.8533337 -0.5205913 -0.1625713 0.8173342 -0.5527527 -0.1330417 0.9254518 -0.3547379 -0.2312303 0.905938 -0.3546956 -0.1625952 0.8173221 -0.5527635 -0.352793 0.7775096 -0.5205919 -0.3003196 0.7992454 -0.520591 -0.4629454 0.6929413 -0.5527333 -0.4770694 0.8040933 -0.3547375 -0.4504694 0.7253252 -0.520558 -0.5892741 0.5892643 -0.552742 -0.6247737 0.6955713 -0.3547374 -0.6955708 0.6247735 -0.3547385 -0.5892636 0.5892738 -0.552743 -0.7253246 0.4504693 -0.5205591 -0.8040927 0.47707 -0.3547382 -0.6929404 0.4629459 -0.5527338 -0.7992447 0.3003202 -0.5205916 -0.7775102 0.3527927 -0.5205913 -0.8173225 0.1625949 -0.552763 -0.9059383 0.2312299 -0.3546951 -0.9254519 0.1330415 -0.3547378 -0.8173342 0.1625711 -0.5527525 -0.8533337 -0.02839875 -0.5205912 -0.8533337 0.02839946 -0.5205913 -0.8173343 -0.1625705 -0.5527528 -0.9254519 -0.133041 -0.3547379 -0.8424658 -0.1386319 -0.520608 -0.7699128 -0.318902 -0.552753 -0.881714 -0.3110326 -0.3547382 -0.8433986 -0.4035339 -0.3547382 -0.7699079 -0.3189138 -0.552753 -0.6937741 -0.4976575 -0.5205905 -0.7484679 -0.5603188 -0.3547375 -0.6929242 -0.4629728 -0.5527319 -0.5833173 -0.6234925 -0.5205746 -0.6234916 -0.5833177 -0.5205754 -0.4629716 -0.6929243 -0.5527327 -0.560316 -0.7484898 -0.3546957 -0.4770691 -0.8040933 -0.3547381 -0.4629452 -0.692941 -0.5527337 -0.3003193 -0.7992451 -0.5205916 -0.3527924 -0.7775104 -0.5205914 -0.1625944 -0.8173225 -0.552763 -0.2312294 -0.9059384 -0.3546952 -0.133041 -0.9254518 -0.3547382 -0.1625708 -0.817334 -0.552753 0.02839916 -0.8533335 -0.5205917 -0.02839756 -0.8533334 -0.5205916 0.1625723 -0.8173336 -0.5527531 0.1330218 -0.9254569 -0.3547321 0.1386324 -0.8424655 -0.5206084 0.3189024 -0.7699123 -0.5527535 0.3110331 -0.8817136 -0.3547387 0.4035339 -0.8433986 -0.3547382 0.3189138 -0.769908 -0.552753 0.4976575 -0.6937742 -0.5205906 0.5603179 -0.7484889 -0.3546949 0.4629734 -0.6929237 -0.5527319 0.6234931 -0.5833167 -0.5205746 0.6955718 -0.6247728 -0.3547377 0.5892649 -0.5892733 -0.5527423 0.7253257 -0.4504684 -0.5205584 0.6937753 -0.4976559 -0.5205906 0.7699086 -0.3189119 -0.552753 0.8433997 -0.4035318 -0.3547383 0.7775102 -0.3527922 -0.5205915 0.8173224 -0.1625943 -0.5527632 0.9059385 -0.2312291 -0.3546954 0.925452 -0.1330401 -0.3547381 0.8173342 -0.1625699 -0.5527529 0.8533334 0.0284 -0.5205916 0.9336245 0.05006253 -0.354738 0.8333454 7.40821e-6 -0.5527527 0.8313965 0.1943311 -0.5205914 0.8424658 0.1386327 -0.5206078 0.7699126 0.3189027 -0.5527528 0.8817138 0.3110334 -0.3547381 0.8433982 0.4035352 -0.3547378 0.7699076 0.318915 -0.5527526 0.6937736 0.4976587 -0.5205901 0.7253243 0.4504704 -0.5205585 0.5892631 0.5892749 -0.5527424 0.6955701 0.6247747 -0.3547379 0.6234908 0.5833189 -0.520575 0.4629707 0.6929252 -0.5527322 0.5603166 0.7484693 -0.3547379 0.4976555 0.6937756 -0.5205904 0.3189116 0.7699088 -0.552753 0.4035314 0.8433999 -0.3547382 0.311049 0.8817255 -0.3546953 0.3188999 0.7699138 -0.5527529 0.1386297 0.8424662 -0.5206079 0.1943288 0.8313967 -0.5205917 5.28991e-6 0.8333452 -0.5527529 0.05006051 0.9336246 -0.3547381 0.02676457 0.7309495 -0.6819066 -0.1385456 0.6964539 -0.7041002 -0.1108646 0.8394402 -0.5320236 -0.2188354 0.8179645 -0.5320198 -0.1385331 0.6964487 -0.7041078 -0.3044184 0.6650992 -0.6818889 -0.2550243 0.6855961 -0.681851 -0.3945366 0.5904197 -0.704092 -0.4236137 0.7331544 -0.5320116 -0.3838858 0.6226096 -0.681901 -0.5021373 0.5021449 -0.7040659 -0.5585192 0.6364084 -0.5320156 -0.6364089 0.5585185 -0.5320159 -0.5021455 0.5021367 -0.7040659 -0.62261 0.3838851 -0.6819011 -0.7331548 0.4236122 -0.532012 -0.5904201 0.3945353 -0.7040923 -0.6855962 0.2550228 -0.6818513 -0.6650995 0.304419 -0.6818884 -0.696449 0.1385337 -0.7041074 -0.8179649 0.2188359 -0.5320193 -0.8394408 0.1108641 -0.5320231 -0.6964544 0.1385451 -0.7040998 -0.7309498 -0.02676504 -0.6819062 -0.8449403 -0.05505329 -0.5320197 -0.7101007 1.26939e-5 -0.7041002 -0.711683 -0.1688508 -0.6819067 -0.7221261 -0.1163513 -0.6819065 -0.6560787 -0.2717374 -0.7040736 -0.8016913 -0.272482 -0.5320196 -0.7595549 -0.3742077 -0.5320197 -0.6561011 -0.2717424 -0.7040507 -0.5928964 -0.4283625 -0.6818941 -0.6226091 -0.3838863 -0.6819012 -0.5021443 -0.5021377 -0.7040659 -0.6364078 -0.5585198 -0.5320159 -0.558519 -0.6364079 -0.5320166 -0.5021371 -0.5021441 -0.7040666 -0.3838856 -0.6226088 -0.6819019 -0.4236129 -0.7331549 -0.5320114 -0.394536 -0.5904203 -0.7040919 -0.2550236 -0.6855965 -0.6818508 -0.3044185 -0.6650993 -0.6818889 -0.1385331 -0.6964487 -0.7041079 -0.2188352 -0.8179646 -0.5320199 -0.1108639 -0.8394402 -0.5320237 -0.138545 -0.6964539 -0.7041003 0.02676516 -0.7309493 -0.6819068 -0.02676391 -0.7309496 -0.6819065 0.1385462 -0.6964539 -0.7041001 0.1108654 -0.8394402 -0.5320234 0.1163511 -0.7221256 -0.6819069 0.2717373 -0.6560781 -0.7040742 0.2724819 -0.8016907 -0.5320203 0.3742094 -0.7595543 -0.5320195 0.271744 -0.6561007 -0.7040506 0.428364 -0.5928956 -0.6818938 0.3838871 -0.6226087 -0.6819011 0.5021383 -0.5021439 -0.7040659 0.5585204 -0.6364074 -0.5320157 0.4979765 -0.5357838 -0.6818763 0.5904255 -0.394547 -0.7040812 0.6719932 -0.5151879 -0.5319837 0.5928969 -0.428362 -0.681894 0.6561015 -0.2717418 -0.7040507 0.7595554 -0.3742069 -0.5320197 0.6650996 -0.3044177 -0.6818891 0.6964488 -0.1385323 -0.7041079 0.8179649 -0.2188344 -0.5320199 0.8394407 -0.1108632 -0.5320232 0.6964544 -0.1385444 -0.7040999 0.7309496 0.0267657 -0.6819063 0.8449406 0.05505561 -0.5320193 0.7101011 -1.05379e-5 -0.7040997 0.711683 0.168853 -0.6819061 0.817964 0.2188376 -0.5320199 0.6964583 0.1385236 -0.7041003 0.6650983 0.3044203 -0.6818889 0.6855959 0.2550238 -0.6818513 0.5904195 0.3945361 -0.7040925 0.7331541 0.4236134 -0.5320122 0.6226085 0.3838868 -0.6819015 0.5021436 0.502138 -0.7040662 0.6364071 0.5585203 -0.5320161 0.5357832 0.4979766 -0.6818767 0.3945464 0.5904256 -0.7040816 0.5151872 0.6719934 -0.5319842 0.4283621 0.5928975 -0.6818934 0.2717421 0.656102 -0.7040501 0.374207 0.7595558 -0.5320189 0.3044177 0.6650998 -0.6818886 0.1385324 0.6964491 -0.7041077 0.2188343 0.817965 -0.5320196 0.1688505 0.7116832 -0.6819065 -1.28523e-5 0.7101009 -0.7041 0.05505335 0.8449405 -0.5320194 0.02378207 0.577295 -0.8161894 -0.1092036 0.5490213 -0.8286436 -0.07990872 0.7193009 -0.6900876 -0.2014387 0.695127 -0.6900877 -0.1092103 0.5490198 -0.8286437 -0.242893 0.5242499 -0.8161894 -0.1989422 0.5424666 -0.8161815 -0.3109915 0.4654391 -0.828644 -0.3491077 0.6339566 -0.6900891 -0.4521176 0.5650863 -0.6901212 -0.310998 0.4654352 -0.8286437 -0.4250257 0.3913926 -0.8161894 -0.3913923 0.4250264 -0.8161892 -0.465435 0.3109989 -0.8286435 -0.5650859 0.4521183 -0.690121 -0.4667906 0.3405023 -0.8161893 -0.5171765 0.2142114 -0.8286386 -0.6425025 0.3331931 -0.6900529 -0.5242496 0.2428934 -0.8161895 -0.5490196 0.1092107 -0.8286438 -0.6951268 0.2014389 -0.6900878 -0.7192974 0.07992947 -0.6900889 -0.549021 0.1092036 -0.8286439 -0.5772947 -0.02378213 -0.8161896 -0.5772944 0.02378261 -0.8161896 -0.5490208 -0.1092031 -0.828644 -0.7193005 -0.07990819 -0.6900882 -0.5708546 -0.08929079 -0.8161815 -0.5171667 -0.2142144 -0.828644 -0.6899042 -0.2186627 -0.6900861 -0.642502 -0.3331933 -0.6900533 -0.517176 -0.2142112 -0.8286389 -0.46679 -0.3405022 -0.8161895 -0.4932158 -0.3009539 -0.8161893 -0.3958241 -0.3958194 -0.8286437 -0.5536962 -0.4660484 -0.6900866 -0.4250255 -0.3913922 -0.8161898 -0.3109978 -0.4654347 -0.8286441 -0.4521172 -0.5650859 -0.6901217 -0.3491078 -0.6339573 -0.6900885 -0.3109917 -0.4654397 -0.8286436 -0.1989423 -0.5424672 -0.8161811 -0.2428929 -0.5242498 -0.8161895 -0.1092102 -0.5490196 -0.8286438 -0.2014383 -0.6951269 -0.6900878 -0.07992833 -0.7192978 -0.6900886 -0.1092026 -0.5490215 -0.8286437 0.02378314 -0.577295 -0.8161893 -0.02378123 -0.5772948 -0.8161895 0.1092044 -0.549021 -0.8286437 0.07990968 -0.7193007 -0.6900877 0.08929926 -0.5708419 -0.8161895 0.2142138 -0.5171673 -0.8286439 0.2186622 -0.6899047 -0.6900858 0.198944 -0.5424667 -0.816181 0.3109931 -0.4654389 -0.8286435 0.3491096 -0.6339564 -0.6900883 0.3009535 -0.4932155 -0.8161896 0.3958191 -0.3958238 -0.828644 0.4660482 -0.5536958 -0.6900871 0.5536969 -0.4660475 -0.6900866 0.3958247 -0.3958188 -0.8286437 0.4932163 -0.300953 -0.8161894 0.6339573 -0.3491072 -0.6900886 0.4654397 -0.3109913 -0.8286436 0.5424672 -0.1989418 -0.8161811 0.5242499 -0.2428931 -0.8161894 0.5490197 -0.1092103 -0.8286437 0.695127 -0.2014383 -0.6900877 0.7192975 -0.07992744 -0.6900889 0.5490213 -0.1092018 -0.8286439 0.5772945 0.02378398 -0.8161895 0.5772946 -0.02378129 -0.8161896 0.5490207 0.1092044 -0.8286439 0.7193004 0.0799098 -0.690088 0.695127 0.2014405 -0.6900872 0.5490297 0.1092005 -0.8286384 0.5242497 0.2428946 -0.8161891 0.6425014 0.3331938 -0.6900535 0.5171757 0.2142117 -0.8286392 0.4667894 0.3405026 -0.8161898 0.4932152 0.3009545 -0.8161894 0.3958234 0.39582 -0.8286438 0.5536953 0.4660492 -0.6900867 0.4660469 0.5536974 -0.6900866 0.3958184 0.3958252 -0.8286436 0.3009526 0.4932166 -0.8161894 0.3405003 0.4667913 -0.8161897 0.2142092 0.517177 -0.828639 0.3331908 0.6425033 -0.6900533 0.2186611 0.6899052 -0.6900856 0.2142133 0.5171676 -0.8286437 0.08929866 0.5708421 -0.8161894 0.1359494 0.5615624 -0.8161897 3.21865e-6 0.5597763 -0.8286439 0.06195533 0.7210689 -0.6900878 0.02532464 0.3666355 -0.93002 -0.06930369 0.3484302 -0.9347692 -0.04077553 0.5674478 -0.8223991 -0.04668837 0.3645313 -0.93002 -0.1359469 0.3282148 -0.9347692 -0.1506951 0.5485896 -0.8223993 -0.2813772 0.4945009 -0.822372 -0.1359533 0.3282124 -0.9347692 -0.2247275 0.2907783 -0.9300245 -0.3724134 0.4300787 -0.8223994 -0.1973605 0.2953974 -0.934767 -0.2771576 0.241343 -0.9300201 -0.2413429 0.2771579 -0.93002 -0.2953974 0.1973608 -0.9347669 -0.4300786 0.3724137 -0.8223993 -0.2907777 0.2247276 -0.9300246 -0.3282119 0.1359534 -0.9347693 -0.4945004 0.2813774 -0.8223724 -0.3290353 0.1637021 -0.9300201 -0.3484286 0.06931 -0.9347693 -0.5398927 0.1794984 -0.8223723 -0.5674472 0.04077553 -0.8223996 -0.3484296 0.06930381 -0.9347694 -0.3666349 -0.02532458 -0.9300202 -0.3666349 0.02532398 -0.9300203 -0.3484295 -0.0693044 -0.9347694 -0.5674471 -0.04077631 -0.8223996 -0.3645312 -0.04668962 -0.93002 -0.3282146 -0.1359481 -0.9347692 -0.5486286 -0.1507017 -0.8223721 -0.4945003 -0.2813771 -0.8223724 -0.3282119 -0.135953 -0.9347694 -0.2907778 -0.2247272 -0.9300248 -0.4300791 -0.3724139 -0.822399 -0.2953979 -0.1973609 -0.9347667 -0.2413434 -0.2771579 -0.9300199 -0.2771584 -0.2413436 -0.9300197 -0.1973614 -0.2953979 -0.9347667 -0.3724139 -0.4300794 -0.8223988 -0.2548228 -0.5086497 -0.8223996 -0.1973468 -0.2953914 -0.9347717 -0.1169066 -0.3484186 -0.9300201 -0.1506996 -0.5486286 -0.8223723 -0.1359463 -0.3282147 -0.9347693 -0.04668772 -0.3645311 -0.9300201 -0.09636396 -0.3546504 -0.93002 -2.15694e-6 -0.3552557 -0.9347692 -0.07071012 -0.5644996 -0.8223992 0.07071059 -0.5644994 -0.8223993 2.14204e-6 -0.3552557 -0.9347693 0.09636396 -0.3546501 -0.93002 0.04668802 -0.3645312 -0.93002 0.1359465 -0.3282147 -0.9347693 0.150695 -0.5485894 -0.8223994 0.2813782 -0.4945003 -0.822372 0.135954 -0.3282121 -0.9347692 0.2247282 -0.2907779 -0.9300245 0.1826266 -0.3189343 -0.9300153 0.2512021 -0.2512058 -0.9347691 0.3491617 -0.4491615 -0.8223991 0.4491613 -0.3491606 -0.8223997 0.2512052 -0.2512014 -0.9347694 0.3189337 -0.1826257 -0.9300158 0.2907783 -0.2247275 -0.9300246 0.3282123 -0.1359531 -0.9347692 0.4945011 -0.2813769 -0.8223721 0.3290356 -0.163702 -0.9300201 0.3484287 -0.06930977 -0.9347693 0.539893 -0.1794978 -0.8223723 0.5674872 -0.04077184 -0.8223721 0.3484302 -0.06930285 -0.9347693 0.3666353 0.02532553 -0.93002 0.5644992 0.0707125 -0.8223992 0.3552556 3.91342e-6 -0.9347693 0.3546499 0.09636574 -0.93002 0.3645319 0.0466898 -0.9300197 0.3282152 0.1359482 -0.9347689 0.54859 0.1506968 -0.8223988 0.4944997 0.2813783 -0.8223723 0.3282115 0.135954 -0.9347694 0.2907772 0.2247282 -0.9300247 0.3189335 0.1826264 -0.9300156 0.2512048 0.2512019 -0.9347693 0.4491606 0.3491617 -0.8223996 0.3491605 0.449163 -0.8223987 0.2512015 0.2512069 -0.934769 0.1826257 0.3189353 -0.9300151 0.2247468 0.2907775 -0.9300201 0.1359517 0.3282127 -0.9347693 0.2813754 0.4945017 -0.8223723 0.1506989 0.548629 -0.8223723 0.1359459 0.328215 -0.9347693 0.04668724 0.3645313 -0.93002 0.09636282 0.3546503 -0.9300201 1.19209e-6 0.3552557 -0.9347692 0.07070952 0.5644995 -0.8223992 0.006057798 0.1646214 -0.9863383 -0.03160244 0.1588801 -0.986792 0.05155426 0.3377971 -0.9398061 -0.02616471 0.1626402 -0.9863385 -0.06198143 0.1496624 -0.9867926 -0.01532763 0.3413642 -0.9398062 -0.230542 0.2522243 -0.939805 -0.06199878 0.1496601 -0.9867918 -0.09650176 0.1335107 -0.9863379 -0.08642053 0.1402449 -0.9863382 -0.1145442 0.1145482 -0.986792 -0.1448028 0.3095116 -0.9398058 -0.1121203 0.1206904 -0.9863381 -0.1346905 0.0900008 -0.986792 -0.2024396 0.2753519 -0.939787 -0.331811 0.08160966 -0.9398092 -0.134694 0.0899952 -0.986792 -0.1544102 0.05739867 -0.9863382 -0.1497719 0.06859666 -0.9863382 -0.1588796 0.03160595 -0.986792 -0.2923547 0.1769013 -0.9398057 -0.1602758 0.03806006 -0.9863383 -0.161992 3.30806e-6 -0.9867922 -0.3212481 0.116467 -0.939806 -0.1646207 0.006060361 -0.9863384 -0.1588794 -0.03159993 -0.9867922 -0.3377964 0.05155658 -0.9398062 -0.1626381 -0.02617174 -0.9863386 -0.1496599 -0.06198841 -0.9867925 -0.3413621 -0.01533472 -0.9398068 -0.252222 -0.2305381 -0.9398065 -0.1496577 -0.06199491 -0.9867924 -0.1335083 -0.09649801 -0.9863386 -0.2024349 -0.2753517 -0.9397881 -0.1346861 -0.0900008 -0.9867926 -0.1121158 -0.1206903 -0.9863387 -0.1206979 -0.1121193 -0.9863373 -0.09000849 -0.1346896 -0.9867914 -0.2753594 -0.2024387 -0.9397851 -0.08160394 -0.3318101 -0.9398101 -0.08998948 -0.1346934 -0.9867926 -0.05739277 -0.1544094 -0.9863386 -0.01533764 -0.3413646 -0.9398058 -0.06199198 -0.1496624 -0.9867919 -0.02617543 -0.1626406 -0.9863382 -0.03805631 -0.1602759 -0.9863383 4.07919e-7 -0.161992 -0.9867921 -0.1164633 -0.3212482 -0.9398064 0.1164711 -0.3212476 -0.9398056 6.94534e-6 -0.1619921 -0.986792 0.03806364 -0.1602756 -0.9863381 0.02617132 -0.1626405 -0.9863383 0.06198793 -0.1496624 -0.9867921 0.01533436 -0.3413645 -0.9398059 0.2305436 -0.2522237 -0.9398047 0.06200033 -0.1496598 -0.9867917 0.09650325 -0.1335102 -0.9863377 0.08642059 -0.1402446 -0.9863382 0.1145443 -0.1145479 -0.986792 0.144803 -0.3095113 -0.9398058 0.3095122 -0.1448016 -0.9398056 0.1145488 -0.1145435 -0.9867919 0.1402454 -0.08641976 -0.9863381 0.1335133 -0.09649771 -0.9863379 0.1496624 -0.06199455 -0.9867917 0.2522273 -0.2305377 -0.9398052 0.1497718 -0.06859713 -0.9863382 0.1588795 -0.03160643 -0.986792 0.2923547 -0.1769016 -0.9398057 0.337796 0.05155748 -0.9398062 0.1588794 -0.03159964 -0.9867923 0.1646206 0.006060659 -0.9863384 0.1646224 -0.006060421 -0.9863381 0.1588811 0.03159987 -0.986792 0.3377981 -0.05155652 -0.9398055 0.1626414 0.02617168 -0.9863381 0.1496632 0.06198829 -0.986792 0.3413654 0.0153346 -0.9398056 0.1544125 0.05739867 -0.9863379 0.1346963 0.08999514 -0.9867917 0.3318133 0.0816102 -0.9398084 0.1402487 0.08641993 -0.9863376 0.1145521 0.1145437 -0.9867916 0.3095155 0.1448025 -0.9398046 0.1448041 0.309512 -0.9398053 0.1145462 0.1145483 -0.9867917 0.08642244 0.140245 -0.986338 0.09648966 0.133511 -0.986339 0.06198638 0.1496599 -0.9867926 0.2305294 0.2522251 -0.9398078 0.01534217 0.341365 -0.9398057 0.06199681 0.1496626 -0.9867916 0.02618026 0.1626409 -0.986338 0.03805655 0.1602759 -0.9863384 -1.88127e-7 0.161992 -0.9867921 0.1164637 0.3212481 -0.9398064</float_array>
          <technique_common>
            <accessor source="#Mesh-mesh-normals-array" count="2880" stride="3">
              <param name="X" type="float"/>
              <param name="Y" type="float"/>
              <param name="Z" type="float"/>
            </accessor>
          </technique_common>
        </source>
        <source id="Mesh-mesh-map-0">
          <float_array id="Mesh-mesh-map-0-array" count="5760">0.7979537 0.7023671 0.7979537 0.8899477 0.7613585 0.8863434 0.7979537 0.7023671 0.7613585 0.8863434 0.7261697 0.875669 0.7979537 0.7023671 0.7261697 0.875669 0.6937394 0.8583346 0.7979537 0.7023671 0.6937394 0.8583346 0.665314 0.8350067 0.7979537 0.7023671 0.665314 0.8350067 0.641986 0.8065813 0.7979537 0.7023671 0.641986 0.8065813 0.6246516 0.7741509 0.7979537 0.7023671 0.6246516 0.7741509 0.6139772 0.7389621 0.7979537 0.7023671 0.6139772 0.7389621 0.6103729 0.702367 0.7979537 0.7023671 0.6103729 0.702367 0.6139773 0.6657716 0.7979537 0.7023671 0.6139773 0.6657716 0.6246517 0.6305828 0.7979537 0.7023671 0.6246517 0.6305828 0.641986 0.5981525 0.7979537 0.7023671 0.641986 0.5981525 0.6653142 0.5697273 0.7979537 0.7023671 0.6653142 0.5697273 0.6937395 0.5463991 0.7979537 0.7023671 0.6937395 0.5463991 0.7261697 0.5290649 0.7979537 0.7023671 0.7261697 0.5290649 0.7613587 0.5183905 0.7979537 0.7023671 0.7613587 0.5183905 0.7979539 0.5147863 0.7979537 0.7023671 0.7979539 0.5147863 0.8345491 0.5183905 0.7979537 0.7023671 0.8345491 0.5183905 0.8697379 0.529065 0.7979537 0.7023671 0.8697379 0.529065 0.9021681 0.5463995 0.7979537 0.7023671 0.9021681 0.5463995 0.9305934 0.5697274 0.7979537 0.7023671 0.9305934 0.5697274 0.9539215 0.5981529 0.7979537 0.7023671 0.9539215 0.5981529 0.9712557 0.6305832 0.7979537 0.7023671 0.9712557 0.6305832 0.9819301 0.6657721 0.7979537 0.7023671 0.9819301 0.6657721 0.9855343 0.7023672 0.7979537 0.7023671 0.9855343 0.7023672 0.98193 0.7389624 0.7979537 0.7023671 0.98193 0.7389624 0.9712553 0.7741513 0.7979537 0.7023671 0.9712553 0.7741513 0.9539211 0.8065814 0.7979537 0.7023671 0.9539211 0.8065814 0.930593 0.8350068 0.7979537 0.7023671 0.930593 0.8350068 0.9021676 0.8583349 0.7979537 0.7023671 0.9021676 0.8583349 0.8697373 0.8756691 0.7979537 0.7023671 0.8697373 0.8756691 0.8345484 0.8863434 0.7979537 0.7023671 0.8345484 0.8863434 0.7979537 0.8899477 0.1430776 0.6943503 0.1073206 0.6988 0.1083598 0.6919965 0.141144 0.7076418 0.1050635 0.7052436 0.1073206 0.6988 0.8727095 0.233866 0.8366159 0.2376288 0.8701925 0.2274972 0.8701925 0.2274972 0.8342381 0.2243819 0.8688829 0.2207304 0.8342381 0.2243819 0.8688017 0.2138239 0.8688829 0.2207304 0.8688017 0.2138239 0.8362741 0.1976521 0.8699505 0.2070381 0.8699505 0.2070381 0.8406886 0.1850476 0.8723112 0.2006317 0.4820358 0.3619568 0.508961 0.3362935 0.5120556 0.3424252 0.4763114 0.349799 0.5070384 0.3296183 0.508961 0.3362935 0.4728337 0.3367387 0.5063151 0.3226609 0.5070384 0.3296183 0.4715682 0.3232289 0.5068007 0.3156867 0.5063151 0.3226609 0.4724972 0.3097031 0.5084889 0.308961 0.5068007 0.3156867 0.5084889 0.308961 0.4809707 0.2843426 0.5113542 0.3027458 0.4821876 0.543641 0.5107282 0.5204692 0.5133476 0.5267965 0.5107282 0.5204692 0.4747284 0.5179339 0.5093098 0.5137244 0.4747284 0.5179339 0.5091173 0.5068201 0.5093098 0.5137244 0.5091173 0.5068201 0.4763332 0.4911748 0.5101565 0.5000166 0.5101565 0.5000166 0.4805438 0.4785007 0.5124136 0.493573 0.4337407 0.3901358 0.4048302 0.4128445 0.4023132 0.4064757 0.4048302 0.4128445 0.4407845 0.4159597 0.4061398 0.4196112 0.4407845 0.4159597 0.406221 0.4265177 0.4061398 0.4196112 0.406221 0.4265177 0.4387486 0.4426895 0.4050722 0.4333035 0.4387486 0.4426895 0.4027115 0.4397099 0.4050722 0.4333035 0.04516756 0.0779134 0.01824241 0.1035767 0.01514774 0.09744501 0.05089187 0.0900712 0.02016496 0.1102519 0.01824241 0.1035767 0.02016496 0.1102519 0.05563515 0.1166412 0.0208882 0.1172092 0.05563515 0.1166412 0.02040255 0.1241835 0.0208882 0.1172092 0.02040255 0.1241835 0.05157816 0.1432775 0.01871442 0.1309092 0.05157816 0.1432775 0.01584917 0.1371244 0.01871442 0.1309092 0.1352895 0.6551758 0.1067489 0.6783476 0.1041295 0.6720202 0.1067489 0.6783476 0.1427487 0.6808829 0.1081674 0.6850924 0.1081674 0.6850924 0.1430776 0.6943503 0.1083598 0.6919965 0.1430776 0.6943503 0.1751008 0.7158973 0.141144 0.7076418 0.1751008 0.7158973 0.1369333 0.7203159 0.141144 0.7076418 0.8086497 0.2654926 0.8366159 0.2376288 0.841282 0.250206 0.8366159 0.2376288 0.7997956 0.2276546 0.8342381 0.2243819 0.7997956 0.2276546 0.8341264 0.2109109 0.8342381 0.2243819 0.7997047 0.2081266 0.8362741 0.1976521 0.8341264 0.2109109 0.8362741 0.1976521 0.8081421 0.1703346 0.8406886 0.1850476 0.4502524 0.3803424 0.4763114 0.349799 0.4820358 0.3619568 0.4763114 0.349799 0.4387375 0.3431652 0.4728337 0.3367387 0.4387375 0.3431652 0.4715682 0.3232289 0.4728337 0.3367387 0.4372269 0.3236088 0.4724972 0.3097031 0.4715682 0.3232289 0.4384293 0.3040517 0.4756251 0.2965926 0.4724972 0.3097031 0.4756251 0.2965926 0.4492556 0.2668537 0.4809707 0.2843426 0.4498061 0.5594517 0.4773194 0.5311409 0.4821876 0.543641 0.4773194 0.5311409 0.4403432 0.5217614 0.4747284 0.5179339 0.4403432 0.5217614 0.4743995 0.5044664 0.4747284 0.5179339 0.4743995 0.5044664 0.4423763 0.4829193 0.4763332 0.4911748 0.4763332 0.4911748 0.4477644 0.4643144 0.4805438 0.4785007 0.466373 0.3748491 0.4384068 0.4027128 0.4337407 0.3901358 0.4722852 0.3933944 0.4407845 0.4159597 0.4384068 0.4027128 0.4752271 0.4126871 0.4408962 0.4294308 0.4407845 0.4159597 0.4408962 0.4294308 0.4725679 0.4514914 0.4387486 0.4426895 0.4725679 0.4514914 0.4343342 0.4552941 0.4387486 0.4426895 0.0769509 0.05952775 0.05089187 0.0900712 0.04516756 0.0779134 0.08418017 0.07762032 0.05436962 0.1031315 0.05089187 0.0900712 0.08846586 0.09670495 0.05563515 0.1166412 0.05436962 0.1031315 0.08997642 0.1162613 0.05470615 0.130167 0.05563515 0.1166412 0.05470615 0.130167 0.08481305 0.1549077 0.05157816 0.1432775 0.05157816 0.1432775 0.07794773 0.1730164 0.04623264 0.1555275 0.1676711 0.6393651 0.1401577 0.6676759 0.1352895 0.6551758 0.1401577 0.6676759 0.177134 0.6770554 0.1427487 0.6808829 0.177134 0.6770554 0.1430776 0.6943503 0.1427487 0.6808829 0.1775397 0.6965792 0.2092658 0.7230989 0.1751008 0.7158973 0.2092658 0.7230989 0.1697127 0.7345022 0.1751008 0.7158973 0.7746938 0.2789058 0.8027375 0.2469473 0.8086497 0.2654926 0.7685291 0.2549504 0.7997956 0.2276546 0.8027375 0.2469473 0.7997956 0.2276546 0.7654962 0.2056242 0.7997047 0.2081266 0.7997047 0.2081266 0.7684102 0.1810989 0.8024548 0.1888503 0.8024548 0.1888503 0.7744765 0.1572418 0.8081421 0.1703346 0.4165912 0.3964942 0.4430232 0.3622498 0.4502524 0.3803424 0.409074 0.3729239 0.4387375 0.3431652 0.4430232 0.3622498 0.4387375 0.3431652 0.4032278 0.3238098 0.4372269 0.3236088 0.4032278 0.3238098 0.4384293 0.3040517 0.4372269 0.3236088 0.4045091 0.2990865 0.4423903 0.2849625 0.4384293 0.3040517 0.4086564 0.274761 0.4492556 0.2668537 0.4423903 0.2849625 0.4160708 0.5734106 0.4435957 0.5410043 0.4498061 0.5594517 0.4435957 0.5410043 0.4061303 0.525036 0.4403432 0.5217614 0.4061303 0.525036 0.4399374 0.5022373 0.4403432 0.5217614 0.4399374 0.5022373 0.4082113 0.4757177 0.4423763 0.4829193 0.4082113 0.4757177 0.4477644 0.4643144 0.4423763 0.4829193 0.5003289 0.361436 0.4722852 0.3933944 0.466373 0.3748491 0.4722852 0.3933944 0.5094882 0.4099645 0.4752271 0.4126871 0.5094882 0.4099645 0.475318 0.4322151 0.4752271 0.4126871 0.475318 0.4322151 0.5066125 0.4592428 0.4725679 0.4514914 0.4725679 0.4514914 0.5005462 0.4830998 0.4668806 0.470007 0.1106121 0.04337596 0.08418017 0.07762032 0.0769509 0.05952775 0.08418017 0.07762032 0.1224854 0.09132093 0.08846586 0.09670495 0.1224854 0.09132093 0.08997642 0.1162613 0.08846586 0.09670495 0.1239756 0.1160604 0.08877402 0.1358184 0.08997642 0.1162613 0.08877402 0.1358184 0.1185469 0.1651092 0.08481305 0.1549077 0.08481305 0.1549077 0.1112481 0.1885954 0.07794773 0.1730164 0.2014064 0.6254063 0.1738815 0.6578126 0.1676711 0.6393651 0.1738815 0.6578126 0.2113468 0.6737808 0.177134 0.6770554 0.2113468 0.6737808 0.1775397 0.6965792 0.177134 0.6770554 0.2117841 0.6985297 0.2436587 0.7289285 0.2092658 0.7230989 0.2436587 0.7289285 0.203585 0.7470505 0.2092658 0.7230989 0.7746938 0.2789058 0.7340337 0.2613371 0.7685291 0.2549504 0.7340337 0.2613371 0.7655345 0.2303772 0.7685291 0.2549504 0.7314332 0.2324724 0.7654962 0.2056242 0.7655345 0.2303772 0.731457 0.2035152 0.7684102 0.1810989 0.7654962 0.2056242 0.7684102 0.1810989 0.7396754 0.146353 0.7744765 0.1572418 0.3812218 0.4096626 0.409074 0.3729239 0.4165912 0.3964942 0.374558 0.3814311 0.4047179 0.3485493 0.409074 0.3729239 0.4047179 0.3485493 0.3695042 0.3238651 0.4032278 0.3238098 0.3695042 0.3238651 0.4045091 0.2990865 0.4032278 0.3238098 0.3706777 0.2950105 0.4086564 0.274761 0.4045091 0.2990865 0.3744145 0.2664067 0.4159551 0.2512748 0.4086564 0.274761 0.3810652 0.5849107 0.4095207 0.5495577 0.4160708 0.5734106 0.4095207 0.5495577 0.3720673 0.5276806 0.4061303 0.525036 0.3720673 0.5276806 0.4056929 0.5002868 0.4061303 0.525036 0.4056929 0.5002868 0.3738184 0.469888 0.4082113 0.4757177 0.3738184 0.469888 0.4138922 0.451766 0.4082113 0.4757177 0.5355153 0.3505017 0.5064936 0.3853914 0.5003289 0.361436 0.5064936 0.3853914 0.5435895 0.4078693 0.5094882 0.4099645 0.5094882 0.4099645 0.5435657 0.4368265 0.5095265 0.4347175 0.5095265 0.4347175 0.5409069 0.4656262 0.5066125 0.4592428 0.5409069 0.4656262 0.5005462 0.4830998 0.5066125 0.4592428 0.1459814 0.03020757 0.1181293 0.06694626 0.1106121 0.04337596 0.1526453 0.05843907 0.1224854 0.09132093 0.1181293 0.06694626 0.1564376 0.08712452 0.1239756 0.1160604 0.1224854 0.09132093 0.1239756 0.1160604 0.1565257 0.1448597 0.1226942 0.1407837 0.1226942 0.1407837 0.1527889 0.1734635 0.1185469 0.1651092 0.1185469 0.1651092 0.1461212 0.2015431 0.1112481 0.1885954 0.2364119 0.6139062 0.2079564 0.6492592 0.2014064 0.6254063 0.2423444 0.6423172 0.2113468 0.6737808 0.2079564 0.6492592 0.2454099 0.6711363 0.2117841 0.6985297 0.2113468 0.6737808 0.2458528 0.7000897 0.2782594 0.7331573 0.2436587 0.7289285 0.2436587 0.7289285 0.2744929 0.7650149 0.2385571 0.757377 0.7395074 0.2898401 0.6993226 0.2659247 0.7340337 0.2613371 0.7340337 0.2613371 0.6974602 0.2339092 0.7314332 0.2324724 0.6974602 0.2339092 0.731457 0.2035152 0.7314332 0.2324724 0.6975391 0.2018845 0.7341158 0.1747154 0.731457 0.2035152 0.7341158 0.1747154 0.7038674 0.1381368 0.7396754 0.146353 0.3444977 0.4193162 0.374558 0.3814311 0.3812218 0.4096626 0.3396158 0.3875492 0.3707658 0.3527456 0.374558 0.3814311 0.3707658 0.3527456 0.3359848 0.3238138 0.3695042 0.3238651 0.3359848 0.3238138 0.3706777 0.2950105 0.3695042 0.3238651 0.3368916 0.2919563 0.3744145 0.2664067 0.3706777 0.2950105 0.3397248 0.2601841 0.3810821 0.238327 0.3744145 0.2664067 0.3450227 0.5935047 0.3751327 0.5564997 0.3810652 0.5849107 0.3751327 0.5564997 0.3381218 0.5296649 0.3720673 0.5276806 0.3381218 0.5296649 0.3716242 0.4987269 0.3720673 0.5276806 0.3716242 0.4987269 0.3392178 0.4656592 0.3738184 0.469888 0.3392178 0.4656592 0.3789201 0.4414396 0.3738184 0.469888 0.5716918 0.3424899 0.540989 0.3790046 0.5355153 0.3505017 0.5757001 0.374417 0.5435895 0.4078693 0.540989 0.3790046 0.5435895 0.4078693 0.5774837 0.4384572 0.5435657 0.4368265 0.5435657 0.4368265 0.5754349 0.4704123 0.5409069 0.4656262 0.5409069 0.4656262 0.5711553 0.5022049 0.5353472 0.4939887 0.1827056 0.02055394 0.1526453 0.05843907 0.1459814 0.03020757 0.1875876 0.05232095 0.1564376 0.08712452 0.1526453 0.05843907 0.1564376 0.08712452 0.1912185 0.1160564 0.1576992 0.1160051 0.1912185 0.1160564 0.1565257 0.1448597 0.1576992 0.1160051 0.1565257 0.1448597 0.1874785 0.179686 0.1527889 0.1734635 0.1874785 0.179686 0.1461212 0.2015431 0.1527889 0.1734635 0.2364119 0.6139062 0.2769771 0.6371706 0.2423444 0.6423172 0.2769771 0.6371706 0.2454099 0.6711363 0.2423444 0.6423172 0.2454099 0.6711363 0.2797927 0.7011734 0.2458528 0.7000897 0.31365 0.7017164 0.2782594 0.7331573 0.2797927 0.7011734 0.3130201 0.7356257 0.2744929 0.7650149 0.2782594 0.7331573 0.6664929 0.3026516 0.6993226 0.2659247 0.703331 0.2978519 0.6644803 0.2686148 0.6974602 0.2339092 0.6993226 0.2659247 0.6974602 0.2339092 0.663695 0.2007957 0.6975391 0.2018845 0.663695 0.2007957 0.6995878 0.1699294 0.6975391 0.2018845 0.6995878 0.1699294 0.6672902 0.1329456 0.7038674 0.1381368 0.3068757 0.4251165 0.3396158 0.3875492 0.3444977 0.4193162 0.3044071 0.391165 0.3368717 0.3556964 0.3396158 0.3875492 0.3030256 0.3573892 0.3359848 0.3238138 0.3368717 0.3556964 0.3025993 0.3236936 0.3368916 0.2919563 0.3359848 0.3238138 0.3368916 0.2919563 0.304692 0.256286 0.3397248 0.2601841 0.3397248 0.2601841 0.3075585 0.2224316 0.344838 0.2285732 0.3450227 0.5935047 0.3057057 0.5648978 0.3405001 0.5616462 0.3405001 0.5616462 0.3042572 0.5309861 0.3381218 0.5296649 0.3381218 0.5296649 0.3038272 0.4971001 0.3376845 0.4976431 0.3376845 0.4976431 0.304457 0.4631908 0.3392178 0.4656592 0.3392178 0.4656592 0.3063281 0.4292008 0.3429842 0.4338017 0.6085298 0.3376901 0.5757001 0.374417 0.5716918 0.3424899 0.6105425 0.3717269 0.5775625 0.4064325 0.5757001 0.374417 0.611444 0.4056575 0.5774837 0.4384572 0.5775625 0.4064325 0.6113277 0.439546 0.5754349 0.4704123 0.5774837 0.4384572 0.6101512 0.4734407 0.5711553 0.5022049 0.5754349 0.4704123 0.1827056 0.02055394 0.2227962 0.0487051 0.1875876 0.05232095 0.2227962 0.0487051 0.1903316 0.08417379 0.1875876 0.05232095 0.2241778 0.08248096 0.1912185 0.1160564 0.1903316 0.08417379 0.224604 0.1161766 0.1903117 0.1479139 0.1912185 0.1160564 0.1903117 0.1479139 0.2225113 0.1835841 0.1874785 0.179686 0.1874785 0.179686 0.2196449 0.2174385 0.1823654 0.2112969 0.3092104 0.5999192 0.2769771 0.6371706 0.2724545 0.6053122 0.3117715 0.6339192 0.2793554 0.6691519 0.2769771 0.6371706 0.2793554 0.6691519 0.31365 0.7017164 0.2797927 0.7011734 0.31365 0.7017164 0.3478733 0.7362299 0.3130201 0.7356257 0.3478733 0.7362299 0.3111491 0.7696156 0.3130201 0.7356257 0.6293652 0.3040928 0.6644803 0.2686148 0.6664929 0.3026516 0.6644803 0.2686148 0.6297503 0.2348101 0.6635787 0.2346842 0.6297503 0.2348101 0.663695 0.2007957 0.6635787 0.2346842 0.6298803 0.2002962 0.6648715 0.1669009 0.663695 0.2007957 0.6648715 0.1669009 0.6302583 0.1310132 0.6672902 0.1329456 0.2688602 0.4268968 0.3044071 0.391165 0.3068757 0.4251165 0.269097 0.3922403 0.3030256 0.3573892 0.3044071 0.391165 0.2692169 0.3578364 0.3025993 0.3236936 0.3030256 0.3573892 0.3025993 0.3236936 0.2693392 0.2892418 0.3031195 0.290013 0.3031195 0.290013 0.2694487 0.2548372 0.304692 0.256286 0.2694487 0.2548372 0.3075585 0.2224316 0.304692 0.256286 0.271167 0.6009371 0.3057057 0.5648978 0.3082668 0.5988976 0.2708373 0.5662163 0.3042572 0.5309861 0.3057057 0.5648978 0.2704352 0.5316573 0.3038272 0.4971001 0.3042572 0.5309861 0.3038272 0.4971001 0.2696039 0.4625867 0.304457 0.4631908 0.2696039 0.4625867 0.3063281 0.4292008 0.304457 0.4631908 0.6456575 0.3362489 0.6105425 0.3717269 0.6085298 0.3376901 0.6105425 0.3717269 0.6452725 0.4055317 0.611444 0.4056575 0.611444 0.4056575 0.6451425 0.4400454 0.6113277 0.439546 0.6451425 0.4400454 0.6101512 0.4734407 0.6113277 0.439546 0.6449903 0.4746068 0.6077325 0.5073961 0.6101512 0.4734407 0.2583431 0.01297342 0.2227962 0.0487051 0.2203276 0.01475363 0.2581064 0.04762983 0.2241778 0.08248096 0.2227962 0.0487051 0.2241778 0.08248096 0.2579233 0.1163309 0.224604 0.1161766 0.2579233 0.1163309 0.2240839 0.1498572 0.224604 0.1161766 0.2578641 0.1506284 0.2225113 0.1835841 0.2240839 0.1498572 0.2577547 0.185033 0.2196449 0.2174385 0.2225113 0.1835841 0.3092104 0.5999192 0.3466398 0.6326006 0.3117715 0.6339192 0.3117715 0.6339192 0.3470419 0.6671597 0.3132199 0.6678309 0.3470419 0.6671597 0.31365 0.7017164 0.3132199 0.6678309 0.3812892 0.7010009 0.3478733 0.7362299 0.3474684 0.7016707 0.3478733 0.7362299 0.3853039 0.7689138 0.3482073 0.7709508 0.5923292 0.3021614 0.6295952 0.2693711 0.6293652 0.3040928 0.6295952 0.2693711 0.5959349 0.2343106 0.6297503 0.2348101 0.5959349 0.2343106 0.6298803 0.2002962 0.6297503 0.2348101 0.596053 0.2004208 0.6300325 0.165735 0.6298803 0.2002962 0.5951499 0.166489 0.6302583 0.1310132 0.6300325 0.165735 0.2688602 0.4268968 0.2338465 0.3907933 0.269097 0.3922403 0.269097 0.3922403 0.2354337 0.357066 0.2692169 0.3578364 0.2692169 0.3578364 0.2359619 0.3233835 0.2692801 0.3235393 0.2692801 0.3235393 0.2355352 0.2896853 0.2693392 0.2892418 0.2355352 0.2896853 0.2694487 0.2548372 0.2693392 0.2892418 0.2341456 0.2559076 0.2696722 0.2201803 0.2694487 0.2548372 0.271167 0.6009371 0.2359816 0.5656131 0.2708373 0.5662163 0.2359816 0.5656131 0.2704352 0.5316573 0.2708373 0.5662163 0.2366162 0.5317031 0.2700087 0.4971458 0.2704352 0.5316573 0.2361879 0.4978157 0.2696039 0.4625867 0.2700087 0.4971458 0.2347379 0.4639029 0.2692699 0.4278657 0.2696039 0.4625867 0.6826935 0.3381803 0.6454275 0.3709706 0.6456575 0.3362489 0.680269 0.3721356 0.6452725 0.4055317 0.6454275 0.3709706 0.6790878 0.406031 0.6451425 0.4400454 0.6452725 0.4055317 0.6451425 0.4400454 0.6798728 0.4738527 0.6449903 0.4746068 0.6798728 0.4738527 0.6447644 0.5093285 0.6449903 0.4746068 0.2583431 0.01297342 0.2933568 0.04907679 0.2581064 0.04762983 0.2933568 0.04907679 0.2579864 0.08203369 0.2581064 0.04762983 0.2917696 0.08280414 0.2579233 0.1163309 0.2579864 0.08203369 0.2912414 0.1164867 0.2578641 0.1506284 0.2579233 0.1163309 0.2916682 0.1501848 0.2577547 0.185033 0.2578641 0.1506284 0.2930577 0.1839626 0.2575312 0.2196898 0.2577547 0.185033 0.3833724 0.5992138 0.3466398 0.6326006 0.34631 0.5978798 0.3814955 0.6332038 0.3470419 0.6671597 0.3466398 0.6326006 0.3470419 0.6671597 0.3812892 0.7010009 0.3474684 0.7016707 0.4151516 0.6996824 0.3827392 0.7349136 0.3812892 0.7010009 0.3827392 0.7349136 0.4220576 0.7635244 0.3853039 0.7689138 0.5923292 0.3021614 0.5600349 0.2651773 0.5947538 0.2682061 0.5600349 0.2651773 0.5959349 0.2343106 0.5947538 0.2682061 0.5959349 0.2343106 0.5621737 0.2011931 0.596053 0.2004208 0.5621737 0.2011931 0.5951499 0.166489 0.596053 0.2004208 0.5603104 0.1691755 0.5931337 0.1324519 0.5951499 0.166489 0.1936705 0.4185016 0.2338465 0.3907933 0.2309632 0.4246466 0.2338465 0.3907933 0.2016605 0.3551201 0.2354337 0.357066 0.2016605 0.3551201 0.2359619 0.3233835 0.2354337 0.357066 0.20258 0.3232586 0.2355352 0.2896853 0.2359619 0.3233835 0.2016953 0.2913715 0.2341456 0.2559076 0.2355352 0.2896853 0.1989439 0.2595158 0.2316651 0.2219561 0.2341456 0.2559076 0.2341048 0.5996032 0.2012185 0.5631445 0.2359816 0.5656131 0.2012185 0.5631445 0.2366162 0.5317031 0.2359816 0.5656131 0.2366162 0.5317031 0.2023255 0.4991341 0.2361879 0.4978157 0.2023255 0.4991341 0.2347379 0.4639029 0.2361879 0.4978157 0.2347379 0.4639029 0.1954195 0.4352921 0.2321732 0.4299027 0.6826935 0.3381803 0.7149878 0.3751645 0.680269 0.3721356 0.7149878 0.3751645 0.6790878 0.406031 0.680269 0.3721356 0.7129315 0.4071211 0.6789697 0.4399209 0.6790878 0.406031 0.712849 0.4391486 0.6798728 0.4738527 0.6789697 0.4399209 0.6798728 0.4738527 0.7187249 0.5030936 0.6818891 0.5078898 0.3335328 0.02136856 0.2933568 0.04907679 0.2962401 0.0152235 0.2933568 0.04907679 0.3255428 0.08475005 0.2917696 0.08280414 0.3255428 0.08475005 0.2912414 0.1164867 0.2917696 0.08280414 0.3246233 0.1166115 0.2916682 0.1501848 0.2912414 0.1164867 0.325508 0.1484987 0.2930577 0.1839626 0.2916682 0.1501848 0.2930577 0.1839626 0.3331542 0.2121206 0.2955383 0.217914 0.3833724 0.5992138 0.4162586 0.6356725 0.3814955 0.6332038 0.3814955 0.6332038 0.4147178 0.6676582 0.3808609 0.6671139 0.4147178 0.6676582 0.3812892 0.7010009 0.3808609 0.6671139 0.4490935 0.6977028 0.417531 0.7316659 0.4151516 0.6996824 0.417531 0.7316659 0.4580991 0.7549353 0.4220576 0.7635244 0.519931 0.2887501 0.5600349 0.2651773 0.5557465 0.2969696 0.5255046 0.2603887 0.5620912 0.2332206 0.5600349 0.2651773 0.5620912 0.2332206 0.5282045 0.2026254 0.5621737 0.2011931 0.5621737 0.2011931 0.5256024 0.1737577 0.5603104 0.1691755 0.5256024 0.1737577 0.5562978 0.137248 0.5603104 0.1691755 0.1936705 0.4185016 0.1641101 0.380663 0.1988065 0.3868933 0.1641101 0.380663 0.2016605 0.3551201 0.1988065 0.3868933 0.1678763 0.3520585 0.20258 0.3232586 0.2016605 0.3551201 0.20258 0.3232586 0.1678102 0.2943122 0.2016953 0.2913715 0.2016953 0.2913715 0.1640089 0.2656236 0.1989439 0.2595158 0.1640089 0.2656236 0.1940492 0.2277495 0.1989439 0.2595158 0.1974431 0.5950018 0.1666154 0.5589131 0.2012185 0.5631445 0.1666154 0.5589131 0.2027593 0.5311587 0.2012185 0.5631445 0.2027593 0.5311587 0.1683836 0.5011138 0.2023255 0.4991341 0.1683836 0.5011138 0.1999462 0.4671507 0.2023255 0.4991341 0.1653166 0.4722919 0.1954195 0.4352921 0.1999462 0.4671507 0.7192761 0.3433721 0.7495182 0.379953 0.7149878 0.3751645 0.7149878 0.3751645 0.7468475 0.4087553 0.7129315 0.4071211 0.7129315 0.4071211 0.7468183 0.4377163 0.712849 0.4391486 0.7468183 0.4377163 0.7147125 0.4711661 0.712849 0.4391486 0.7494204 0.466584 0.7187249 0.5030936 0.7147125 0.4711661 0.3335328 0.02136856 0.3630932 0.05920714 0.3283968 0.0529769 0.3283968 0.0529769 0.359327 0.08781158 0.3255428 0.08475005 0.359327 0.08781158 0.3246233 0.1166115 0.3255428 0.08475005 0.3246233 0.1166115 0.3593931 0.145558 0.325508 0.1484987 0.3593931 0.145558 0.3282594 0.1803544 0.325508 0.1484987 0.3631944 0.1742465 0.3331542 0.2121206 0.3282594 0.1803544 0.4559774 0.6114562 0.4162586 0.6356725 0.420034 0.6038151 0.4162586 0.6356725 0.4486558 0.6687453 0.4147178 0.6676582 0.4486558 0.6687453 0.4151516 0.6996824 0.4147178 0.6676582 0.4831499 0.6950657 0.4521605 0.7265246 0.4490935 0.6977028 0.4521605 0.7265246 0.4931056 0.7434407 0.4580991 0.7549353 0.485119 0.2778523 0.5255046 0.2603887 0.519931 0.2887501 0.4912087 0.2539985 0.5281752 0.2315865 0.5255046 0.2603887 0.5281752 0.2315865 0.4941099 0.2047131 0.5282045 0.2026254 0.5282045 0.2026254 0.4911109 0.1801372 0.5256024 0.1737577 0.4911109 0.1801372 0.5201226 0.145255 0.5256024 0.1737577 0.1574098 0.4087371 0.1298631 0.3722909 0.1641101 0.380663 0.1641101 0.380663 0.1340523 0.3479673 0.1678763 0.3520585 0.1340523 0.3479673 0.1690679 0.3231987 0.1678763 0.3520585 0.1690679 0.3231987 0.1338717 0.2984945 0.1678102 0.2943122 0.1338717 0.2984945 0.1640089 0.2656236 0.1678102 0.2943122 0.1640089 0.2656236 0.1219596 0.2505559 0.1573288 0.2373948 0.1614997 0.5873607 0.1322209 0.5530766 0.1666154 0.5589131 0.1322209 0.5530766 0.1688213 0.5300716 0.1666154 0.5589131 0.1688213 0.5300716 0.1343273 0.5037508 0.1683836 0.5011138 0.1343273 0.5037508 0.1653166 0.4722919 0.1683836 0.5011138 0.1309325 0.4792265 0.159378 0.4438812 0.1653166 0.4722919 0.7550917 0.3515915 0.7838141 0.3863433 0.7495182 0.379953 0.7838141 0.3863433 0.7468475 0.4087553 0.7495182 0.379953 0.7808816 0.410871 0.7468183 0.4377163 0.7468475 0.4087553 0.7809128 0.4356287 0.7494204 0.466584 0.7468183 0.4377163 0.7839118 0.4602046 0.7549002 0.4950866 0.7494204 0.466584 0.3697935 0.03113305 0.3973402 0.06757926 0.3630932 0.05920714 0.3630932 0.05920714 0.3931509 0.09190285 0.359327 0.08781158 0.359327 0.08781158 0.3918449 0.1166307 0.3581354 0.1166715 0.3918449 0.1166307 0.3593931 0.145558 0.3581354 0.1166715 0.3933316 0.1413757 0.3631944 0.1742465 0.3593931 0.145558 0.3977024 0.1657512 0.3698745 0.2024753 0.3631944 0.1742465 0.4909605 0.6217913 0.4508618 0.6399038 0.4559774 0.6114562 0.4852561 0.6457402 0.4486558 0.6687453 0.4508618 0.6399038 0.4827196 0.6703121 0.4490935 0.6977028 0.4486558 0.6687453 0.5173479 0.6918028 0.4865446 0.7195901 0.4831499 0.6950657 0.4865446 0.7195901 0.5268483 0.7294825 0.4931056 0.7434407 0.4514355 0.2647352 0.4912087 0.2539985 0.485119 0.2778523 0.4912087 0.2539985 0.4599463 0.2269544 0.4941411 0.2294707 0.4599463 0.2269544 0.4941099 0.2047131 0.4941411 0.2294707 0.4598637 0.2074242 0.4911109 0.1801372 0.4941099 0.2047131 0.4569084 0.1881326 0.4849353 0.1561838 0.4911109 0.1801372 0.1225161 0.3957653 0.09612911 0.3620488 0.1298631 0.3722909 0.09612911 0.3620488 0.1340523 0.3479673 0.1298631 0.3722909 0.1001523 0.3429713 0.1353583 0.3232394 0.1340523 0.3479673 0.1353583 0.3232394 0.09987694 0.3038614 0.1338717 0.2984945 0.09987694 0.3038614 0.1295009 0.274119 0.1338717 0.2984945 0.09556186 0.2847848 0.1219596 0.2505559 0.1295009 0.274119 0.1265166 0.5770255 0.09805709 0.5458574 0.1322209 0.5530766 0.09805709 0.5458574 0.1347576 0.5285048 0.1322209 0.5530766 0.1347576 0.5285048 0.1001292 0.5070138 0.1343273 0.5037508 0.1001292 0.5070138 0.1309325 0.4792265 0.1343273 0.5037508 0.09686326 0.4877723 0.1243715 0.4553759 0.1309325 0.4792265 0.8235873 0.3756065 0.7838141 0.3863433 0.7899037 0.3624894 0.8178571 0.3941122 0.7808816 0.410871 0.7838141 0.3863433 0.7808816 0.410871 0.815159 0.4329174 0.7809128 0.4356287 0.7809128 0.4356287 0.8181143 0.4522091 0.7839118 0.4602046 0.8181143 0.4522091 0.7900874 0.4841578 0.7839118 0.4602046 0.4046872 0.04410493 0.4310742 0.07782137 0.3973402 0.06757926 0.4310742 0.07782137 0.3931509 0.09190285 0.3973402 0.06757926 0.3931509 0.09190285 0.4258153 0.1164535 0.3918449 0.1166307 0.3918449 0.1166307 0.4273264 0.1360087 0.3933316 0.1413757 0.4273264 0.1360087 0.3977024 0.1657512 0.3933316 0.1413757 0.3977024 0.1657512 0.4389134 0.1731584 0.4052438 0.1893142 0.5248512 0.6343637 0.4852561 0.6457402 0.4909605 0.6217913 0.4852561 0.6457402 0.5169504 0.6722767 0.4827196 0.6703121 0.5169504 0.6722767 0.4831499 0.6950657 0.4827196 0.6703121 0.5516886 0.687986 0.5206139 0.7110443 0.5173479 0.6918028 0.5543195 0.7011686 0.5268483 0.7294825 0.5206139 0.7110443 0.4514355 0.2647352 0.4233599 0.2373722 0.4571657 0.2462294 0.4571657 0.2462294 0.425568 0.2241393 0.4599463 0.2269544 0.425568 0.2241393 0.4598637 0.2074242 0.4599463 0.2269544 0.4254661 0.210687 0.4569084 0.1881326 0.4598637 0.2074242 0.4230479 0.1974636 0.4509721 0.1695963 0.4569084 0.1881326 0.0891878 0.3801314 0.06290984 0.3503112 0.09612911 0.3620488 0.06290984 0.3503112 0.1001523 0.3429713 0.09612911 0.3620488 0.06614208 0.3372507 0.101388 0.3234167 0.1001523 0.3429713 0.101388 0.3234167 0.06584167 0.3102809 0.09987694 0.3038614 0.09987694 0.3038614 0.06229573 0.2972636 0.09556186 0.2847848 0.06229573 0.2972636 0.08828997 0.2667117 0.09556186 0.2847848 0.09262597 0.5644532 0.0641129 0.5375464 0.09805709 0.5458574 0.09805709 0.5458574 0.06610739 0.5242795 0.1005266 0.5265401 0.06610739 0.5242795 0.1001292 0.5070138 0.1005266 0.5265401 0.1001292 0.5070138 0.06315761 0.497648 0.09686326 0.4877723 0.06315761 0.497648 0.09062892 0.4693341 0.09686326 0.4877723 0.8235873 0.3756065 0.8516628 0.4029694 0.8178571 0.3941122 0.8516628 0.4029694 0.8150764 0.4133872 0.8178571 0.3941122 0.8150764 0.4133872 0.8495567 0.4296547 0.815159 0.4329174 0.8495567 0.4296547 0.8181143 0.4522091 0.815159 0.4329174 0.8519749 0.4428781 0.8240507 0.4707455 0.8181143 0.4522091 0.4380155 0.05973875 0.4642934 0.08955895 0.4310742 0.07782137 0.4310742 0.07782137 0.4610612 0.1026195 0.427051 0.09689885 0.4610612 0.1026195 0.4258153 0.1164535 0.427051 0.09689885 0.4258153 0.1164535 0.4613617 0.1295893 0.4273264 0.1360087 0.4613617 0.1295893 0.4316415 0.1550854 0.4273264 0.1360087 0.4316415 0.1550854 0.4707438 0.1546983 0.4389134 0.1731584 0.5576805 0.6486387 0.51942 0.6529595 0.5248512 0.6343637 0.51942 0.6529595 0.5513698 0.6745373 0.5169504 0.6722767 0.5513698 0.6745373 0.5173479 0.6918028 0.5169504 0.6722767 0.5998625 0.6820753 0.5543195 0.7011686 0.5516886 0.687986 0.6007291 0.6860752 0.5592691 0.7136281 0.5543195 0.7011686 0.4188405 0.2499328 0.3765321 0.2239404 0.4233599 0.2373722 0.3765321 0.2239404 0.425568 0.2241393 0.4233599 0.2373722 0.3772472 0.219917 0.4254661 0.210687 0.425568 0.2241393 0.4254661 0.210687 0.376401 0.211807 0.4230479 0.1974636 0.376401 0.211807 0.4182998 0.1849261 0.4230479 0.1974636 0.01552951 0.3361997 0.06290984 0.3503112 0.05741423 0.3624837 0.01730483 0.3325364 0.06614208 0.3372507 0.06290984 0.3503112 0.01836144 0.3285691 0.06711924 0.323759 0.06614208 0.3372507 0.06711924 0.323759 0.01823079 0.3203453 0.06584167 0.3102809 0.06584167 0.3102809 0.01704609 0.3164052 0.06229573 0.2972636 0.01704609 0.3164052 0.05645942 0.2851719 0.06229573 0.2972636 0.05979663 0.5501781 0.01707464 0.5248712 0.0641129 0.5375464 0.0641129 0.5375464 0.01772481 0.5208368 0.06610739 0.5242795 0.01772481 0.5208368 0.06578862 0.5108307 0.06610739 0.5242795 0.06578862 0.5108307 0.01674801 0.5127416 0.06315761 0.497648 0.01674801 0.5127416 0.05820798 0.4851886 0.06315761 0.497648 0.8561822 0.3904089 0.8984907 0.4164012 0.8516628 0.4029694 0.8984907 0.4164012 0.8494548 0.4162024 0.8516628 0.4029694 0.8494548 0.4162024 0.8978196 0.4245214 0.8495567 0.4296547 0.8978196 0.4245214 0.8519749 0.4428781 0.8495567 0.4296547 0.8986217 0.4285347 0.8567229 0.4554156 0.8519749 0.4428781 0.4697891 0.07738649 0.5098984 0.1073337 0.4642934 0.08955895 0.5098984 0.1073337 0.4610612 0.1026195 0.4642934 0.08955895 0.5088419 0.1113011 0.4600841 0.1161112 0.4610612 0.1026195 0.5085306 0.1154176 0.4613617 0.1295893 0.4600841 0.1161112 0.5089725 0.119525 0.4649075 0.1426066 0.4613617 0.1295893 0.4649075 0.1426066 0.5120556 0.1270829 0.4707438 0.1546983 0.6017968 0.6701274 0.5533642 0.6612704 0.5576805 0.6486387 0.5533642 0.6612704 0.5997523 0.6779799 0.5513698 0.6745373 0.5997523 0.6779799 0.5516886 0.687986 0.5513698 0.6745373 0.2396602 0.889735 0.2591827 0.9878812 0.2396602 0.9898039 0.2396602 0.889735 0.2779549 0.9821867 0.2591827 0.9878812 0.2396602 0.889735 0.2952556 0.9729393 0.2779549 0.9821867 0.2396602 0.889735 0.3104196 0.9604944 0.2952556 0.9729393 0.2396602 0.889735 0.3228645 0.9453304 0.3104196 0.9604944 0.2396602 0.889735 0.3321119 0.9280298 0.3228645 0.9453304 0.2396602 0.889735 0.3378064 0.9092574 0.3321119 0.9280298 0.2396602 0.889735 0.3397292 0.889735 0.3378064 0.9092574 0.2396602 0.889735 0.3378064 0.8702124 0.3397292 0.889735 0.2396602 0.889735 0.3321119 0.8514401 0.3378064 0.8702124 0.2396602 0.889735 0.3228645 0.8341396 0.3321119 0.8514401 0.2396602 0.889735 0.3104196 0.8189755 0.3228645 0.8341396 0.2396602 0.889735 0.2952555 0.8065306 0.3104196 0.8189755 0.2396602 0.889735 0.2779549 0.7972832 0.2952555 0.8065306 0.2396602 0.889735 0.2591826 0.7915888 0.2779549 0.7972832 0.2396602 0.889735 0.2396601 0.7896661 0.2591826 0.7915888 0.2396602 0.889735 0.2201375 0.7915888 0.2396601 0.7896661 0.2396602 0.889735 0.2013653 0.7972833 0.2201375 0.7915888 0.2396602 0.889735 0.1840648 0.8065307 0.2013653 0.7972833 0.2396602 0.889735 0.1689006 0.8189756 0.1840648 0.8065307 0.2396602 0.889735 0.1564558 0.8341397 0.1689006 0.8189756 0.2396602 0.889735 0.1472084 0.8514403 0.1564558 0.8341397 0.2396602 0.889735 0.141514 0.8702126 0.1472084 0.8514403 0.2396602 0.889735 0.1395912 0.8897351 0.141514 0.8702126 0.2396602 0.889735 0.141514 0.9092577 0.1395912 0.8897351 0.2396602 0.889735 0.1472086 0.9280299 0.141514 0.9092577 0.2396602 0.889735 0.1564559 0.9453305 0.1472086 0.9280299 0.2396602 0.889735 0.1689008 0.9604945 0.1564559 0.9453305 0.2396602 0.889735 0.184065 0.9729393 0.1689008 0.9604945 0.2396602 0.889735 0.2013656 0.9821868 0.184065 0.9729393 0.2396602 0.889735 0.2201379 0.9878812 0.2013656 0.9821868 0.2396602 0.889735 0.2396602 0.9898039 0.2201379 0.9878812 0.1430776 0.6943503 0.141144 0.7076418 0.1073206 0.6988 0.141144 0.7076418 0.1369333 0.7203159 0.1050635 0.7052436 0.8727095 0.233866 0.841282 0.250206 0.8366159 0.2376288 0.8701925 0.2274972 0.8366159 0.2376288 0.8342381 0.2243819 0.8342381 0.2243819 0.8341264 0.2109109 0.8688017 0.2138239 0.8688017 0.2138239 0.8341264 0.2109109 0.8362741 0.1976521 0.8699505 0.2070381 0.8362741 0.1976521 0.8406886 0.1850476 0.4820358 0.3619568 0.4763114 0.349799 0.508961 0.3362935 0.4763114 0.349799 0.4728337 0.3367387 0.5070384 0.3296183 0.4728337 0.3367387 0.4715682 0.3232289 0.5063151 0.3226609 0.4715682 0.3232289 0.4724972 0.3097031 0.5068007 0.3156867 0.4724972 0.3097031 0.4756251 0.2965926 0.5084889 0.308961 0.5084889 0.308961 0.4756251 0.2965926 0.4809707 0.2843426 0.4821876 0.543641 0.4773194 0.5311409 0.5107282 0.5204692 0.5107282 0.5204692 0.4773194 0.5311409 0.4747284 0.5179339 0.4747284 0.5179339 0.4743995 0.5044664 0.5091173 0.5068201 0.5091173 0.5068201 0.4743995 0.5044664 0.4763332 0.4911748 0.5101565 0.5000166 0.4763332 0.4911748 0.4805438 0.4785007 0.4337407 0.3901358 0.4384068 0.4027128 0.4048302 0.4128445 0.4048302 0.4128445 0.4384068 0.4027128 0.4407845 0.4159597 0.4407845 0.4159597 0.4408962 0.4294308 0.406221 0.4265177 0.406221 0.4265177 0.4408962 0.4294308 0.4387486 0.4426895 0.4387486 0.4426895 0.4343342 0.4552941 0.4027115 0.4397099 0.04516756 0.0779134 0.05089187 0.0900712 0.01824241 0.1035767 0.05089187 0.0900712 0.05436962 0.1031315 0.02016496 0.1102519 0.02016496 0.1102519 0.05436962 0.1031315 0.05563515 0.1166412 0.05563515 0.1166412 0.05470615 0.130167 0.02040255 0.1241835 0.02040255 0.1241835 0.05470615 0.130167 0.05157816 0.1432775 0.05157816 0.1432775 0.04623264 0.1555275 0.01584917 0.1371244 0.1352895 0.6551758 0.1401577 0.6676759 0.1067489 0.6783476 0.1067489 0.6783476 0.1401577 0.6676759 0.1427487 0.6808829 0.1081674 0.6850924 0.1427487 0.6808829 0.1430776 0.6943503 0.1430776 0.6943503 0.1775397 0.6965792 0.1751008 0.7158973 0.1751008 0.7158973 0.1697127 0.7345022 0.1369333 0.7203159 0.8086497 0.2654926 0.8027375 0.2469473 0.8366159 0.2376288 0.8366159 0.2376288 0.8027375 0.2469473 0.7997956 0.2276546 0.7997956 0.2276546 0.7997047 0.2081266 0.8341264 0.2109109 0.7997047 0.2081266 0.8024548 0.1888503 0.8362741 0.1976521 0.8362741 0.1976521 0.8024548 0.1888503 0.8081421 0.1703346 0.4502524 0.3803424 0.4430232 0.3622498 0.4763114 0.349799 0.4763114 0.349799 0.4430232 0.3622498 0.4387375 0.3431652 0.4387375 0.3431652 0.4372269 0.3236088 0.4715682 0.3232289 0.4372269 0.3236088 0.4384293 0.3040517 0.4724972 0.3097031 0.4384293 0.3040517 0.4423903 0.2849625 0.4756251 0.2965926 0.4756251 0.2965926 0.4423903 0.2849625 0.4492556 0.2668537 0.4498061 0.5594517 0.4435957 0.5410043 0.4773194 0.5311409 0.4773194 0.5311409 0.4435957 0.5410043 0.4403432 0.5217614 0.4403432 0.5217614 0.4399374 0.5022373 0.4743995 0.5044664 0.4743995 0.5044664 0.4399374 0.5022373 0.4423763 0.4829193 0.4763332 0.4911748 0.4423763 0.4829193 0.4477644 0.4643144 0.466373 0.3748491 0.4722852 0.3933944 0.4384068 0.4027128 0.4722852 0.3933944 0.4752271 0.4126871 0.4407845 0.4159597 0.4752271 0.4126871 0.475318 0.4322151 0.4408962 0.4294308 0.4408962 0.4294308 0.475318 0.4322151 0.4725679 0.4514914 0.4725679 0.4514914 0.4668806 0.470007 0.4343342 0.4552941 0.0769509 0.05952775 0.08418017 0.07762032 0.05089187 0.0900712 0.08418017 0.07762032 0.08846586 0.09670495 0.05436962 0.1031315 0.08846586 0.09670495 0.08997642 0.1162613 0.05563515 0.1166412 0.08997642 0.1162613 0.08877402 0.1358184 0.05470615 0.130167 0.05470615 0.130167 0.08877402 0.1358184 0.08481305 0.1549077 0.05157816 0.1432775 0.08481305 0.1549077 0.07794773 0.1730164 0.1676711 0.6393651 0.1738815 0.6578126 0.1401577 0.6676759 0.1401577 0.6676759 0.1738815 0.6578126 0.177134 0.6770554 0.177134 0.6770554 0.1775397 0.6965792 0.1430776 0.6943503 0.1775397 0.6965792 0.2117841 0.6985297 0.2092658 0.7230989 0.2092658 0.7230989 0.203585 0.7470505 0.1697127 0.7345022 0.7746938 0.2789058 0.7685291 0.2549504 0.8027375 0.2469473 0.7685291 0.2549504 0.7655345 0.2303772 0.7997956 0.2276546 0.7997956 0.2276546 0.7655345 0.2303772 0.7654962 0.2056242 0.7997047 0.2081266 0.7654962 0.2056242 0.7684102 0.1810989 0.8024548 0.1888503 0.7684102 0.1810989 0.7744765 0.1572418 0.4165912 0.3964942 0.409074 0.3729239 0.4430232 0.3622498 0.409074 0.3729239 0.4047179 0.3485493 0.4387375 0.3431652 0.4387375 0.3431652 0.4047179 0.3485493 0.4032278 0.3238098 0.4032278 0.3238098 0.4045091 0.2990865 0.4384293 0.3040517 0.4045091 0.2990865 0.4086564 0.274761 0.4423903 0.2849625 0.4086564 0.274761 0.4159551 0.2512748 0.4492556 0.2668537 0.4160708 0.5734106 0.4095207 0.5495577 0.4435957 0.5410043 0.4435957 0.5410043 0.4095207 0.5495577 0.4061303 0.525036 0.4061303 0.525036 0.4056929 0.5002868 0.4399374 0.5022373 0.4399374 0.5022373 0.4056929 0.5002868 0.4082113 0.4757177 0.4082113 0.4757177 0.4138922 0.451766 0.4477644 0.4643144 0.5003289 0.361436 0.5064936 0.3853914 0.4722852 0.3933944 0.4722852 0.3933944 0.5064936 0.3853914 0.5094882 0.4099645 0.5094882 0.4099645 0.5095265 0.4347175 0.475318 0.4322151 0.475318 0.4322151 0.5095265 0.4347175 0.5066125 0.4592428 0.4725679 0.4514914 0.5066125 0.4592428 0.5005462 0.4830998 0.1106121 0.04337596 0.1181293 0.06694626 0.08418017 0.07762032 0.08418017 0.07762032 0.1181293 0.06694626 0.1224854 0.09132093 0.1224854 0.09132093 0.1239756 0.1160604 0.08997642 0.1162613 0.1239756 0.1160604 0.1226942 0.1407837 0.08877402 0.1358184 0.08877402 0.1358184 0.1226942 0.1407837 0.1185469 0.1651092 0.08481305 0.1549077 0.1185469 0.1651092 0.1112481 0.1885954 0.2014064 0.6254063 0.2079564 0.6492592 0.1738815 0.6578126 0.1738815 0.6578126 0.2079564 0.6492592 0.2113468 0.6737808 0.2113468 0.6737808 0.2117841 0.6985297 0.1775397 0.6965792 0.2117841 0.6985297 0.2458528 0.7000897 0.2436587 0.7289285 0.2436587 0.7289285 0.2385571 0.757377 0.203585 0.7470505 0.7746938 0.2789058 0.7395074 0.2898401 0.7340337 0.2613371 0.7340337 0.2613371 0.7314332 0.2324724 0.7655345 0.2303772 0.7314332 0.2324724 0.731457 0.2035152 0.7654962 0.2056242 0.731457 0.2035152 0.7341158 0.1747154 0.7684102 0.1810989 0.7684102 0.1810989 0.7341158 0.1747154 0.7396754 0.146353 0.3812218 0.4096626 0.374558 0.3814311 0.409074 0.3729239 0.374558 0.3814311 0.3707658 0.3527456 0.4047179 0.3485493 0.4047179 0.3485493 0.3707658 0.3527456 0.3695042 0.3238651 0.3695042 0.3238651 0.3706777 0.2950105 0.4045091 0.2990865 0.3706777 0.2950105 0.3744145 0.2664067 0.4086564 0.274761 0.3744145 0.2664067 0.3810821 0.238327 0.4159551 0.2512748 0.3810652 0.5849107 0.3751327 0.5564997 0.4095207 0.5495577 0.4095207 0.5495577 0.3751327 0.5564997 0.3720673 0.5276806 0.3720673 0.5276806 0.3716242 0.4987269 0.4056929 0.5002868 0.4056929 0.5002868 0.3716242 0.4987269 0.3738184 0.469888 0.3738184 0.469888 0.3789201 0.4414396 0.4138922 0.451766 0.5355153 0.3505017 0.540989 0.3790046 0.5064936 0.3853914 0.5064936 0.3853914 0.540989 0.3790046 0.5435895 0.4078693 0.5094882 0.4099645 0.5435895 0.4078693 0.5435657 0.4368265 0.5095265 0.4347175 0.5435657 0.4368265 0.5409069 0.4656262 0.5409069 0.4656262 0.5353472 0.4939887 0.5005462 0.4830998 0.1459814 0.03020757 0.1526453 0.05843907 0.1181293 0.06694626 0.1526453 0.05843907 0.1564376 0.08712452 0.1224854 0.09132093 0.1564376 0.08712452 0.1576992 0.1160051 0.1239756 0.1160604 0.1239756 0.1160604 0.1576992 0.1160051 0.1565257 0.1448597 0.1226942 0.1407837 0.1565257 0.1448597 0.1527889 0.1734635 0.1185469 0.1651092 0.1527889 0.1734635 0.1461212 0.2015431 0.2364119 0.6139062 0.2423444 0.6423172 0.2079564 0.6492592 0.2423444 0.6423172 0.2454099 0.6711363 0.2113468 0.6737808 0.2454099 0.6711363 0.2458528 0.7000897 0.2117841 0.6985297 0.2458528 0.7000897 0.2797927 0.7011734 0.2782594 0.7331573 0.2436587 0.7289285 0.2782594 0.7331573 0.2744929 0.7650149 0.7395074 0.2898401 0.703331 0.2978519 0.6993226 0.2659247 0.7340337 0.2613371 0.6993226 0.2659247 0.6974602 0.2339092 0.6974602 0.2339092 0.6975391 0.2018845 0.731457 0.2035152 0.6975391 0.2018845 0.6995878 0.1699294 0.7341158 0.1747154 0.7341158 0.1747154 0.6995878 0.1699294 0.7038674 0.1381368 0.3444977 0.4193162 0.3396158 0.3875492 0.374558 0.3814311 0.3396158 0.3875492 0.3368717 0.3556964 0.3707658 0.3527456 0.3707658 0.3527456 0.3368717 0.3556964 0.3359848 0.3238138 0.3359848 0.3238138 0.3368916 0.2919563 0.3706777 0.2950105 0.3368916 0.2919563 0.3397248 0.2601841 0.3744145 0.2664067 0.3397248 0.2601841 0.344838 0.2285732 0.3810821 0.238327 0.3450227 0.5935047 0.3405001 0.5616462 0.3751327 0.5564997 0.3751327 0.5564997 0.3405001 0.5616462 0.3381218 0.5296649 0.3381218 0.5296649 0.3376845 0.4976431 0.3716242 0.4987269 0.3716242 0.4987269 0.3376845 0.4976431 0.3392178 0.4656592 0.3392178 0.4656592 0.3429842 0.4338017 0.3789201 0.4414396 0.5716918 0.3424899 0.5757001 0.374417 0.540989 0.3790046 0.5757001 0.374417 0.5775625 0.4064325 0.5435895 0.4078693 0.5435895 0.4078693 0.5775625 0.4064325 0.5774837 0.4384572 0.5435657 0.4368265 0.5774837 0.4384572 0.5754349 0.4704123 0.5409069 0.4656262 0.5754349 0.4704123 0.5711553 0.5022049 0.1827056 0.02055394 0.1875876 0.05232095 0.1526453 0.05843907 0.1875876 0.05232095 0.1903316 0.08417379 0.1564376 0.08712452 0.1564376 0.08712452 0.1903316 0.08417379 0.1912185 0.1160564 0.1912185 0.1160564 0.1903117 0.1479139 0.1565257 0.1448597 0.1565257 0.1448597 0.1903117 0.1479139 0.1874785 0.179686 0.1874785 0.179686 0.1823654 0.2112969 0.1461212 0.2015431 0.2364119 0.6139062 0.2724545 0.6053122 0.2769771 0.6371706 0.2769771 0.6371706 0.2793554 0.6691519 0.2454099 0.6711363 0.2454099 0.6711363 0.2793554 0.6691519 0.2797927 0.7011734 0.31365 0.7017164 0.3130201 0.7356257 0.2782594 0.7331573 0.3130201 0.7356257 0.3111491 0.7696156 0.2744929 0.7650149 0.6664929 0.3026516 0.6644803 0.2686148 0.6993226 0.2659247 0.6644803 0.2686148 0.6635787 0.2346842 0.6974602 0.2339092 0.6974602 0.2339092 0.6635787 0.2346842 0.663695 0.2007957 0.663695 0.2007957 0.6648715 0.1669009 0.6995878 0.1699294 0.6995878 0.1699294 0.6648715 0.1669009 0.6672902 0.1329456 0.3068757 0.4251165 0.3044071 0.391165 0.3396158 0.3875492 0.3044071 0.391165 0.3030256 0.3573892 0.3368717 0.3556964 0.3030256 0.3573892 0.3025993 0.3236936 0.3359848 0.3238138 0.3025993 0.3236936 0.3031195 0.290013 0.3368916 0.2919563 0.3368916 0.2919563 0.3031195 0.290013 0.304692 0.256286 0.3397248 0.2601841 0.304692 0.256286 0.3075585 0.2224316 0.3450227 0.5935047 0.3082668 0.5988976 0.3057057 0.5648978 0.3405001 0.5616462 0.3057057 0.5648978 0.3042572 0.5309861 0.3381218 0.5296649 0.3042572 0.5309861 0.3038272 0.4971001 0.3376845 0.4976431 0.3038272 0.4971001 0.304457 0.4631908 0.3392178 0.4656592 0.304457 0.4631908 0.3063281 0.4292008 0.6085298 0.3376901 0.6105425 0.3717269 0.5757001 0.374417 0.6105425 0.3717269 0.611444 0.4056575 0.5775625 0.4064325 0.611444 0.4056575 0.6113277 0.439546 0.5774837 0.4384572 0.6113277 0.439546 0.6101512 0.4734407 0.5754349 0.4704123 0.6101512 0.4734407 0.6077325 0.5073961 0.5711553 0.5022049 0.1827056 0.02055394 0.2203276 0.01475363 0.2227962 0.0487051 0.2227962 0.0487051 0.2241778 0.08248096 0.1903316 0.08417379 0.2241778 0.08248096 0.224604 0.1161766 0.1912185 0.1160564 0.224604 0.1161766 0.2240839 0.1498572 0.1903117 0.1479139 0.1903117 0.1479139 0.2240839 0.1498572 0.2225113 0.1835841 0.1874785 0.179686 0.2225113 0.1835841 0.2196449 0.2174385 0.3092104 0.5999192 0.3117715 0.6339192 0.2769771 0.6371706 0.3117715 0.6339192 0.3132199 0.6678309 0.2793554 0.6691519 0.2793554 0.6691519 0.3132199 0.6678309 0.31365 0.7017164 0.31365 0.7017164 0.3474684 0.7016707 0.3478733 0.7362299 0.3478733 0.7362299 0.3482073 0.7709508 0.3111491 0.7696156 0.6293652 0.3040928 0.6295952 0.2693711 0.6644803 0.2686148 0.6644803 0.2686148 0.6295952 0.2693711 0.6297503 0.2348101 0.6297503 0.2348101 0.6298803 0.2002962 0.663695 0.2007957 0.6298803 0.2002962 0.6300325 0.165735 0.6648715 0.1669009 0.6648715 0.1669009 0.6300325 0.165735 0.6302583 0.1310132 0.2688602 0.4268968 0.269097 0.3922403 0.3044071 0.391165 0.269097 0.3922403 0.2692169 0.3578364 0.3030256 0.3573892 0.2692169 0.3578364 0.2692801 0.3235393 0.3025993 0.3236936 0.3025993 0.3236936 0.2692801 0.3235393 0.2693392 0.2892418 0.3031195 0.290013 0.2693392 0.2892418 0.2694487 0.2548372 0.2694487 0.2548372 0.2696722 0.2201803 0.3075585 0.2224316 0.271167 0.6009371 0.2708373 0.5662163 0.3057057 0.5648978 0.2708373 0.5662163 0.2704352 0.5316573 0.3042572 0.5309861 0.2704352 0.5316573 0.2700087 0.4971458 0.3038272 0.4971001 0.3038272 0.4971001 0.2700087 0.4971458 0.2696039 0.4625867 0.2696039 0.4625867 0.2692699 0.4278657 0.3063281 0.4292008 0.6456575 0.3362489 0.6454275 0.3709706 0.6105425 0.3717269 0.6105425 0.3717269 0.6454275 0.3709706 0.6452725 0.4055317 0.611444 0.4056575 0.6452725 0.4055317 0.6451425 0.4400454 0.6451425 0.4400454 0.6449903 0.4746068 0.6101512 0.4734407 0.6449903 0.4746068 0.6447644 0.5093285 0.6077325 0.5073961 0.2583431 0.01297342 0.2581064 0.04762983 0.2227962 0.0487051 0.2581064 0.04762983 0.2579864 0.08203369 0.2241778 0.08248096 0.2241778 0.08248096 0.2579864 0.08203369 0.2579233 0.1163309 0.2579233 0.1163309 0.2578641 0.1506284 0.2240839 0.1498572 0.2578641 0.1506284 0.2577547 0.185033 0.2225113 0.1835841 0.2577547 0.185033 0.2575312 0.2196898 0.2196449 0.2174385 0.3092104 0.5999192 0.34631 0.5978798 0.3466398 0.6326006 0.3117715 0.6339192 0.3466398 0.6326006 0.3470419 0.6671597 0.3470419 0.6671597 0.3474684 0.7016707 0.31365 0.7017164 0.3812892 0.7010009 0.3827392 0.7349136 0.3478733 0.7362299 0.3478733 0.7362299 0.3827392 0.7349136 0.3853039 0.7689138 0.5923292 0.3021614 0.5947538 0.2682061 0.6295952 0.2693711 0.6295952 0.2693711 0.5947538 0.2682061 0.5959349 0.2343106 0.5959349 0.2343106 0.596053 0.2004208 0.6298803 0.2002962 0.596053 0.2004208 0.5951499 0.166489 0.6300325 0.165735 0.5951499 0.166489 0.5931337 0.1324519 0.6302583 0.1310132 0.2688602 0.4268968 0.2309632 0.4246466 0.2338465 0.3907933 0.269097 0.3922403 0.2338465 0.3907933 0.2354337 0.357066 0.2692169 0.3578364 0.2354337 0.357066 0.2359619 0.3233835 0.2692801 0.3235393 0.2359619 0.3233835 0.2355352 0.2896853 0.2355352 0.2896853 0.2341456 0.2559076 0.2694487 0.2548372 0.2341456 0.2559076 0.2316651 0.2219561 0.2696722 0.2201803 0.271167 0.6009371 0.2341048 0.5996032 0.2359816 0.5656131 0.2359816 0.5656131 0.2366162 0.5317031 0.2704352 0.5316573 0.2366162 0.5317031 0.2361879 0.4978157 0.2700087 0.4971458 0.2361879 0.4978157 0.2347379 0.4639029 0.2696039 0.4625867 0.2347379 0.4639029 0.2321732 0.4299027 0.2692699 0.4278657 0.6826935 0.3381803 0.680269 0.3721356 0.6454275 0.3709706 0.680269 0.3721356 0.6790878 0.406031 0.6452725 0.4055317 0.6790878 0.406031 0.6789697 0.4399209 0.6451425 0.4400454 0.6451425 0.4400454 0.6789697 0.4399209 0.6798728 0.4738527 0.6798728 0.4738527 0.6818891 0.5078898 0.6447644 0.5093285 0.2583431 0.01297342 0.2962401 0.0152235 0.2933568 0.04907679 0.2933568 0.04907679 0.2917696 0.08280414 0.2579864 0.08203369 0.2917696 0.08280414 0.2912414 0.1164867 0.2579233 0.1163309 0.2912414 0.1164867 0.2916682 0.1501848 0.2578641 0.1506284 0.2916682 0.1501848 0.2930577 0.1839626 0.2577547 0.185033 0.2930577 0.1839626 0.2955383 0.217914 0.2575312 0.2196898 0.3833724 0.5992138 0.3814955 0.6332038 0.3466398 0.6326006 0.3814955 0.6332038 0.3808609 0.6671139 0.3470419 0.6671597 0.3470419 0.6671597 0.3808609 0.6671139 0.3812892 0.7010009 0.4151516 0.6996824 0.417531 0.7316659 0.3827392 0.7349136 0.3827392 0.7349136 0.417531 0.7316659 0.4220576 0.7635244 0.5923292 0.3021614 0.5557465 0.2969696 0.5600349 0.2651773 0.5600349 0.2651773 0.5620912 0.2332206 0.5959349 0.2343106 0.5959349 0.2343106 0.5620912 0.2332206 0.5621737 0.2011931 0.5621737 0.2011931 0.5603104 0.1691755 0.5951499 0.166489 0.5603104 0.1691755 0.5562978 0.137248 0.5931337 0.1324519 0.1936705 0.4185016 0.1988065 0.3868933 0.2338465 0.3907933 0.2338465 0.3907933 0.1988065 0.3868933 0.2016605 0.3551201 0.2016605 0.3551201 0.20258 0.3232586 0.2359619 0.3233835 0.20258 0.3232586 0.2016953 0.2913715 0.2355352 0.2896853 0.2016953 0.2913715 0.1989439 0.2595158 0.2341456 0.2559076 0.1989439 0.2595158 0.1940492 0.2277495 0.2316651 0.2219561 0.2341048 0.5996032 0.1974431 0.5950018 0.2012185 0.5631445 0.2012185 0.5631445 0.2027593 0.5311587 0.2366162 0.5317031 0.2366162 0.5317031 0.2027593 0.5311587 0.2023255 0.4991341 0.2023255 0.4991341 0.1999462 0.4671507 0.2347379 0.4639029 0.2347379 0.4639029 0.1999462 0.4671507 0.1954195 0.4352921 0.6826935 0.3381803 0.7192761 0.3433721 0.7149878 0.3751645 0.7149878 0.3751645 0.7129315 0.4071211 0.6790878 0.406031 0.7129315 0.4071211 0.712849 0.4391486 0.6789697 0.4399209 0.712849 0.4391486 0.7147125 0.4711661 0.6798728 0.4738527 0.6798728 0.4738527 0.7147125 0.4711661 0.7187249 0.5030936 0.3335328 0.02136856 0.3283968 0.0529769 0.2933568 0.04907679 0.2933568 0.04907679 0.3283968 0.0529769 0.3255428 0.08475005 0.3255428 0.08475005 0.3246233 0.1166115 0.2912414 0.1164867 0.3246233 0.1166115 0.325508 0.1484987 0.2916682 0.1501848 0.325508 0.1484987 0.3282594 0.1803544 0.2930577 0.1839626 0.2930577 0.1839626 0.3282594 0.1803544 0.3331542 0.2121206 0.3833724 0.5992138 0.420034 0.6038151 0.4162586 0.6356725 0.3814955 0.6332038 0.4162586 0.6356725 0.4147178 0.6676582 0.4147178 0.6676582 0.4151516 0.6996824 0.3812892 0.7010009 0.4490935 0.6977028 0.4521605 0.7265246 0.417531 0.7316659 0.417531 0.7316659 0.4521605 0.7265246 0.4580991 0.7549353 0.519931 0.2887501 0.5255046 0.2603887 0.5600349 0.2651773 0.5255046 0.2603887 0.5281752 0.2315865 0.5620912 0.2332206 0.5620912 0.2332206 0.5281752 0.2315865 0.5282045 0.2026254 0.5621737 0.2011931 0.5282045 0.2026254 0.5256024 0.1737577 0.5256024 0.1737577 0.5201226 0.145255 0.5562978 0.137248 0.1936705 0.4185016 0.1574098 0.4087371 0.1641101 0.380663 0.1641101 0.380663 0.1678763 0.3520585 0.2016605 0.3551201 0.1678763 0.3520585 0.1690679 0.3231987 0.20258 0.3232586 0.20258 0.3232586 0.1690679 0.3231987 0.1678102 0.2943122 0.2016953 0.2913715 0.1678102 0.2943122 0.1640089 0.2656236 0.1640089 0.2656236 0.1573288 0.2373948 0.1940492 0.2277495 0.1974431 0.5950018 0.1614997 0.5873607 0.1666154 0.5589131 0.1666154 0.5589131 0.1688213 0.5300716 0.2027593 0.5311587 0.2027593 0.5311587 0.1688213 0.5300716 0.1683836 0.5011138 0.1683836 0.5011138 0.1653166 0.4722919 0.1999462 0.4671507 0.1653166 0.4722919 0.159378 0.4438812 0.1954195 0.4352921 0.7192761 0.3433721 0.7550917 0.3515915 0.7495182 0.379953 0.7149878 0.3751645 0.7495182 0.379953 0.7468475 0.4087553 0.7129315 0.4071211 0.7468475 0.4087553 0.7468183 0.4377163 0.7468183 0.4377163 0.7494204 0.466584 0.7147125 0.4711661 0.7494204 0.466584 0.7549002 0.4950866 0.7187249 0.5030936 0.3335328 0.02136856 0.3697935 0.03113305 0.3630932 0.05920714 0.3283968 0.0529769 0.3630932 0.05920714 0.359327 0.08781158 0.359327 0.08781158 0.3581354 0.1166715 0.3246233 0.1166115 0.3246233 0.1166115 0.3581354 0.1166715 0.3593931 0.145558 0.3593931 0.145558 0.3631944 0.1742465 0.3282594 0.1803544 0.3631944 0.1742465 0.3698745 0.2024753 0.3331542 0.2121206 0.4559774 0.6114562 0.4508618 0.6399038 0.4162586 0.6356725 0.4162586 0.6356725 0.4508618 0.6399038 0.4486558 0.6687453 0.4486558 0.6687453 0.4490935 0.6977028 0.4151516 0.6996824 0.4831499 0.6950657 0.4865446 0.7195901 0.4521605 0.7265246 0.4521605 0.7265246 0.4865446 0.7195901 0.4931056 0.7434407 0.485119 0.2778523 0.4912087 0.2539985 0.5255046 0.2603887 0.4912087 0.2539985 0.4941411 0.2294707 0.5281752 0.2315865 0.5281752 0.2315865 0.4941411 0.2294707 0.4941099 0.2047131 0.5282045 0.2026254 0.4941099 0.2047131 0.4911109 0.1801372 0.4911109 0.1801372 0.4849353 0.1561838 0.5201226 0.145255 0.1574098 0.4087371 0.1225161 0.3957653 0.1298631 0.3722909 0.1641101 0.380663 0.1298631 0.3722909 0.1340523 0.3479673 0.1340523 0.3479673 0.1353583 0.3232394 0.1690679 0.3231987 0.1690679 0.3231987 0.1353583 0.3232394 0.1338717 0.2984945 0.1338717 0.2984945 0.1295009 0.274119 0.1640089 0.2656236 0.1640089 0.2656236 0.1295009 0.274119 0.1219596 0.2505559 0.1614997 0.5873607 0.1265166 0.5770255 0.1322209 0.5530766 0.1322209 0.5530766 0.1347576 0.5285048 0.1688213 0.5300716 0.1688213 0.5300716 0.1347576 0.5285048 0.1343273 0.5037508 0.1343273 0.5037508 0.1309325 0.4792265 0.1653166 0.4722919 0.1309325 0.4792265 0.1243715 0.4553759 0.159378 0.4438812 0.7550917 0.3515915 0.7899037 0.3624894 0.7838141 0.3863433 0.7838141 0.3863433 0.7808816 0.410871 0.7468475 0.4087553 0.7808816 0.410871 0.7809128 0.4356287 0.7468183 0.4377163 0.7809128 0.4356287 0.7839118 0.4602046 0.7494204 0.466584 0.7839118 0.4602046 0.7900874 0.4841578 0.7549002 0.4950866 0.3697935 0.03113305 0.4046872 0.04410493 0.3973402 0.06757926 0.3630932 0.05920714 0.3973402 0.06757926 0.3931509 0.09190285 0.359327 0.08781158 0.3931509 0.09190285 0.3918449 0.1166307 0.3918449 0.1166307 0.3933316 0.1413757 0.3593931 0.145558 0.3933316 0.1413757 0.3977024 0.1657512 0.3631944 0.1742465 0.3977024 0.1657512 0.4052438 0.1893142 0.3698745 0.2024753 0.4909605 0.6217913 0.4852561 0.6457402 0.4508618 0.6399038 0.4852561 0.6457402 0.4827196 0.6703121 0.4486558 0.6687453 0.4827196 0.6703121 0.4831499 0.6950657 0.4490935 0.6977028 0.5173479 0.6918028 0.5206139 0.7110443 0.4865446 0.7195901 0.4865446 0.7195901 0.5206139 0.7110443 0.5268483 0.7294825 0.4514355 0.2647352 0.4571657 0.2462294 0.4912087 0.2539985 0.4912087 0.2539985 0.4571657 0.2462294 0.4599463 0.2269544 0.4599463 0.2269544 0.4598637 0.2074242 0.4941099 0.2047131 0.4598637 0.2074242 0.4569084 0.1881326 0.4911109 0.1801372 0.4569084 0.1881326 0.4509721 0.1695963 0.4849353 0.1561838 0.1225161 0.3957653 0.0891878 0.3801314 0.09612911 0.3620488 0.09612911 0.3620488 0.1001523 0.3429713 0.1340523 0.3479673 0.1001523 0.3429713 0.101388 0.3234167 0.1353583 0.3232394 0.1353583 0.3232394 0.101388 0.3234167 0.09987694 0.3038614 0.09987694 0.3038614 0.09556186 0.2847848 0.1295009 0.274119 0.09556186 0.2847848 0.08828997 0.2667117 0.1219596 0.2505559 0.1265166 0.5770255 0.09262597 0.5644532 0.09805709 0.5458574 0.09805709 0.5458574 0.1005266 0.5265401 0.1347576 0.5285048 0.1347576 0.5285048 0.1005266 0.5265401 0.1001292 0.5070138 0.1001292 0.5070138 0.09686326 0.4877723 0.1309325 0.4792265 0.09686326 0.4877723 0.09062892 0.4693341 0.1243715 0.4553759 0.8235873 0.3756065 0.8178571 0.3941122 0.7838141 0.3863433 0.8178571 0.3941122 0.8150764 0.4133872 0.7808816 0.410871 0.7808816 0.410871 0.8150764 0.4133872 0.815159 0.4329174 0.7809128 0.4356287 0.815159 0.4329174 0.8181143 0.4522091 0.8181143 0.4522091 0.8240507 0.4707455 0.7900874 0.4841578 0.4046872 0.04410493 0.4380155 0.05973875 0.4310742 0.07782137 0.4310742 0.07782137 0.427051 0.09689885 0.3931509 0.09190285 0.3931509 0.09190285 0.427051 0.09689885 0.4258153 0.1164535 0.3918449 0.1166307 0.4258153 0.1164535 0.4273264 0.1360087 0.4273264 0.1360087 0.4316415 0.1550854 0.3977024 0.1657512 0.3977024 0.1657512 0.4316415 0.1550854 0.4389134 0.1731584 0.5248512 0.6343637 0.51942 0.6529595 0.4852561 0.6457402 0.4852561 0.6457402 0.51942 0.6529595 0.5169504 0.6722767 0.5169504 0.6722767 0.5173479 0.6918028 0.4831499 0.6950657 0.5516886 0.687986 0.5543195 0.7011686 0.5206139 0.7110443 0.5543195 0.7011686 0.5592691 0.7136281 0.5268483 0.7294825 0.4514355 0.2647352 0.4188405 0.2499328 0.4233599 0.2373722 0.4571657 0.2462294 0.4233599 0.2373722 0.425568 0.2241393 0.425568 0.2241393 0.4254661 0.210687 0.4598637 0.2074242 0.4254661 0.210687 0.4230479 0.1974636 0.4569084 0.1881326 0.4230479 0.1974636 0.4182998 0.1849261 0.4509721 0.1695963 0.0891878 0.3801314 0.05741423 0.3624837 0.06290984 0.3503112 0.06290984 0.3503112 0.06614208 0.3372507 0.1001523 0.3429713 0.06614208 0.3372507 0.06711924 0.323759 0.101388 0.3234167 0.101388 0.3234167 0.06711924 0.323759 0.06584167 0.3102809 0.09987694 0.3038614 0.06584167 0.3102809 0.06229573 0.2972636 0.06229573 0.2972636 0.05645942 0.2851719 0.08828997 0.2667117 0.09262597 0.5644532 0.05979663 0.5501781 0.0641129 0.5375464 0.09805709 0.5458574 0.0641129 0.5375464 0.06610739 0.5242795 0.06610739 0.5242795 0.06578862 0.5108307 0.1001292 0.5070138 0.1001292 0.5070138 0.06578862 0.5108307 0.06315761 0.497648 0.06315761 0.497648 0.05820798 0.4851886 0.09062892 0.4693341 0.8235873 0.3756065 0.8561822 0.3904089 0.8516628 0.4029694 0.8516628 0.4029694 0.8494548 0.4162024 0.8150764 0.4133872 0.8150764 0.4133872 0.8494548 0.4162024 0.8495567 0.4296547 0.8495567 0.4296547 0.8519749 0.4428781 0.8181143 0.4522091 0.8519749 0.4428781 0.8567229 0.4554156 0.8240507 0.4707455 0.4380155 0.05973875 0.4697891 0.07738649 0.4642934 0.08955895 0.4310742 0.07782137 0.4642934 0.08955895 0.4610612 0.1026195 0.4610612 0.1026195 0.4600841 0.1161112 0.4258153 0.1164535 0.4258153 0.1164535 0.4600841 0.1161112 0.4613617 0.1295893 0.4613617 0.1295893 0.4649075 0.1426066 0.4316415 0.1550854 0.4316415 0.1550854 0.4649075 0.1426066 0.4707438 0.1546983 0.5576805 0.6486387 0.5533642 0.6612704 0.51942 0.6529595 0.51942 0.6529595 0.5533642 0.6612704 0.5513698 0.6745373 0.5513698 0.6745373 0.5516886 0.687986 0.5173479 0.6918028 0.5998625 0.6820753 0.6007291 0.6860752 0.5543195 0.7011686 0.6007291 0.6860752 0.6023294 0.6898248 0.5592691 0.7136281 0.4188405 0.2499328 0.3750764 0.2277355 0.3765321 0.2239404 0.3765321 0.2239404 0.3772472 0.219917 0.425568 0.2241393 0.3772472 0.219917 0.3772031 0.2158203 0.4254661 0.210687 0.4254661 0.210687 0.3772031 0.2158203 0.376401 0.211807 0.376401 0.211807 0.3748614 0.2080321 0.4182998 0.1849261 0.01552951 0.3361997 0.01730483 0.3325364 0.06290984 0.3503112 0.01730483 0.3325364 0.01836144 0.3285691 0.06614208 0.3372507 0.01836144 0.3285691 0.0186727 0.3244525 0.06711924 0.323759 0.06711924 0.323759 0.0186727 0.3244525 0.01823079 0.3203453 0.06584167 0.3102809 0.01823079 0.3203453 0.01704609 0.3164052 0.01704609 0.3164052 0.01514774 0.3127872 0.05645942 0.2851719 0.05979663 0.5501781 0.01568037 0.5286893 0.01707464 0.5248712 0.0641129 0.5375464 0.01707464 0.5248712 0.01772481 0.5208368 0.01772481 0.5208368 0.01761472 0.5167413 0.06578862 0.5108307 0.06578862 0.5108307 0.01761472 0.5167413 0.01674801 0.5127416 0.01674801 0.5127416 0.01514774 0.5089919 0.05820798 0.4851886 0.8561822 0.3904089 0.8999463 0.4126061 0.8984907 0.4164012 0.8984907 0.4164012 0.8977755 0.4204246 0.8494548 0.4162024 0.8494548 0.4162024 0.8977755 0.4204246 0.8978196 0.4245214 0.8978196 0.4245214 0.8986217 0.4285347 0.8519749 0.4428781 0.8986217 0.4285347 0.9001613 0.4323096 0.8567229 0.4554156 0.4697891 0.07738649 0.5116738 0.1036705 0.5098984 0.1073337 0.5098984 0.1073337 0.5088419 0.1113011 0.4610612 0.1026195 0.5088419 0.1113011 0.5085306 0.1154176 0.4600841 0.1161112 0.5085306 0.1154176 0.5089725 0.119525 0.4613617 0.1295893 0.5089725 0.119525 0.5101572 0.1234649 0.4649075 0.1426066 0.4649075 0.1426066 0.5101572 0.1234649 0.5120556 0.1270829 0.6017968 0.6701274 0.6004024 0.6739455 0.5533642 0.6612704 0.5533642 0.6612704 0.6004024 0.6739455 0.5997523 0.6779799 0.5997523 0.6779799 0.5998625 0.6820753 0.5516886 0.687986</float_array>
          <technique_common>
            <accessor source="#Mesh-mesh-map-0-array" count="2880" stride="2">
              <param name="S" type="float"/>
              <param name="T" type="float"/>
            </accessor>
          </technique_common>
        </source>
        <vertices id="Mesh-mesh-vertices">
          <input semantic="POSITION" source="#Mesh-mesh-positions"/>
        </vertices>
        <triangles material="beach_ball_mat_001-material" count="960">
          <input semantic="VERTEX" source="#Mesh-mesh-vertices" offset="0"/>
          <input semantic="NORMAL" source="#Mesh-mesh-normals" offset="1"/>
          <input semantic="TEXCOORD" source="#Mesh-mesh-map-0" offset="2" set="0"/>
          <p>0 0 0 1 1 1 2 2 2 0 3 3 2 4 4 3 5 5 0 6 6 3 7 7 4 8 8 0 9 9 4 10 10 5 11 11 0 12 12 5 13 13 6 14 14 0 15 15 6 16 16 7 17 17 0 18 18 7 19 19 8 20 20 0 21 21 8 22 22 9 23 23 0 24 24 9 25 25 10 26 26 0 27 27 10 28 28 11 29 29 0 30 30 11 31 31 12 32 32 0 33 33 12 34 34 13 35 35 0 36 36 13 37 37 14 38 38 0 39 39 14 40 40 15 41 41 0 42 42 15 43 43 16 44 44 0 45 45 16 46 46 17 47 47 0 48 48 17 49 49 18 50 50 0 51 51 18 52 52 19 53 53 0 54 54 19 55 55 20 56 56 0 57 57 20 58 58 21 59 59 0 60 60 21 61 61 22 62 62 0 63 63 22 64 64 23 65 65 0 66 66 23 67 67 24 68 68 0 69 69 24 70 70 25 71 71 0 72 72 25 73 73 26 74 74 0 75 75 26 76 76 27 77 77 0 78 78 27 79 79 28 80 80 0 81 81 28 82 82 29 83 83 0 84 84 29 85 85 30 86 86 0 87 87 30 88 88 31 89 89 0 90 90 31 91 91 32 92 92 0 93 93 32 94 94 1 95 95 33 96 96 2 97 97 1 98 98 34 99 99 3 100 100 2 101 101 3 102 102 36 103 103 4 104 104 4 105 105 37 106 106 5 107 107 37 108 108 6 109 109 5 110 110 6 111 111 39 112 112 7 113 113 7 114 114 40 115 115 8 116 116 40 117 117 9 118 118 8 119 119 41 120 120 10 121 121 9 122 122 42 123 123 11 124 124 10 125 125 43 126 126 12 127 127 11 128 128 44 129 129 13 130 130 12 131 131 13 132 132 46 133 133 14 134 134 46 135 135 15 136 136 14 137 137 15 138 138 48 139 139 16 140 140 48 141 141 17 142 142 16 143 143 17 144 144 50 145 145 18 146 146 18 147 147 51 148 148 19 149 149 51 150 150 20 151 151 19 152 152 20 153 153 53 154 154 21 155 155 53 156 156 22 157 157 21 158 158 22 159 159 55 160 160 23 161 161 55 162 162 24 163 163 23 164 164 56 165 165 25 166 166 24 167 167 57 168 168 26 169 169 25 170 170 26 171 171 59 172 172 27 173 173 59 174 174 28 175 175 27 176 176 28 177 177 61 178 178 29 179 179 61 180 180 30 181 181 29 182 182 62 183 183 31 184 184 30 185 185 31 186 186 64 187 187 32 188 188 32 189 189 33 190 190 1 191 191 33 192 192 66 193 193 34 194 194 66 195 195 35 196 196 34 197 197 67 198 198 36 199 199 35 200 200 36 201 201 69 202 202 37 203 203 69 204 204 38 205 205 37 206 206 70 207 207 39 208 208 38 209 209 39 210 210 72 211 211 40 212 212 72 213 213 41 214 214 40 215 215 41 216 216 74 217 217 42 218 218 74 219 219 43 220 220 42 221 221 75 222 222 44 223 223 43 224 224 76 225 225 45 226 226 44 227 227 45 228 228 78 229 229 46 230 230 78 231 231 47 232 232 46 233 233 47 234 234 80 235 235 48 236 236 80 237 237 49 238 238 48 239 239 49 240 240 82 241 241 50 242 242 50 243 243 83 244 244 51 245 245 83 246 246 52 247 247 51 248 248 84 249 249 53 250 250 52 251 251 85 252 252 54 253 253 53 254 254 54 255 255 87 256 256 55 257 257 87 258 258 56 259 259 55 260 260 88 261 261 57 262 262 56 263 263 89 264 264 58 265 265 57 266 266 90 267 267 59 268 268 58 269 269 91 270 270 60 271 271 59 272 272 60 273 273 93 274 274 61 275 275 61 276 276 94 277 277 62 278 278 94 279 279 63 280 280 62 281 281 63 282 282 96 283 283 64 284 284 96 285 285 33 286 286 64 287 287 65 288 288 98 289 289 66 290 290 98 291 291 67 292 292 66 293 293 99 294 294 68 295 295 67 296 296 100 297 297 69 298 298 68 299 299 69 300 300 102 301 301 70 302 302 70 303 303 103 304 304 71 305 305 71 306 306 104 307 307 72 308 308 104 309 309 73 310 310 72 311 311 105 312 312 74 313 313 73 314 314 74 315 315 107 316 316 75 317 317 107 318 318 76 319 319 75 320 320 108 321 321 77 322 322 76 323 323 109 324 324 78 325 325 77 326 326 110 327 327 79 328 328 78 329 329 79 330 330 112 331 331 80 332 332 112 333 333 81 334 334 80 335 335 81 336 336 114 337 337 82 338 338 114 339 339 83 340 340 82 341 341 115 342 342 84 343 343 83 344 344 84 345 345 117 346 346 85 347 347 117 348 348 86 349 349 85 350 350 86 351 351 119 352 352 87 353 353 87 354 354 120 355 355 88 356 356 120 357 357 89 358 358 88 359 359 89 360 360 122 361 361 90 362 362 122 363 363 91 364 364 90 365 365 123 366 366 92 367 367 91 368 368 92 369 369 125 370 370 93 371 371 93 372 372 126 373 373 94 374 374 126 375 375 95 376 376 94 377 377 95 378 378 128 379 379 96 380 380 128 381 381 65 382 382 96 383 383 97 384 384 130 385 385 98 386 386 130 387 387 99 388 388 98 389 389 99 390 390 132 391 391 100 392 392 132 393 393 101 394 394 100 395 395 133 396 396 102 397 397 101 398 398 134 399 399 103 400 400 102 401 401 103 402 402 136 403 403 104 404 404 136 405 405 105 406 406 104 407 407 137 408 408 106 409 409 105 410 410 106 411 411 139 412 412 107 413 413 139 414 414 108 415 415 107 416 416 140 417 417 109 418 418 108 419 419 141 420 420 110 421 421 109 422 422 142 423 423 111 424 424 110 425 425 111 426 426 144 427 427 112 428 428 144 429 429 113 430 430 112 431 431 113 432 432 146 433 433 114 434 434 146 435 435 115 436 436 114 437 437 147 438 438 116 439 439 115 440 440 116 441 441 149 442 442 117 443 443 117 444 444 150 445 445 118 446 446 118 447 447 151 448 448 119 449 449 151 450 450 120 451 451 119 452 452 152 453 453 121 454 454 120 455 455 153 456 456 122 457 457 121 458 458 154 459 459 123 460 460 122 461 461 123 462 462 156 463 463 124 464 464 124 465 465 157 466 466 125 467 467 125 468 468 158 469 469 126 470 470 158 471 471 127 472 472 126 473 473 159 474 474 128 475 475 127 476 476 160 477 477 97 478 478 128 479 479 129 480 480 162 481 481 130 482 482 130 483 483 163 484 484 131 485 485 131 486 486 164 487 487 132 488 488 132 489 489 165 490 490 133 491 491 165 492 492 134 493 493 133 494 494 166 495 495 135 496 496 134 497 497 135 498 498 168 499 499 136 500 500 168 501 501 137 502 502 136 503 503 169 504 504 138 505 505 137 506 506 138 507 507 171 508 508 139 509 509 171 510 510 140 511 511 139 512 512 172 513 513 141 514 514 140 515 515 173 516 516 142 517 517 141 518 518 174 519 519 143 520 520 142 521 521 143 522 522 176 523 523 144 524 524 176 525 525 145 526 526 144 527 527 145 528 528 178 529 529 146 530 530 178 531 531 147 532 532 146 533 533 179 534 534 148 535 535 147 536 536 180 537 537 149 538 538 148 539 539 149 540 540 182 541 541 150 542 542 150 543 543 183 544 544 151 545 545 151 546 546 184 547 547 152 548 548 184 549 549 153 550 550 152 551 551 185 552 552 154 553 553 153 554 554 154 555 555 187 556 556 155 557 557 187 558 558 156 559 559 155 560 560 156 561 561 189 562 562 157 563 563 189 564 564 158 565 565 157 566 566 158 567 567 191 568 568 159 569 569 191 570 570 160 571 571 159 572 572 160 573 573 161 574 574 129 575 575 193 576 576 162 577 577 161 578 578 194 579 579 163 580 580 162 581 581 195 582 582 164 583 583 163 584 584 196 585 585 165 586 586 164 587 587 165 588 588 198 589 589 166 590 590 198 591 591 167 592 592 166 593 593 167 594 594 200 595 595 168 596 596 200 597 597 169 598 598 168 599 599 201 600 600 170 601 601 169 602 602 202 603 603 171 604 604 170 605 605 203 606 606 172 607 607 171 608 608 172 609 609 205 610 610 173 611 611 173 612 612 206 613 613 174 614 614 174 615 615 207 616 616 175 617 617 175 618 618 208 619 619 176 620 620 176 621 621 209 622 622 177 623 623 177 624 624 210 625 625 178 626 626 178 627 627 211 628 628 179 629 629 211 630 630 180 631 631 179 632 632 212 633 633 181 634 634 180 635 635 213 636 636 182 637 637 181 638 638 214 639 639 183 640 640 182 641 641 215 642 642 184 643 643 183 644 644 184 645 645 217 646 646 185 647 647 217 648 648 186 649 649 185 650 650 218 651 651 187 652 652 186 653 653 219 654 654 188 655 655 187 656 656 188 657 657 221 658 658 189 659 659 189 660 660 222 661 661 190 662 662 222 663 663 191 664 664 190 665 665 223 666 666 192 667 667 191 668 668 192 669 669 193 670 670 161 671 671 193 672 672 226 673 673 194 674 674 226 675 675 195 676 676 194 677 677 227 678 678 196 679 679 195 680 680 196 681 681 229 682 682 197 683 683 229 684 684 198 685 685 197 686 686 230 687 687 199 688 688 198 689 689 199 690 690 232 691 691 200 692 692 232 693 693 201 694 694 200 695 695 233 696 696 202 697 697 201 698 698 234 699 699 203 700 700 202 701 701 203 702 702 236 703 703 204 704 704 204 705 705 237 706 706 205 707 707 237 708 708 206 709 709 205 710 710 238 711 711 207 712 712 206 713 713 239 714 714 208 715 715 207 716 716 240 717 717 209 718 718 208 719 719 209 720 720 242 721 721 210 722 722 242 723 723 211 724 724 210 725 725 243 726 726 212 727 727 211 728 728 212 729 729 245 730 730 213 731 731 213 732 732 246 733 733 214 734 734 246 735 735 215 736 736 214 737 737 247 738 738 216 739 739 215 740 740 248 741 741 217 742 742 216 743 743 249 744 744 218 745 745 217 746 746 218 747 747 251 748 748 219 749 749 251 750 750 220 751 751 219 752 752 252 753 753 221 754 754 220 755 755 253 756 756 222 757 757 221 758 758 222 759 759 255 760 760 223 761 761 223 762 762 256 763 763 224 764 764 256 765 765 193 766 766 224 767 767 257 768 768 226 769 769 225 770 770 226 771 771 259 772 772 227 773 773 259 774 774 228 775 775 227 776 776 228 777 777 261 778 778 229 779 779 261 780 780 230 781 781 229 782 782 262 783 783 231 784 784 230 785 785 263 786 786 232 787 787 231 788 788 232 789 789 265 790 790 233 791 791 233 792 792 266 793 793 234 794 794 234 795 795 267 796 796 235 797 797 235 798 798 268 799 799 236 800 800 268 801 801 237 802 802 236 803 803 269 804 804 238 805 805 237 806 806 238 807 807 271 808 808 239 809 809 271 810 810 240 811 811 239 812 812 272 813 813 241 814 814 240 815 815 273 816 816 242 817 817 241 818 818 274 819 819 243 820 820 242 821 821 275 822 822 244 823 823 243 824 824 276 825 825 245 826 826 244 827 827 277 828 828 246 829 829 245 830 830 246 831 831 279 832 832 247 833 833 279 834 834 248 835 835 247 836 836 248 837 837 281 838 838 249 839 839 281 840 840 250 841 841 249 842 842 282 843 843 251 844 844 250 845 845 283 846 846 252 847 847 251 848 848 284 849 849 253 850 850 252 851 851 285 852 852 254 853 853 253 854 854 286 855 855 255 856 856 254 857 857 287 858 858 256 859 859 255 860 860 256 861 861 257 862 862 225 863 863 289 864 864 258 865 865 257 866 866 258 867 867 291 868 868 259 869 869 259 870 870 292 871 871 260 872 872 292 873 873 261 874 874 260 875 875 261 876 876 294 877 877 262 878 878 294 879 879 263 880 880 262 881 881 295 882 882 264 883 883 263 884 884 296 885 885 265 886 886 264 887 887 265 888 888 298 889 889 266 890 890 298 891 891 267 892 892 266 893 893 299 894 894 268 895 895 267 896 896 300 897 897 269 898 898 268 899 899 301 900 900 270 901 901 269 902 902 270 903 903 303 904 904 271 905 905 303 906 906 272 907 907 271 908 908 272 909 909 305 910 910 273 911 911 305 912 912 274 913 913 273 914 914 274 915 915 307 916 916 275 917 917 275 918 918 308 919 919 276 920 920 308 921 921 277 922 922 276 923 923 309 924 924 278 925 925 277 926 926 310 927 927 279 928 928 278 929 929 279 930 930 312 931 931 280 932 932 312 933 933 281 934 934 280 935 935 281 936 936 314 937 937 282 938 938 314 939 939 283 940 940 282 941 941 315 942 942 284 943 943 283 944 944 316 945 945 285 946 946 284 947 947 285 948 948 318 949 949 286 950 950 286 951 951 319 952 952 287 953 953 287 954 954 320 955 955 288 956 956 320 957 957 257 958 958 288 959 959 321 960 960 290 961 961 289 962 962 290 963 963 323 964 964 291 965 965 323 966 966 292 967 967 291 968 968 324 969 969 293 970 970 292 971 971 293 972 972 326 973 973 294 974 974 294 975 975 327 976 976 295 977 977 327 978 978 296 979 979 295 980 980 296 981 981 329 982 982 297 983 983 329 984 984 298 985 985 297 986 986 330 987 987 299 988 988 298 989 989 299 990 990 332 991 991 300 992 992 300 993 993 333 994 994 301 995 995 333 996 996 302 997 997 301 998 998 302 999 999 335 1000 1000 303 1001 1001 335 1002 1002 304 1003 1003 303 1004 1004 304 1005 1005 337 1006 1006 305 1007 1007 337 1008 1008 306 1009 1009 305 1010 1010 338 1011 1011 307 1012 1012 306 1013 1013 307 1014 1014 340 1015 1015 308 1016 1016 308 1017 1017 341 1018 1018 309 1019 1019 309 1020 1020 342 1021 1021 310 1022 1022 342 1023 1023 311 1024 1024 310 1025 1025 343 1026 1026 312 1027 1027 311 1028 1028 312 1029 1029 345 1030 1030 313 1031 1031 313 1032 1032 346 1033 1033 314 1034 1034 346 1035 1035 315 1036 1036 314 1037 1037 315 1038 1038 348 1039 1039 316 1040 1040 348 1041 1041 317 1042 1042 316 1043 1043 349 1044 1044 318 1045 1045 317 1046 1046 350 1047 1047 319 1048 1048 318 1049 1049 319 1050 1050 352 1051 1051 320 1052 1052 352 1053 1053 289 1054 1054 320 1055 1055 353 1056 1056 322 1057 1057 321 1058 1058 322 1059 1059 355 1060 1060 323 1061 1061 355 1062 1062 324 1063 1063 323 1064 1064 356 1065 1065 325 1066 1066 324 1067 1067 325 1068 1068 358 1069 1069 326 1070 1070 326 1071 1071 359 1072 1072 327 1073 1073 359 1074 1074 328 1075 1075 327 1076 1076 328 1077 1077 361 1078 1078 329 1079 1079 329 1080 1080 362 1081 1081 330 1082 1082 362 1083 1083 331 1084 1084 330 1085 1085 331 1086 1086 364 1087 1087 332 1088 1088 364 1089 1089 333 1090 1090 332 1091 1091 333 1092 1092 366 1093 1093 334 1094 1094 334 1095 1095 367 1096 1096 335 1097 1097 367 1098 1098 336 1099 1099 335 1100 1100 336 1101 1101 369 1102 1102 337 1103 1103 369 1104 1104 338 1105 1105 337 1106 1106 370 1107 1107 339 1108 1108 338 1109 1109 339 1110 1110 372 1111 1111 340 1112 1112 372 1113 1113 341 1114 1114 340 1115 1115 373 1116 1116 342 1117 1117 341 1118 1118 374 1119 1119 343 1120 1120 342 1121 1121 375 1122 1122 344 1123 1123 343 1124 1124 344 1125 1125 377 1126 1126 345 1127 1127 345 1128 1128 378 1129 1129 346 1130 1130 346 1131 1131 379 1132 1132 347 1133 1133 379 1134 1134 348 1135 1135 347 1136 1136 380 1137 1137 349 1138 1138 348 1139 1139 381 1140 1140 350 1141 1141 349 1142 1142 382 1143 1143 351 1144 1144 350 1145 1145 383 1146 1146 352 1147 1147 351 1148 1148 384 1149 1149 321 1150 1150 352 1151 1151 385 1152 1152 354 1153 1153 353 1154 1154 354 1155 1155 387 1156 1156 355 1157 1157 387 1158 1158 356 1159 1159 355 1160 1160 356 1161 1161 389 1162 1162 357 1163 1163 389 1164 1164 358 1165 1165 357 1166 1166 390 1167 1167 359 1168 1168 358 1169 1169 391 1170 1170 360 1171 1171 359 1172 1172 360 1173 1173 393 1174 1174 361 1175 1175 393 1176 1176 362 1177 1177 361 1178 1178 394 1179 1179 363 1180 1180 362 1181 1181 363 1182 1182 396 1183 1183 364 1184 1184 396 1185 1185 365 1186 1186 364 1187 1187 397 1188 1188 366 1189 1189 365 1190 1190 366 1191 1191 399 1192 1192 367 1193 1193 399 1194 1194 368 1195 1195 367 1196 1196 368 1197 1197 401 1198 1198 369 1199 1199 401 1200 1200 370 1201 1201 369 1202 1202 402 1203 1203 371 1204 1204 370 1205 1205 403 1206 1206 372 1207 1207 371 1208 1208 404 1209 1209 373 1210 1210 372 1211 1211 373 1212 1212 406 1213 1213 374 1214 1214 374 1215 1215 407 1216 1216 375 1217 1217 407 1218 1218 376 1219 1219 375 1220 1220 376 1221 1221 409 1222 1222 377 1223 1223 409 1224 1224 378 1225 1225 377 1226 1226 378 1227 1227 411 1228 1228 379 1229 1229 379 1230 1230 412 1231 1231 380 1232 1232 412 1233 1233 381 1234 1234 380 1235 1235 381 1236 1236 414 1237 1237 382 1238 1238 414 1239 1239 383 1240 1240 382 1241 1241 383 1242 1242 416 1243 1243 384 1244 1244 416 1245 1245 353 1246 1246 384 1247 1247 417 1248 1248 386 1249 1249 385 1250 1250 418 1251 1251 387 1252 1252 386 1253 1253 387 1254 1254 420 1255 1255 388 1256 1256 388 1257 1257 421 1258 1258 389 1259 1259 421 1260 1260 390 1261 1261 389 1262 1262 422 1263 1263 391 1264 1264 390 1265 1265 423 1266 1266 392 1267 1267 391 1268 1268 392 1269 1269 425 1270 1270 393 1271 1271 425 1272 1272 394 1273 1273 393 1274 1274 426 1275 1275 395 1276 1276 394 1277 1277 395 1278 1278 428 1279 1279 396 1280 1280 396 1281 1281 429 1282 1282 397 1283 1283 429 1284 1284 398 1285 1285 397 1286 1286 398 1287 1287 431 1288 1288 399 1289 1289 399 1290 1290 432 1291 1291 400 1292 1292 432 1293 1293 401 1294 1294 400 1295 1295 401 1296 1296 434 1297 1297 402 1298 1298 434 1299 1299 403 1300 1300 402 1301 1301 403 1302 1302 436 1303 1303 404 1304 1304 436 1305 1305 405 1306 1306 404 1307 1307 405 1308 1308 438 1309 1309 406 1310 1310 438 1311 1311 407 1312 1312 406 1313 1313 439 1314 1314 408 1315 1315 407 1316 1316 408 1317 1317 441 1318 1318 409 1319 1319 409 1320 1320 442 1321 1321 410 1322 1322 442 1323 1323 411 1324 1324 410 1325 1325 411 1326 1326 444 1327 1327 412 1328 1328 444 1329 1329 413 1330 1330 412 1331 1331 413 1332 1332 446 1333 1333 414 1334 1334 446 1335 1335 415 1336 1336 414 1337 1337 415 1338 1338 448 1339 1339 416 1340 1340 448 1341 1341 385 1342 1342 416 1343 1343 449 1344 1344 418 1345 1345 417 1346 1346 450 1347 1347 419 1348 1348 418 1349 1349 419 1350 1350 452 1351 1351 420 1352 1352 452 1353 1353 421 1354 1354 420 1355 1355 453 1356 1356 422 1357 1357 421 1358 1358 422 1359 1359 455 1360 1360 423 1361 1361 455 1362 1362 424 1363 1363 423 1364 1364 456 1365 1365 425 1366 1366 424 1367 1367 457 1368 1368 426 1369 1369 425 1370 1370 458 1371 1371 427 1372 1372 426 1373 1373 427 1374 1374 460 1375 1375 428 1376 1376 428 1377 1377 461 1378 1378 429 1379 1379 461 1380 1380 430 1381 1381 429 1382 1382 430 1383 1383 463 1384 1384 431 1385 1385 431 1386 1386 464 1387 1387 432 1388 1388 464 1389 1389 433 1390 1390 432 1391 1391 433 1392 1392 466 1393 1393 434 1394 1394 466 1395 1395 435 1396 1396 434 1397 1397 435 1398 1398 468 1399 1399 436 1400 1400 468 1401 1401 437 1402 1402 436 1403 1403 437 1404 1404 470 1405 1405 438 1406 1406 470 1407 1407 439 1408 1408 438 1409 1409 471 1410 1410 440 1411 1411 439 1412 1412 440 1413 1413 473 1414 1414 441 1415 1415 473 1416 1416 442 1417 1417 441 1418 1418 474 1419 1419 443 1420 1420 442 1421 1421 475 1422 1422 444 1423 1423 443 1424 1424 476 1425 1425 445 1426 1426 444 1427 1427 445 1428 1428 478 1429 1429 446 1430 1430 478 1431 1431 447 1432 1432 446 1433 1433 447 1434 1434 480 1435 1435 448 1436 1436 480 1437 1437 417 1438 1438 448 1439 1439 481 1440 1440 450 1441 1441 449 1442 1442 481 1443 1443 451 1444 1444 450 1445 1445 481 1446 1446 452 1447 1447 451 1448 1448 481 1449 1449 453 1450 1450 452 1451 1451 481 1452 1452 454 1453 1453 453 1454 1454 481 1455 1455 455 1456 1456 454 1457 1457 481 1458 1458 456 1459 1459 455 1460 1460 481 1461 1461 457 1462 1462 456 1463 1463 481 1464 1464 458 1465 1465 457 1466 1466 481 1467 1467 459 1468 1468 458 1469 1469 481 1470 1470 460 1471 1471 459 1472 1472 481 1473 1473 461 1474 1474 460 1475 1475 481 1476 1476 462 1477 1477 461 1478 1478 481 1479 1479 463 1480 1480 462 1481 1481 481 1482 1482 464 1483 1483 463 1484 1484 481 1485 1485 465 1486 1486 464 1487 1487 481 1488 1488 466 1489 1489 465 1490 1490 481 1491 1491 467 1492 1492 466 1493 1493 481 1494 1494 468 1495 1495 467 1496 1496 481 1497 1497 469 1498 1498 468 1499 1499 481 1500 1500 470 1501 1501 469 1502 1502 481 1503 1503 471 1504 1504 470 1505 1505 481 1506 1506 472 1507 1507 471 1508 1508 481 1509 1509 473 1510 1510 472 1511 1511 481 1512 1512 474 1513 1513 473 1514 1514 481 1515 1515 475 1516 1516 474 1517 1517 481 1518 1518 476 1519 1519 475 1520 1520 481 1521 1521 477 1522 1522 476 1523 1523 481 1524 1524 478 1525 1525 477 1526 1526 481 1527 1527 479 1528 1528 478 1529 1529 481 1530 1530 480 1531 1531 479 1532 1532 481 1533 1533 449 1534 1534 480 1535 1535 33 1536 1536 34 1537 1537 2 1538 1538 34 1539 1539 35 1540 1540 3 1541 1541 3 1542 1542 35 1543 1543 36 1544 1544 4 1545 1545 36 1546 1546 37 1547 1547 37 1548 1548 38 1549 1549 6 1550 1550 6 1551 1551 38 1552 1552 39 1553 1553 7 1554 1554 39 1555 1555 40 1556 1556 40 1557 1557 41 1558 1558 9 1559 1559 41 1560 1560 42 1561 1561 10 1562 1562 42 1563 1563 43 1564 1564 11 1565 1565 43 1566 1566 44 1567 1567 12 1568 1568 44 1569 1569 45 1570 1570 13 1571 1571 13 1572 1572 45 1573 1573 46 1574 1574 46 1575 1575 47 1576 1576 15 1577 1577 15 1578 1578 47 1579 1579 48 1580 1580 48 1581 1581 49 1582 1582 17 1583 1583 17 1584 1584 49 1585 1585 50 1586 1586 18 1587 1587 50 1588 1588 51 1589 1589 51 1590 1590 52 1591 1591 20 1592 1592 20 1593 1593 52 1594 1594 53 1595 1595 53 1596 1596 54 1597 1597 22 1598 1598 22 1599 1599 54 1600 1600 55 1601 1601 55 1602 1602 56 1603 1603 24 1604 1604 56 1605 1605 57 1606 1606 25 1607 1607 57 1608 1608 58 1609 1609 26 1610 1610 26 1611 1611 58 1612 1612 59 1613 1613 59 1614 1614 60 1615 1615 28 1616 1616 28 1617 1617 60 1618 1618 61 1619 1619 61 1620 1620 62 1621 1621 30 1622 1622 62 1623 1623 63 1624 1624 31 1625 1625 31 1626 1626 63 1627 1627 64 1628 1628 32 1629 1629 64 1630 1630 33 1631 1631 33 1632 1632 65 1633 1633 66 1634 1634 66 1635 1635 67 1636 1636 35 1637 1637 67 1638 1638 68 1639 1639 36 1640 1640 36 1641 1641 68 1642 1642 69 1643 1643 69 1644 1644 70 1645 1645 38 1646 1646 70 1647 1647 71 1648 1648 39 1649 1649 39 1650 1650 71 1651 1651 72 1652 1652 72 1653 1653 73 1654 1654 41 1655 1655 41 1656 1656 73 1657 1657 74 1658 1658 74 1659 1659 75 1660 1660 43 1661 1661 75 1662 1662 76 1663 1663 44 1664 1664 76 1665 1665 77 1666 1666 45 1667 1667 45 1668 1668 77 1669 1669 78 1670 1670 78 1671 1671 79 1672 1672 47 1673 1673 47 1674 1674 79 1675 1675 80 1676 1676 80 1677 1677 81 1678 1678 49 1679 1679 49 1680 1680 81 1681 1681 82 1682 1682 50 1683 1683 82 1684 1684 83 1685 1685 83 1686 1686 84 1687 1687 52 1688 1688 84 1689 1689 85 1690 1690 53 1691 1691 85 1692 1692 86 1693 1693 54 1694 1694 54 1695 1695 86 1696 1696 87 1697 1697 87 1698 1698 88 1699 1699 56 1700 1700 88 1701 1701 89 1702 1702 57 1703 1703 89 1704 1704 90 1705 1705 58 1706 1706 90 1707 1707 91 1708 1708 59 1709 1709 91 1710 1710 92 1711 1711 60 1712 1712 60 1713 1713 92 1714 1714 93 1715 1715 61 1716 1716 93 1717 1717 94 1718 1718 94 1719 1719 95 1720 1720 63 1721 1721 63 1722 1722 95 1723 1723 96 1724 1724 96 1725 1725 65 1726 1726 33 1727 1727 65 1728 1728 97 1729 1729 98 1730 1730 98 1731 1731 99 1732 1732 67 1733 1733 99 1734 1734 100 1735 1735 68 1736 1736 100 1737 1737 101 1738 1738 69 1739 1739 69 1740 1740 101 1741 1741 102 1742 1742 70 1743 1743 102 1744 1744 103 1745 1745 71 1746 1746 103 1747 1747 104 1748 1748 104 1749 1749 105 1750 1750 73 1751 1751 105 1752 1752 106 1753 1753 74 1754 1754 74 1755 1755 106 1756 1756 107 1757 1757 107 1758 1758 108 1759 1759 76 1760 1760 108 1761 1761 109 1762 1762 77 1763 1763 109 1764 1764 110 1765 1765 78 1766 1766 110 1767 1767 111 1768 1768 79 1769 1769 79 1770 1770 111 1771 1771 112 1772 1772 112 1773 1773 113 1774 1774 81 1775 1775 81 1776 1776 113 1777 1777 114 1778 1778 114 1779 1779 115 1780 1780 83 1781 1781 115 1782 1782 116 1783 1783 84 1784 1784 84 1785 1785 116 1786 1786 117 1787 1787 117 1788 1788 118 1789 1789 86 1790 1790 86 1791 1791 118 1792 1792 119 1793 1793 87 1794 1794 119 1795 1795 120 1796 1796 120 1797 1797 121 1798 1798 89 1799 1799 89 1800 1800 121 1801 1801 122 1802 1802 122 1803 1803 123 1804 1804 91 1805 1805 123 1806 1806 124 1807 1807 92 1808 1808 92 1809 1809 124 1810 1810 125 1811 1811 93 1812 1812 125 1813 1813 126 1814 1814 126 1815 1815 127 1816 1816 95 1817 1817 95 1818 1818 127 1819 1819 128 1820 1820 128 1821 1821 97 1822 1822 65 1823 1823 97 1824 1824 129 1825 1825 130 1826 1826 130 1827 1827 131 1828 1828 99 1829 1829 99 1830 1830 131 1831 1831 132 1832 1832 132 1833 1833 133 1834 1834 101 1835 1835 133 1836 1836 134 1837 1837 102 1838 1838 134 1839 1839 135 1840 1840 103 1841 1841 103 1842 1842 135 1843 1843 136 1844 1844 136 1845 1845 137 1846 1846 105 1847 1847 137 1848 1848 138 1849 1849 106 1850 1850 106 1851 1851 138 1852 1852 139 1853 1853 139 1854 1854 140 1855 1855 108 1856 1856 140 1857 1857 141 1858 1858 109 1859 1859 141 1860 1860 142 1861 1861 110 1862 1862 142 1863 1863 143 1864 1864 111 1865 1865 111 1866 1866 143 1867 1867 144 1868 1868 144 1869 1869 145 1870 1870 113 1871 1871 113 1872 1872 145 1873 1873 146 1874 1874 146 1875 1875 147 1876 1876 115 1877 1877 147 1878 1878 148 1879 1879 116 1880 1880 116 1881 1881 148 1882 1882 149 1883 1883 117 1884 1884 149 1885 1885 150 1886 1886 118 1887 1887 150 1888 1888 151 1889 1889 151 1890 1890 152 1891 1891 120 1892 1892 152 1893 1893 153 1894 1894 121 1895 1895 153 1896 1896 154 1897 1897 122 1898 1898 154 1899 1899 155 1900 1900 123 1901 1901 123 1902 1902 155 1903 1903 156 1904 1904 124 1905 1905 156 1906 1906 157 1907 1907 125 1908 1908 157 1909 1909 158 1910 1910 158 1911 1911 159 1912 1912 127 1913 1913 159 1914 1914 160 1915 1915 128 1916 1916 160 1917 1917 129 1918 1918 97 1919 1919 129 1920 1920 161 1921 1921 162 1922 1922 130 1923 1923 162 1924 1924 163 1925 1925 131 1926 1926 163 1927 1927 164 1928 1928 132 1929 1929 164 1930 1930 165 1931 1931 165 1932 1932 166 1933 1933 134 1934 1934 166 1935 1935 167 1936 1936 135 1937 1937 135 1938 1938 167 1939 1939 168 1940 1940 168 1941 1941 169 1942 1942 137 1943 1943 169 1944 1944 170 1945 1945 138 1946 1946 138 1947 1947 170 1948 1948 171 1949 1949 171 1950 1950 172 1951 1951 140 1952 1952 172 1953 1953 173 1954 1954 141 1955 1955 173 1956 1956 174 1957 1957 142 1958 1958 174 1959 1959 175 1960 1960 143 1961 1961 143 1962 1962 175 1963 1963 176 1964 1964 176 1965 1965 177 1966 1966 145 1967 1967 145 1968 1968 177 1969 1969 178 1970 1970 178 1971 1971 179 1972 1972 147 1973 1973 179 1974 1974 180 1975 1975 148 1976 1976 180 1977 1977 181 1978 1978 149 1979 1979 149 1980 1980 181 1981 1981 182 1982 1982 150 1983 1983 182 1984 1984 183 1985 1985 151 1986 1986 183 1987 1987 184 1988 1988 184 1989 1989 185 1990 1990 153 1991 1991 185 1992 1992 186 1993 1993 154 1994 1994 154 1995 1995 186 1996 1996 187 1997 1997 187 1998 1998 188 1999 1999 156 2000 2000 156 2001 2001 188 2002 2002 189 2003 2003 189 2004 2004 190 2005 2005 158 2006 2006 158 2007 2007 190 2008 2008 191 2009 2009 191 2010 2010 192 2011 2011 160 2012 2012 160 2013 2013 192 2014 2014 161 2015 2015 193 2016 2016 194 2017 2017 162 2018 2018 194 2019 2019 195 2020 2020 163 2021 2021 195 2022 2022 196 2023 2023 164 2024 2024 196 2025 2025 197 2026 2026 165 2027 2027 165 2028 2028 197 2029 2029 198 2030 2030 198 2031 2031 199 2032 2032 167 2033 2033 167 2034 2034 199 2035 2035 200 2036 2036 200 2037 2037 201 2038 2038 169 2039 2039 201 2040 2040 202 2041 2041 170 2042 2042 202 2043 2043 203 2044 2044 171 2045 2045 203 2046 2046 204 2047 2047 172 2048 2048 172 2049 2049 204 2050 2050 205 2051 2051 173 2052 2052 205 2053 2053 206 2054 2054 174 2055 2055 206 2056 2056 207 2057 2057 175 2058 2058 207 2059 2059 208 2060 2060 176 2061 2061 208 2062 2062 209 2063 2063 177 2064 2064 209 2065 2065 210 2066 2066 178 2067 2067 210 2068 2068 211 2069 2069 211 2070 2070 212 2071 2071 180 2072 2072 212 2073 2073 213 2074 2074 181 2075 2075 213 2076 2076 214 2077 2077 182 2078 2078 214 2079 2079 215 2080 2080 183 2081 2081 215 2082 2082 216 2083 2083 184 2084 2084 184 2085 2085 216 2086 2086 217 2087 2087 217 2088 2088 218 2089 2089 186 2090 2090 218 2091 2091 219 2092 2092 187 2093 2093 219 2094 2094 220 2095 2095 188 2096 2096 188 2097 2097 220 2098 2098 221 2099 2099 189 2100 2100 221 2101 2101 222 2102 2102 222 2103 2103 223 2104 2104 191 2105 2105 223 2106 2106 224 2107 2107 192 2108 2108 192 2109 2109 224 2110 2110 193 2111 2111 193 2112 2112 225 2113 2113 226 2114 2114 226 2115 2115 227 2116 2116 195 2117 2117 227 2118 2118 228 2119 2119 196 2120 2120 196 2121 2121 228 2122 2122 229 2123 2123 229 2124 2124 230 2125 2125 198 2126 2126 230 2127 2127 231 2128 2128 199 2129 2129 199 2130 2130 231 2131 2131 232 2132 2132 232 2133 2133 233 2134 2134 201 2135 2135 233 2136 2136 234 2137 2137 202 2138 2138 234 2139 2139 235 2140 2140 203 2141 2141 203 2142 2142 235 2143 2143 236 2144 2144 204 2145 2145 236 2146 2146 237 2147 2147 237 2148 2148 238 2149 2149 206 2150 2150 238 2151 2151 239 2152 2152 207 2153 2153 239 2154 2154 240 2155 2155 208 2156 2156 240 2157 2157 241 2158 2158 209 2159 2159 209 2160 2160 241 2161 2161 242 2162 2162 242 2163 2163 243 2164 2164 211 2165 2165 243 2166 2166 244 2167 2167 212 2168 2168 212 2169 2169 244 2170 2170 245 2171 2171 213 2172 2172 245 2173 2173 246 2174 2174 246 2175 2175 247 2176 2176 215 2177 2177 247 2178 2178 248 2179 2179 216 2180 2180 248 2181 2181 249 2182 2182 217 2183 2183 249 2184 2184 250 2185 2185 218 2186 2186 218 2187 2187 250 2188 2188 251 2189 2189 251 2190 2190 252 2191 2191 220 2192 2192 252 2193 2193 253 2194 2194 221 2195 2195 253 2196 2196 254 2197 2197 222 2198 2198 222 2199 2199 254 2200 2200 255 2201 2201 223 2202 2202 255 2203 2203 256 2204 2204 256 2205 2205 225 2206 2206 193 2207 2207 257 2208 2208 258 2209 2209 226 2210 2210 226 2211 2211 258 2212 2212 259 2213 2213 259 2214 2214 260 2215 2215 228 2216 2216 228 2217 2217 260 2218 2218 261 2219 2219 261 2220 2220 262 2221 2221 230 2222 2222 262 2223 2223 263 2224 2224 231 2225 2225 263 2226 2226 264 2227 2227 232 2228 2228 232 2229 2229 264 2230 2230 265 2231 2231 233 2232 2232 265 2233 2233 266 2234 2234 234 2235 2235 266 2236 2236 267 2237 2237 235 2238 2238 267 2239 2239 268 2240 2240 268 2241 2241 269 2242 2242 237 2243 2243 269 2244 2244 270 2245 2245 238 2246 2246 238 2247 2247 270 2248 2248 271 2249 2249 271 2250 2250 272 2251 2251 240 2252 2252 272 2253 2253 273 2254 2254 241 2255 2255 273 2256 2256 274 2257 2257 242 2258 2258 274 2259 2259 275 2260 2260 243 2261 2261 275 2262 2262 276 2263 2263 244 2264 2264 276 2265 2265 277 2266 2266 245 2267 2267 277 2268 2268 278 2269 2269 246 2270 2270 246 2271 2271 278 2272 2272 279 2273 2273 279 2274 2274 280 2275 2275 248 2276 2276 248 2277 2277 280 2278 2278 281 2279 2279 281 2280 2280 282 2281 2281 250 2282 2282 282 2283 2283 283 2284 2284 251 2285 2285 283 2286 2286 284 2287 2287 252 2288 2288 284 2289 2289 285 2290 2290 253 2291 2291 285 2292 2292 286 2293 2293 254 2294 2294 286 2295 2295 287 2296 2296 255 2297 2297 287 2298 2298 288 2299 2299 256 2300 2300 256 2301 2301 288 2302 2302 257 2303 2303 289 2304 2304 290 2305 2305 258 2306 2306 258 2307 2307 290 2308 2308 291 2309 2309 259 2310 2310 291 2311 2311 292 2312 2312 292 2313 2313 293 2314 2314 261 2315 2315 261 2316 2316 293 2317 2317 294 2318 2318 294 2319 2319 295 2320 2320 263 2321 2321 295 2322 2322 296 2323 2323 264 2324 2324 296 2325 2325 297 2326 2326 265 2327 2327 265 2328 2328 297 2329 2329 298 2330 2330 298 2331 2331 299 2332 2332 267 2333 2333 299 2334 2334 300 2335 2335 268 2336 2336 300 2337 2337 301 2338 2338 269 2339 2339 301 2340 2340 302 2341 2341 270 2342 2342 270 2343 2343 302 2344 2344 303 2345 2345 303 2346 2346 304 2347 2347 272 2348 2348 272 2349 2349 304 2350 2350 305 2351 2351 305 2352 2352 306 2353 2353 274 2354 2354 274 2355 2355 306 2356 2356 307 2357 2357 275 2358 2358 307 2359 2359 308 2360 2360 308 2361 2361 309 2362 2362 277 2363 2363 309 2364 2364 310 2365 2365 278 2366 2366 310 2367 2367 311 2368 2368 279 2369 2369 279 2370 2370 311 2371 2371 312 2372 2372 312 2373 2373 313 2374 2374 281 2375 2375 281 2376 2376 313 2377 2377 314 2378 2378 314 2379 2379 315 2380 2380 283 2381 2381 315 2382 2382 316 2383 2383 284 2384 2384 316 2385 2385 317 2386 2386 285 2387 2387 285 2388 2388 317 2389 2389 318 2390 2390 286 2391 2391 318 2392 2392 319 2393 2393 287 2394 2394 319 2395 2395 320 2396 2396 320 2397 2397 289 2398 2398 257 2399 2399 321 2400 2400 322 2401 2401 290 2402 2402 290 2403 2403 322 2404 2404 323 2405 2405 323 2406 2406 324 2407 2407 292 2408 2408 324 2409 2409 325 2410 2410 293 2411 2411 293 2412 2412 325 2413 2413 326 2414 2414 294 2415 2415 326 2416 2416 327 2417 2417 327 2418 2418 328 2419 2419 296 2420 2420 296 2421 2421 328 2422 2422 329 2423 2423 329 2424 2424 330 2425 2425 298 2426 2426 330 2427 2427 331 2428 2428 299 2429 2429 299 2430 2430 331 2431 2431 332 2432 2432 300 2433 2433 332 2434 2434 333 2435 2435 333 2436 2436 334 2437 2437 302 2438 2438 302 2439 2439 334 2440 2440 335 2441 2441 335 2442 2442 336 2443 2443 304 2444 2444 304 2445 2445 336 2446 2446 337 2447 2447 337 2448 2448 338 2449 2449 306 2450 2450 338 2451 2451 339 2452 2452 307 2453 2453 307 2454 2454 339 2455 2455 340 2456 2456 308 2457 2457 340 2458 2458 341 2459 2459 309 2460 2460 341 2461 2461 342 2462 2462 342 2463 2463 343 2464 2464 311 2465 2465 343 2466 2466 344 2467 2467 312 2468 2468 312 2469 2469 344 2470 2470 345 2471 2471 313 2472 2472 345 2473 2473 346 2474 2474 346 2475 2475 347 2476 2476 315 2477 2477 315 2478 2478 347 2479 2479 348 2480 2480 348 2481 2481 349 2482 2482 317 2483 2483 349 2484 2484 350 2485 2485 318 2486 2486 350 2487 2487 351 2488 2488 319 2489 2489 319 2490 2490 351 2491 2491 352 2492 2492 352 2493 2493 321 2494 2494 289 2495 2495 353 2496 2496 354 2497 2497 322 2498 2498 322 2499 2499 354 2500 2500 355 2501 2501 355 2502 2502 356 2503 2503 324 2504 2504 356 2505 2505 357 2506 2506 325 2507 2507 325 2508 2508 357 2509 2509 358 2510 2510 326 2511 2511 358 2512 2512 359 2513 2513 359 2514 2514 360 2515 2515 328 2516 2516 328 2517 2517 360 2518 2518 361 2519 2519 329 2520 2520 361 2521 2521 362 2522 2522 362 2523 2523 363 2524 2524 331 2525 2525 331 2526 2526 363 2527 2527 364 2528 2528 364 2529 2529 365 2530 2530 333 2531 2531 333 2532 2532 365 2533 2533 366 2534 2534 334 2535 2535 366 2536 2536 367 2537 2537 367 2538 2538 368 2539 2539 336 2540 2540 336 2541 2541 368 2542 2542 369 2543 2543 369 2544 2544 370 2545 2545 338 2546 2546 370 2547 2547 371 2548 2548 339 2549 2549 339 2550 2550 371 2551 2551 372 2552 2552 372 2553 2553 373 2554 2554 341 2555 2555 373 2556 2556 374 2557 2557 342 2558 2558 374 2559 2559 375 2560 2560 343 2561 2561 375 2562 2562 376 2563 2563 344 2564 2564 344 2565 2565 376 2566 2566 377 2567 2567 345 2568 2568 377 2569 2569 378 2570 2570 346 2571 2571 378 2572 2572 379 2573 2573 379 2574 2574 380 2575 2575 348 2576 2576 380 2577 2577 381 2578 2578 349 2579 2579 381 2580 2580 382 2581 2581 350 2582 2582 382 2583 2583 383 2584 2584 351 2585 2585 383 2586 2586 384 2587 2587 352 2588 2588 384 2589 2589 353 2590 2590 321 2591 2591 385 2592 2592 386 2593 2593 354 2594 2594 354 2595 2595 386 2596 2596 387 2597 2597 387 2598 2598 388 2599 2599 356 2600 2600 356 2601 2601 388 2602 2602 389 2603 2603 389 2604 2604 390 2605 2605 358 2606 2606 390 2607 2607 391 2608 2608 359 2609 2609 391 2610 2610 392 2611 2611 360 2612 2612 360 2613 2613 392 2614 2614 393 2615 2615 393 2616 2616 394 2617 2617 362 2618 2618 394 2619 2619 395 2620 2620 363 2621 2621 363 2622 2622 395 2623 2623 396 2624 2624 396 2625 2625 397 2626 2626 365 2627 2627 397 2628 2628 398 2629 2629 366 2630 2630 366 2631 2631 398 2632 2632 399 2633 2633 399 2634 2634 400 2635 2635 368 2636 2636 368 2637 2637 400 2638 2638 401 2639 2639 401 2640 2640 402 2641 2641 370 2642 2642 402 2643 2643 403 2644 2644 371 2645 2645 403 2646 2646 404 2647 2647 372 2648 2648 404 2649 2649 405 2650 2650 373 2651 2651 373 2652 2652 405 2653 2653 406 2654 2654 374 2655 2655 406 2656 2656 407 2657 2657 407 2658 2658 408 2659 2659 376 2660 2660 376 2661 2661 408 2662 2662 409 2663 2663 409 2664 2664 410 2665 2665 378 2666 2666 378 2667 2667 410 2668 2668 411 2669 2669 379 2670 2670 411 2671 2671 412 2672 2672 412 2673 2673 413 2674 2674 381 2675 2675 381 2676 2676 413 2677 2677 414 2678 2678 414 2679 2679 415 2680 2680 383 2681 2681 383 2682 2682 415 2683 2683 416 2684 2684 416 2685 2685 385 2686 2686 353 2687 2687 417 2688 2688 418 2689 2689 386 2690 2690 418 2691 2691 419 2692 2692 387 2693 2693 387 2694 2694 419 2695 2695 420 2696 2696 388 2697 2697 420 2698 2698 421 2699 2699 421 2700 2700 422 2701 2701 390 2702 2702 422 2703 2703 423 2704 2704 391 2705 2705 423 2706 2706 424 2707 2707 392 2708 2708 392 2709 2709 424 2710 2710 425 2711 2711 425 2712 2712 426 2713 2713 394 2714 2714 426 2715 2715 427 2716 2716 395 2717 2717 395 2718 2718 427 2719 2719 428 2720 2720 396 2721 2721 428 2722 2722 429 2723 2723 429 2724 2724 430 2725 2725 398 2726 2726 398 2727 2727 430 2728 2728 431 2729 2729 399 2730 2730 431 2731 2731 432 2732 2732 432 2733 2733 433 2734 2734 401 2735 2735 401 2736 2736 433 2737 2737 434 2738 2738 434 2739 2739 435 2740 2740 403 2741 2741 403 2742 2742 435 2743 2743 436 2744 2744 436 2745 2745 437 2746 2746 405 2747 2747 405 2748 2748 437 2749 2749 438 2750 2750 438 2751 2751 439 2752 2752 407 2753 2753 439 2754 2754 440 2755 2755 408 2756 2756 408 2757 2757 440 2758 2758 441 2759 2759 409 2760 2760 441 2761 2761 442 2762 2762 442 2763 2763 443 2764 2764 411 2765 2765 411 2766 2766 443 2767 2767 444 2768 2768 444 2769 2769 445 2770 2770 413 2771 2771 413 2772 2772 445 2773 2773 446 2774 2774 446 2775 2775 447 2776 2776 415 2777 2777 415 2778 2778 447 2779 2779 448 2780 2780 448 2781 2781 417 2782 2782 385 2783 2783 449 2784 2784 450 2785 2785 418 2786 2786 450 2787 2787 451 2788 2788 419 2789 2789 419 2790 2790 451 2791 2791 452 2792 2792 452 2793 2793 453 2794 2794 421 2795 2795 453 2796 2796 454 2797 2797 422 2798 2798 422 2799 2799 454 2800 2800 455 2801 2801 455 2802 2802 456 2803 2803 424 2804 2804 456 2805 2805 457 2806 2806 425 2807 2807 457 2808 2808 458 2809 2809 426 2810 2810 458 2811 2811 459 2812 2812 427 2813 2813 427 2814 2814 459 2815 2815 460 2816 2816 428 2817 2817 460 2818 2818 461 2819 2819 461 2820 2820 462 2821 2821 430 2822 2822 430 2823 2823 462 2824 2824 463 2825 2825 431 2826 2826 463 2827 2827 464 2828 2828 464 2829 2829 465 2830 2830 433 2831 2831 433 2832 2832 465 2833 2833 466 2834 2834 466 2835 2835 467 2836 2836 435 2837 2837 435 2838 2838 467 2839 2839 468 2840 2840 468 2841 2841 469 2842 2842 437 2843 2843 437 2844 2844 469 2845 2845 470 2846 2846 470 2847 2847 471 2848 2848 439 2849 2849 471 2850 2850 472 2851 2851 440 2852 2852 440 2853 2853 472 2854 2854 473 2855 2855 473 2856 2856 474 2857 2857 442 2858 2858 474 2859 2859 475 2860 2860 443 2861 2861 475 2862 2862 476 2863 2863 444 2864 2864 476 2865 2865 477 2866 2866 445 2867 2867 445 2868 2868 477 2869 2869 478 2870 2870 478 2871 2871 479 2872 2872 447 2873 2873 447 2874 2874 479 2875 2875 480 2876 2876 480 2877 2877 449 2878 2878 417 2879 2879</p>
        </triangles>
      </mesh>
    </geometry>
    <geometry id="Suzanne-mesh" name="Suzanne">
      <mesh>
        <source id="Suzanne-mesh-positions">
          <float_array id="Suzanne-mesh-positions-array" count="1521">43.75 -76.5625 16.40625 -43.75 -76.5625 16.40625 50 -68.75 9.375 -50 -68.75 9.375 54.6875 -57.8125 5.46875 -54.6875 -57.8125 5.46875 35.15625 -61.71875 -2.34375 -35.15625 -61.71875 -2.34375 35.15625 -71.875 3.125 -35.15625 -71.875 3.125 35.15625 -78.125 13.28125 -35.15625 -78.125 13.28125 27.34375 -79.6875 16.40625 -27.34375 -79.6875 16.40625 20.3125 -74.21875 9.375 -20.3125 -74.21875 9.375 15.625 -64.84375 5.46875 -15.625 -64.84375 5.46875 7.8125 -65.625 24.21875 -7.8125 -65.625 24.21875 14.0625 -74.21875 24.21875 -14.0625 -74.21875 24.21875 24.21875 -79.6875 24.21875 -24.21875 -79.6875 24.21875 27.34375 -79.6875 32.8125 -27.34375 -79.6875 32.8125 20.3125 -74.21875 39.0625 -20.3125 -74.21875 39.0625 15.625 -64.84375 43.75 -15.625 -64.84375 43.75 35.15625 -61.71875 51.5625 -35.15625 -61.71875 51.5625 35.15625 -71.875 45.3125 -35.15625 -71.875 45.3125 35.15625 -78.125 35.9375 -35.15625 -78.125 35.9375 43.75 -76.5625 32.8125 -43.75 -76.5625 32.8125 50 -68.75 39.0625 -50 -68.75 39.0625 54.6875 -57.8125 43.75 -54.6875 -57.8125 43.75 62.5 -56.25 24.21875 -62.5 -56.25 24.21875 56.25 -67.1875 24.21875 -56.25 -67.1875 24.21875 46.875 -75.78125 24.21875 -46.875 -75.78125 24.21875 47.65625 -77.34375 24.21875 -47.65625 -77.34375 24.21875 44.53125 -78.125 33.59375 -44.53125 -78.125 33.59375 35.15625 -80.46875 37.5 -35.15625 -80.46875 37.5 26.5625 -82.03125 33.59375 -26.5625 -82.03125 33.59375 22.65625 -82.03125 24.21875 -22.65625 -82.03125 24.21875 26.5625 -82.03125 15.625 -26.5625 -82.03125 15.625 35.15625 -82.8125 24.21875 -35.15625 -82.8125 24.21875 35.15625 -80.46875 11.71875 -35.15625 -80.46875 11.71875 44.53125 -78.125 15.625 -44.53125 -78.125 15.625 0 -74.21875 42.96875 0 -82.03125 35.15625 0 -73.4375 -67.96875 0 -78.125 -32.03125 0 -79.6875 -18.75 0 -71.875 -77.34375 0 -60.15625 40.625 0 -57.03125 57.03125 0 54.6875 89.84375 0 85.15625 56.25 0 82.8125 7.03125 0 35.15625 -38.28125 20.3125 -56.25 -18.75 -20.3125 -56.25 -18.75 31.25 -57.03125 -43.75 -31.25 -57.03125 -43.75 35.15625 -57.03125 -69.53125 -35.15625 -57.03125 -69.53125 36.71875 -53.125 -89.0625 -36.71875 -53.125 -89.0625 32.8125 -52.34375 -94.53125 -32.8125 -52.34375 -94.53125 17.96875 -55.46875 -96.875 -17.96875 -55.46875 -96.875 0 -57.8125 -98.4375 43.75 -53.125 -14.0625 -43.75 -53.125 -14.0625 63.28125 -53.90625 -3.90625 -63.28125 -53.90625 -3.90625 82.8125 -44.53125 14.84375 -82.8125 -44.53125 14.84375 85.9375 -59.375 42.96875 -85.9375 -59.375 42.96875 71.09375 -62.5 48.4375 -71.09375 -62.5 48.4375 49.21875 -68.75 60.15625 -49.21875 -68.75 60.15625 32.03125 -73.4375 75.78125 -32.03125 -73.4375 75.78125 15.625 -75.78125 71.875 -15.625 -75.78125 71.875 6.25 -75 49.21875 -6.25 -75 49.21875 16.40625 -77.34375 41.40625 -16.40625 -77.34375 41.40625 12.5 -76.5625 30.46875 -12.5 -76.5625 30.46875 20.3125 -74.21875 9.375 -20.3125 -74.21875 9.375 37.5 -70.3125 1.5625 -37.5 -70.3125 1.5625 49.21875 -67.1875 6.25 -49.21875 -67.1875 6.25 62.5 -64.84375 18.75 -62.5 -64.84375 18.75 64.0625 -64.84375 29.6875 -64.0625 -64.84375 29.6875 60.15625 -66.40625 37.5 -60.15625 -66.40625 37.5 42.96875 -71.875 43.75 -42.96875 -71.875 43.75 25 -75.78125 46.875 -25 -75.78125 46.875 0 -73.4375 -76.5625 10.9375 -73.4375 -71.875 -10.9375 -73.4375 -71.875 11.71875 -71.09375 -83.59375 -11.71875 -71.09375 -83.59375 6.25 -69.53125 -88.28125 -6.25 -69.53125 -88.28125 0 -68.75 -89.0625 0 -75 -19.53125 0 -74.21875 -14.0625 10.15625 -74.21875 -14.84375 -10.15625 -74.21875 -14.84375 12.5 -75 -22.65625 -12.5 -75 -22.65625 8.59375 -74.21875 -28.90625 -8.59375 -74.21875 -28.90625 39.84375 -67.1875 -4.6875 -39.84375 -67.1875 -4.6875 61.71875 -62.5 5.46875 -61.71875 -62.5 5.46875 72.65625 -60.15625 20.3125 -72.65625 -60.15625 20.3125 74.21875 -65.625 37.5 -74.21875 -65.625 37.5 68.75 -72.65625 41.40625 -68.75 -72.65625 41.40625 43.75 -79.6875 54.6875 -43.75 -79.6875 54.6875 31.25 -83.59375 64.0625 -31.25 -83.59375 64.0625 20.3125 -85.15625 61.71875 -20.3125 -85.15625 61.71875 10.15625 -84.375 42.96875 -10.15625 -84.375 42.96875 12.5 -81.25 -10.15625 -12.5 -81.25 -10.15625 21.09375 -71.09375 -44.53125 -21.09375 -71.09375 -44.53125 25 -68.75 -70.3125 -25 -68.75 -70.3125 26.5625 -66.40625 -82.03125 -26.5625 -66.40625 -82.03125 23.4375 -63.28125 -91.40625 -23.4375 -63.28125 -91.40625 16.40625 -63.28125 -92.96875 -16.40625 -63.28125 -92.96875 0 -64.0625 -94.53125 0 -72.65625 4.6875 0 -76.5625 21.09375 32.8125 -74.21875 47.65625 -32.8125 -74.21875 47.65625 16.40625 -75 14.0625 -16.40625 -75 14.0625 13.28125 -75.78125 21.09375 -13.28125 -75.78125 21.09375 11.71875 -73.4375 -68.75 -11.71875 -73.4375 -68.75 7.8125 -75 -44.53125 -7.8125 -75 -44.53125 0 -75 -44.53125 0 -74.21875 -32.8125 9.375 -78.125 -27.34375 -9.375 -78.125 -27.34375 13.28125 -79.6875 -22.65625 -13.28125 -79.6875 -22.65625 10.9375 -78.125 -13.28125 -10.9375 -78.125 -13.28125 3.90625 -78.125 -12.5 -3.90625 -78.125 -12.5 0 -82.8125 -20.3125 4.6875 -81.25 -14.84375 -4.6875 -81.25 -14.84375 9.375 -81.25 -15.625 -9.375 -81.25 -15.625 10.9375 -82.8125 -22.65625 -10.9375 -82.8125 -22.65625 7.8125 -80.46875 -25 -7.8125 -80.46875 -25 0 -80.46875 -28.90625 25.78125 -55.46875 -31.25 -25.78125 -55.46875 -31.25 16.40625 -71.09375 -24.21875 -16.40625 -71.09375 -24.21875 17.96875 -71.09375 -31.25 -17.96875 -71.09375 -31.25 23.4375 -55.46875 -25 -23.4375 -55.46875 -25 0 -68.75 -87.5 4.6875 -68.75 -86.71875 -4.6875 -68.75 -86.71875 9.375 -71.09375 -82.03125 -9.375 -71.09375 -82.03125 9.375 -72.65625 -74.21875 -9.375 -72.65625 -74.21875 0 -65.625 -78.125 9.375 -66.40625 -75 -9.375 -66.40625 -75 9.375 -64.0625 -81.25 -9.375 -64.0625 -81.25 4.6875 -63.28125 -85.15625 -4.6875 -63.28125 -85.15625 0 -63.28125 -85.9375 17.1875 -78.125 21.875 -17.1875 -78.125 21.875 18.75 -77.34375 15.625 -18.75 -77.34375 15.625 33.59375 -75.78125 42.96875 -33.59375 -75.78125 42.96875 27.34375 -77.34375 42.1875 -27.34375 -77.34375 42.1875 42.1875 -77.34375 39.84375 -42.1875 -77.34375 39.84375 56.25 -69.53125 35.15625 -56.25 -69.53125 35.15625 58.59375 -68.75 28.90625 -58.59375 -68.75 28.90625 57.8125 -67.96875 19.53125 -57.8125 -67.96875 19.53125 47.65625 -71.875 10.15625 -47.65625 -71.875 10.15625 37.5 -74.21875 6.25 -37.5 -74.21875 6.25 22.65625 -78.125 10.9375 -22.65625 -78.125 10.9375 17.96875 -78.125 29.6875 -17.96875 -78.125 29.6875 21.09375 -78.125 37.5 -21.09375 -78.125 37.5 23.4375 -75.78125 35.9375 -23.4375 -75.78125 35.9375 19.53125 -75.78125 29.6875 -19.53125 -75.78125 29.6875 24.21875 -75.78125 12.5 -24.21875 -75.78125 12.5 37.5 -72.65625 8.59375 -37.5 -72.65625 8.59375 46.09375 -70.3125 11.71875 -46.09375 -70.3125 11.71875 54.6875 -67.1875 21.09375 -54.6875 -67.1875 21.09375 55.46875 -67.1875 28.125 -55.46875 -67.1875 28.125 53.125 -67.96875 33.59375 -53.125 -67.96875 33.59375 41.40625 -75 39.0625 -41.40625 -75 39.0625 28.125 -76.5625 39.84375 -28.125 -76.5625 39.84375 33.59375 -75 40.625 -33.59375 -75 40.625 20.3125 -75 17.1875 -20.3125 -75 17.1875 19.53125 -75 22.65625 -19.53125 -75 22.65625 10.9375 -60.9375 46.09375 -10.9375 -60.9375 46.09375 19.53125 -61.71875 66.40625 -19.53125 -61.71875 66.40625 33.59375 -59.375 68.75 -33.59375 -59.375 68.75 48.4375 -55.46875 55.46875 -48.4375 -55.46875 55.46875 67.96875 -49.21875 45.3125 -67.96875 -49.21875 45.3125 79.6875 -46.09375 40.625 -79.6875 -46.09375 40.625 77.34375 -37.5 16.40625 -77.34375 -37.5 16.40625 60.15625 -41.40625 0 -60.15625 -41.40625 0 43.75 -46.875 -9.375 -43.75 -46.875 -9.375 0 -28.90625 89.84375 0 7.8125 98.4375 0 67.1875 -19.53125 0 -18.75 -46.09375 0 -46.09375 -97.65625 0 -34.375 -80.46875 0 -32.03125 -57.03125 0 -28.125 -48.4375 85.15625 -5.46875 23.4375 -85.15625 -5.46875 23.4375 85.9375 4.6875 32.03125 -85.9375 4.6875 32.03125 77.34375 43.75 26.5625 -77.34375 43.75 26.5625 46.09375 70.3125 43.75 -46.09375 70.3125 43.75 73.4375 -7.03125 -4.6875 -73.4375 -7.03125 -4.6875 59.375 16.40625 -12.5 -59.375 16.40625 -12.5 64.0625 42.96875 -0.78125 -64.0625 42.96875 -0.78125 33.59375 66.40625 5.46875 -33.59375 66.40625 5.46875 23.4375 -40.625 -35.15625 -23.4375 -40.625 -35.15625 17.96875 -25.78125 -41.40625 -17.96875 -25.78125 -41.40625 28.90625 -38.28125 -71.09375 -28.90625 -38.28125 -71.09375 25 -39.0625 -50 -25 -39.0625 -50 32.8125 -39.84375 -91.40625 -32.8125 -39.84375 -91.40625 14.0625 -36.71875 -75.78125 -14.0625 -36.71875 -75.78125 12.5 -35.9375 -53.90625 -12.5 -35.9375 -53.90625 16.40625 -43.75 -94.53125 -16.40625 -43.75 -94.53125 21.875 -42.96875 -28.125 -21.875 -42.96875 -28.125 21.09375 -46.875 -22.65625 -21.09375 -46.875 -22.65625 20.3125 -50 -17.1875 -20.3125 -50 -17.1875 21.09375 -16.40625 -39.0625 -21.09375 -16.40625 -39.0625 29.6875 26.5625 -31.25 -29.6875 26.5625 -31.25 34.375 53.90625 -14.84375 -34.375 53.90625 -14.84375 45.3125 38.28125 86.71875 -45.3125 38.28125 86.71875 45.3125 7.03125 92.96875 -45.3125 7.03125 92.96875 45.3125 -23.4375 85.15625 -45.3125 -23.4375 85.15625 46.09375 -42.96875 52.34375 -46.09375 -42.96875 52.34375 72.65625 -33.59375 40.625 -72.65625 -33.59375 40.625 63.28125 -28.125 45.3125 -63.28125 -28.125 45.3125 64.0625 -5.46875 70.3125 -64.0625 -5.46875 70.3125 79.6875 -12.5 56.25 -79.6875 -12.5 56.25 79.6875 11.71875 61.71875 -79.6875 11.71875 61.71875 64.0625 19.53125 75 -64.0625 19.53125 75 64.0625 44.53125 67.96875 -64.0625 44.53125 67.96875 79.6875 35.9375 53.90625 -79.6875 35.9375 53.90625 61.71875 58.59375 32.8125 -61.71875 58.59375 32.8125 48.4375 54.6875 2.34375 -48.4375 54.6875 2.34375 82.03125 20.3125 32.8125 -82.03125 20.3125 32.8125 40.625 -14.84375 -17.1875 -40.625 -14.84375 -17.1875 42.96875 21.09375 -19.53125 -42.96875 21.09375 -19.53125 89.0625 23.4375 40.625 -89.0625 23.4375 40.625 77.34375 12.5 -14.0625 -77.34375 12.5 -14.0625 103.9063 32.8125 -10.15625 -103.9063 32.8125 -10.15625 128.125 42.96875 5.46875 -128.125 42.96875 5.46875 135.1562 42.1875 32.03125 -135.1562 42.1875 32.03125 123.4375 42.1875 50.78125 -123.4375 42.1875 50.78125 102.3438 31.25 47.65625 -102.3438 31.25 47.65625 101.5625 28.90625 41.40625 -101.5625 28.90625 41.40625 118.75 39.0625 43.75 -118.75 39.0625 43.75 126.5625 40.625 28.90625 -126.5625 40.625 28.90625 121.0938 40.625 7.8125 -121.0938 40.625 7.8125 103.125 30.46875 -3.90625 -103.125 30.46875 -3.90625 82.8125 13.28125 -7.03125 -82.8125 13.28125 -7.03125 92.1875 21.875 35.9375 -92.1875 21.875 35.9375 94.53125 28.90625 30.46875 -94.53125 28.90625 30.46875 88.28125 21.09375 -2.34375 -88.28125 21.09375 -2.34375 103.9063 36.71875 0 -103.9063 36.71875 0 118.75 44.53125 9.375 -118.75 44.53125 9.375 123.4375 44.53125 25 -123.4375 44.53125 25 117.1875 43.75 35.9375 -117.1875 43.75 35.9375 102.3438 35.9375 34.375 -102.3438 35.9375 34.375 84.375 21.09375 28.90625 -84.375 21.09375 28.90625 83.59375 27.34375 17.1875 -83.59375 27.34375 17.1875 75.78125 27.34375 9.375 -75.78125 27.34375 9.375 82.03125 27.34375 8.59375 -82.03125 27.34375 8.59375 84.375 27.34375 1.5625 -84.375 27.34375 1.5625 81.25 27.34375 -1.5625 -81.25 27.34375 -1.5625 72.65625 7.03125 0 -72.65625 7.03125 0 71.875 17.1875 -2.34375 -71.875 17.1875 -2.34375 71.875 18.75 3.90625 -71.875 18.75 3.90625 79.6875 21.09375 20.3125 -79.6875 21.09375 20.3125 89.0625 26.5625 24.21875 -89.0625 26.5625 24.21875 89.0625 32.03125 23.4375 -89.0625 32.03125 23.4375 81.25 32.03125 -1.5625 -81.25 32.03125 -1.5625 85.15625 32.03125 1.5625 -85.15625 32.03125 1.5625 82.8125 32.03125 7.8125 -82.8125 32.03125 7.8125 76.5625 32.03125 9.375 -76.5625 32.03125 9.375 84.375 32.03125 17.1875 -84.375 32.03125 17.1875 103.9063 41.40625 32.8125 -103.9063 41.40625 32.8125 118.75 48.4375 34.375 -118.75 48.4375 34.375 125.7813 49.21875 24.21875 -125.7813 49.21875 24.21875 121.0938 48.4375 8.59375 -121.0938 48.4375 8.59375 104.6875 42.1875 0 -104.6875 42.1875 0 88.28125 26.5625 -1.5625 -88.28125 26.5625 -1.5625 95.3125 34.375 28.90625 -95.3125 34.375 28.90625 89.0625 32.8125 10.9375 -89.0625 32.8125 10.9375 93.75 33.59375 6.25 -93.75 33.59375 6.25 100 36.71875 12.5 -100 36.71875 12.5 96.09375 35.15625 17.1875 -96.09375 35.15625 17.1875 101.5625 37.5 23.4375 -101.5625 37.5 23.4375 105.4688 38.28125 18.75 -105.4688 38.28125 18.75 110.9375 39.0625 21.09375 -110.9375 39.0625 21.09375 108.5938 39.0625 27.34375 -108.5938 39.0625 27.34375 102.3438 48.4375 43.75 -102.3438 48.4375 43.75 125 54.6875 46.875 -125 54.6875 46.875 136.7187 50 29.6875 -136.7187 50 29.6875 131.25 53.125 5.46875 -131.25 53.125 5.46875 103.9063 49.21875 -8.59375 -103.9063 49.21875 -8.59375 78.90625 32.8125 -12.5 -78.90625 32.8125 -12.5 85.9375 38.28125 38.28125 -85.9375 38.28125 38.28125</float_array>
          <technique_common>
            <accessor source="#Suzanne-mesh-positions-array" count="507" stride="3">
              <param name="X" type="float"/>
              <param name="Y" type="float"/>
              <param name="Z" type="float"/>
            </accessor>
          </technique_common>
        </source>
        <source id="Suzanne-mesh-normals">
          <float_array id="Suzanne-mesh-normals-array" count="2823">0.6617073 -0.7218625 -0.202628 -0.6617073 -0.7218625 -0.202628 0.8268342 -0.4724766 -0.3051412 -0.8268342 -0.4724766 -0.3051412 0.407625 -0.457034 -0.7905454 -0.407625 -0.457034 -0.7905454 0.3790667 -0.767937 -0.5163151 -0.3790667 -0.767937 -0.5163151 -0.08588176 -0.8485118 -0.5221611 0.08588176 -0.8485118 -0.5221611 -0.2663503 -0.4569736 -0.8486653 0.2663503 -0.4569736 -0.8486653 -0.7824203 -0.5284768 -0.3294401 0.7605702 -0.553142 -0.3399518 -0.4767313 -0.8581163 -0.1906925 0.464927 -0.8634359 -0.1957587 -0.464927 -0.8634359 0.1957587 0.464927 -0.8634359 0.1957587 -0.7655678 -0.5567766 0.3223443 0.7683498 -0.5488213 0.3292928 -0.2559869 -0.531665 0.8073432 0.2487366 -0.5076257 0.8248918 -0.08213782 -0.7939993 0.6023443 0.1016523 -0.8277404 0.5518269 0.3328619 -0.7846031 0.5230687 -0.38606 -0.7445443 0.5446204 0.4245669 -0.474516 0.7710886 -0.4059141 -0.5014233 0.7640736 0.8250749 -0.480799 0.2967895 -0.8298686 -0.4742106 0.2940106 0.6887994 -0.700474 0.186793 -0.6617073 -0.7218625 0.202628 0.839964 0.419982 0.3436216 -0.7815718 0.5437021 0.3058325 0.2073903 0.5184759 0.8295614 -0.2036532 0.5430754 0.8146131 -0.4056161 0.5070202 0.7605302 0.4380629 0.4122945 0.7988206 -0.8642417 0.3928371 0.3142697 0.7861462 0.5240975 0.3275609 -0.7782499 0.5188333 -0.35375 0.7782499 0.5188333 -0.35375 -0.4380629 0.4122945 -0.7988206 0.4380629 0.4122945 -0.7988206 0.2036532 0.5430754 -0.8146131 -0.2036532 0.5430754 -0.8146131 0.7683498 0.5488213 -0.3292928 -0.7683498 0.5488213 -0.3292928 0.4000391 -0.9143752 -0.06234371 -0.4000391 -0.9143752 -0.06234371 0.3069375 -0.9354287 -0.1753928 -0.3069375 -0.9354287 -0.1753928 0.09451156 -0.9784727 -0.1834636 -0.09451156 -0.9784727 -0.1834636 -0.06235319 -0.9976516 -0.02834236 0.06235319 -0.9976516 -0.02834236 -0.06235718 -0.9977157 0.02598214 0.06235718 -0.9977157 0.02598214 0.09956103 -0.9798906 0.1729218 -0.09956103 -0.9798906 0.1729218 0.3035711 -0.9383105 0.1655842 -0.3035711 -0.9383105 0.1655842 0.4001634 -0.9146591 0.05716615 -0.4001634 -0.9146591 0.05716615 0.1366916 -0.4647516 -0.8748265 -0.1054092 -0.5270463 -0.8432741 0.2302893 -0.4446966 -0.8655702 -0.1915565 -0.4693134 -0.8620042 0.5787932 -0.6403669 -0.5049047 -0.5787932 -0.6403669 -0.5049047 0.7763028 -0.6271709 -0.06332993 -0.7763028 -0.6271709 -0.06332993 0.7470849 -0.6550199 0.1131947 -0.7470849 -0.6550199 0.1131947 0.3746549 -0.4039525 -0.8345394 -0.3746549 -0.4039525 -0.8345394 0.3556971 -0.5848173 -0.7290188 -0.4177436 -0.7033636 -0.5751261 0.6947315 -0.5841416 -0.4196745 -0.6947315 -0.5841416 -0.4196745 0.7028484 -0.5938889 -0.3915356 -0.5537071 -0.7776509 -0.2977713 0.3126936 -0.8859652 0.3424739 -0.822669 -0.4395081 0.3606221 0.5090584 -0.5662559 0.6482391 -0.504141 -0.5744862 0.6448315 0.5977159 -0.577105 0.5564941 -0.5977159 -0.577105 0.5564941 -0.04859292 -0.7531908 0.6560049 0.03713905 -0.7427814 0.6685032 -0.7103534 -0.6493535 0.2715478 0.7386325 -0.5589652 0.3768024 -0.6013168 -0.6013168 0.5261523 0.5773503 -0.5773503 0.5773503 0.5070232 -0.5902658 -0.6281034 -0.5364082 -0.7796863 -0.3230414 0.2226452 -0.8544765 -0.4693603 -0.2226452 -0.8544765 -0.4693603 -0.03484123 -0.8144148 -0.5792362 0.1073485 -0.8587876 -0.5009595 -0.0899018 -0.6138126 -0.7843162 0.07701516 -0.8139104 -0.5758635 0.05466765 -0.984018 -0.1694697 -0.02788555 -0.5019403 -0.8644527 0.4259846 -0.9026816 -0.06085491 -0.1686746 -0.9347384 -0.3127508 0.335168 -0.924251 -0.1828188 -0.4349679 -0.8820183 -0.1812366 0.3578878 -0.8819377 -0.3067609 -0.322277 -0.9054449 -0.2762374 0 -0.8944273 -0.4472137 -0.1598238 -0.9066929 0.390339 0.1598238 -0.9066929 0.390339 0.6818851 -0.6708869 -0.2914509 -0.1853964 -0.8485455 -0.4955791 0.05854284 -0.9952285 -0.07805711 -0.05854284 -0.9952285 -0.07805711 -0.006617546 -0.9727849 -0.2316154 -0.05851191 -0.9947026 -0.08451718 0.1008231 -0.6965957 -0.7103444 -0.1008231 -0.6965957 -0.7103444 0.1321637 -0.7929823 -0.5947368 -0.1321637 -0.7929823 -0.5947368 0.3128082 -0.9351661 -0.1661793 -0.3142697 -0.8642417 -0.3928371 0.3288395 -0.9437008 -0.03596681 -0.3288395 -0.9437008 -0.03596681 0.3232635 -0.9428519 -0.08081585 -0.3232635 -0.9428519 -0.08081585 -0.02321916 -0.9984246 0.05108219 0 -0.9977853 0.06651902 -0.004338562 -0.9978708 -0.06507849 0 -0.9977853 -0.06651902 0 -1 0 0.8446531 -0.0444554 -0.5334651 -0.8446531 -0.0444554 -0.5334651 0.9256246 0.2848076 0.2492066 -0.963518 0.1605863 0.2141151 0.06926429 0.4294387 0.9004359 -0.1018289 0.3869501 0.9164608 -1 0 0 0.6904563 -0.4707657 0.5492266 0.40711 -0.1791284 -0.895642 -0.4319342 -0.2591605 -0.8638685 0.2873479 -0.7662611 -0.5746958 -0.2873479 -0.7662611 -0.5746958 -0.6326428 -0.5596455 0.5353131 0.6326428 -0.5596455 0.5353131 0.08620607 -0.6249942 0.775855 -0.08620607 -0.6249942 0.775855 0.7532497 -0.591839 0.2869523 -0.7638855 -0.5729141 0.2970666 0.3416045 -0.7686103 -0.5408739 -0.3416045 -0.7686103 -0.5408739 0.05021667 -0.9708559 0.2343445 -0.03745025 -0.9737077 0.2247018 -0.1304348 -0.7826087 -0.6086957 0.1304348 -0.7826087 -0.6086957 -0.5059133 -0.8596048 0.07163369 0.5059133 -0.8596048 0.07163369 -0.5773503 -0.5773503 -0.5773503 0.5773503 -0.5773503 -0.5773503 0.5459861 -0.7184027 -0.4310416 -0.3319135 -0.9404218 0.07375854 0.3230721 -0.9458619 0.03113949 -0.2815465 -0.9572581 0.06624621 0.7356951 -0.5530575 0.3909988 -0.8752544 -0.4376272 0.2059422 0.8479983 -0.4239991 0.3179994 -0.897301 -0.3938154 0.1994002 0.8505472 -0.363756 0.3798041 -0.8505472 -0.363756 0.3798041 0.1783314 -0.8916575 -0.4161068 -0.2524265 -0.432731 -0.8654621 -0.1296407 -0.9723056 -0.1944611 0.1296407 -0.9723056 -0.1944611 -0.4472136 -0.8944272 0 0.4472136 -0.8944272 0 -0.158235 -0.27126 0.9494102 0.158235 -0.27126 0.9494102 -0.6463437 -0.209625 0.7336875 0.6463437 -0.209625 0.7336875 1 0 0 0.3051412 -0.1181191 -0.9449534 -0.3051412 -0.1181191 -0.9449534 0.02165228 -0.9527024 -0.3031326 -0.02165228 -0.9527024 -0.3031326 0.1352925 -0.9277203 -0.3478951 -0.1352925 -0.9277203 -0.3478951 -0.4681222 -0.8548318 -0.2238845 0.4681222 -0.8548318 -0.2238845 -0.2710385 -0.9621868 0.02710384 0.2710385 -0.9621868 0.02710384 -0.1717156 -0.9851052 -0.009037613 0.2594996 -0.9601487 0.1037998 -0.4332243 -0.7581425 -0.4873774 0.6684097 -0.5848584 -0.4595316 -0.1599437 -0.4478424 -0.8796904 0.1599437 -0.4478424 -0.8796904 0.3899756 -0.7073975 -0.5894979 -0.3899756 -0.7073975 -0.5894979 0.6546587 -0.6006662 -0.458936 -0.6546587 -0.6006662 -0.458936 0.5377842 -0.8352819 -0.1144222 -0.5377842 -0.8352819 -0.1144222 0.5656855 -0.8158925 0.1196642 -0.5773503 -0.8082905 0.1154701 0.4082483 -0.8164967 0.4082483 -0.5213825 -0.5440513 0.6573953 0.1795874 -0.5886477 0.7881893 -0.1795874 -0.5886477 0.7881893 0.1881442 -0.9219065 0.3386595 -0.1881442 -0.9219065 0.3386595 -0.08702963 -0.9573265 0.2755939 0.08702963 -0.9573265 0.2755939 0.08290266 -0.9533807 -0.2901594 -0.08290266 -0.9533807 -0.2901594 0.3015114 -0.9045341 -0.3015114 -0.3015114 -0.9045341 -0.3015114 -0.3765946 -0.4034941 -0.8338879 0.06311941 -0.9467917 -0.3155972 0.08233869 -0.6175402 -0.7822177 0.2015739 -0.3695522 -0.9070827 -0.3706729 -0.8839123 -0.285133 0.3706729 -0.8839123 -0.285133 -0.269181 -0.9613608 -0.05768162 0.4567586 -0.8881418 0.05075091 -0.2797135 -0.8041762 0.5244627 0.2797135 -0.8041762 0.5244627 -0.02132976 -0.8318611 0.554574 0.04867923 -0.7301886 0.6815094 0.3777924 -0.6746293 0.6341516 -0.3378225 -0.783134 0.5220893 0.4987838 -0.6858277 0.5299578 -0.4987838 -0.6858277 0.5299578 0.5425201 -0.7685701 -0.339075 -0.5425201 -0.7685701 -0.339075 0.8304745 -0.5536497 -0.06151658 -0.8304745 -0.5536497 -0.06151658 0.7814038 -0.6139602 0.1116291 -0.7814038 -0.6139602 0.1116291 -0.4337956 0.1481253 0.8887521 0.4337956 0.1481253 0.8887521 -0.8515382 0.3670423 0.3743832 0.8515382 0.3670423 0.3743832 -0.2663518 0.4127253 0.8710423 0.2197156 0.4557064 0.8625872 0.5932461 0.3063166 0.7444657 -0.591352 0.2991008 0.7488936 0.3714273 0.3283632 0.8684581 -0.3653076 0.2937924 0.88331 0.2900823 0.2833362 0.9140967 -0.2900823 0.2833362 0.9140967 0.8872826 0.4412432 0.1342914 -0.7964469 0.5900586 0.1323001 0.5107806 0.5450229 -0.6648709 -0.5107806 0.5450229 -0.6648709 0.3694844 0.3600708 -0.856639 -0.3694844 0.3600708 -0.856639 0.3616779 0.8487375 -0.3857898 -0.1649085 0.7289437 -0.6644142 0.19518 0.9759001 -0.09758996 -0.3011077 0.9535077 -0.01254612 -0.01072961 0.8261798 -0.5633044 -0.2562453 0.9151618 -0.311155 0.1532956 0.2134115 -0.9648607 -0.1532956 0.2134115 -0.9648607 0.1260294 0.2406017 -0.9624071 -0.1260294 0.2406017 -0.9624071 0.9395648 0.3041002 0.1572932 -0.9395648 0.3041002 0.1572932 0.9278162 0.3245921 0.1838397 -0.9278162 0.3245921 0.1838397 0.2192214 0.972662 0.07662105 -0.2192214 0.972662 0.07662105 0.1210663 0.9912304 -0.05296647 0.1496834 0.9194838 -0.3635168 0.9093759 0.392745 0.1370653 -0.3705765 0.6348636 -0.6779538 0.9202126 0.3672107 0.1355182 -0.9202126 0.3672107 0.1355182 0.9172859 0.2006562 0.3439822 -0.9456936 0.185027 0.2672612 0.9004049 0.2380051 0.3641765 -0.9337134 0.2214576 0.281311 0.8945093 -0.1084253 0.4337015 -0.9501479 0.1921647 0.2455438 0.1596174 0.2394261 -0.9577044 -0.1834971 0.5898122 -0.7864162 0.3692765 0.8010124 -0.4711838 -0.3726855 0.7966327 -0.4759014 0.2985938 0.4821331 -0.823644 -0.3262702 0.4445879 -0.8341999 0.2995353 0.1368435 -0.9442206 -0.2995353 0.1368435 -0.9442206 0.3286553 0.2290627 -0.9162511 -0.3286553 0.2290627 -0.9162511 0.8304821 0.4463135 0.3333227 -0.8641915 -0.1696376 -0.4737049 0.9165619 -0.1414447 -0.3740427 -0.9165619 -0.1414447 -0.3740427 0.2950267 0.9544076 -0.04544794 -0.4189026 0.8793254 -0.2265115 0.1271882 -0.2260337 0.9657805 -0.1119178 -0.2468149 0.9625782 0.1319618 0.1787508 0.9750047 -0.1319618 0.1787508 0.9750047 0.3877995 0.6827532 0.6192412 -0.3877995 0.6827532 0.6192412 0.4951004 0.1100223 0.8618414 -0.4951004 0.1100223 0.8618414 0.2561333 -0.720238 0.6447116 -0.2561333 -0.720238 0.6447116 0.5965515 -0.1479053 0.7888285 -0.5965515 -0.1479053 0.7888285 0.7124531 0.1899875 0.6755111 -0.7124531 0.1899875 0.6755111 0.7104427 0.6904168 0.1363668 -0.6304094 0.734323 0.2517019 0.6822971 0.6933375 0.2318485 -0.6822971 0.6933375 0.2318485 0.6573953 0.2040192 0.7254017 -0.6573953 0.2040192 0.7254017 0.7289322 -0.1261613 0.6728605 -0.7289322 -0.1261613 0.6728605 0.7791181 -0.4764304 0.4074176 -0.7791181 -0.4764304 0.4074176 0.3669272 0.289789 0.8839609 -0.3237903 0.07195335 0.9433889 0.2854303 -0.7276712 0.6237182 -0.1548168 -0.8473081 0.5080361 -0.1702333 0.9792802 0.1096864 0.1781741 0.9799579 0.08908706 0.292531 -0.7697092 0.5674271 -0.292531 -0.7697092 0.5674271 -0.1615719 -0.9694316 0.1846536 0.1615719 -0.9694316 0.1846536 0.8680965 0.4883043 0.08925992 -0.9339511 -0.2772905 0.225489 0.9276127 -0.3656799 0.07624214 -0.9276127 -0.3656799 0.07624214 0.9749749 -0.0489673 0.2168554 -0.9749749 -0.0489673 0.2168554 0.9816547 0.1882348 -0.03036046 -0.9955896 0.02880197 0.0892862 0.746645 -0.02849036 -0.6646123 -0.6374071 -0.09146648 -0.7650792 0.3722676 -0.08472293 -0.9242504 -0.3720037 -0.08454626 -0.9243729 0.39859 -0.2733785 -0.8754372 -0.39859 -0.2733785 -0.8754372 0.6327885 -0.1246607 -0.7642242 -0.6327885 -0.1246607 -0.7642242 0.7324889 -0.2406749 -0.6368169 -0.7324889 -0.2406749 -0.6368169 0.2637324 -0.8532518 -0.4498964 -0.2637324 -0.8532518 -0.4498964 0.5880637 0.7482819 -0.3070104 -0.5236076 0.7858748 -0.3289924 0.4693537 0.8497774 -0.2399703 -0.5396379 0.772685 -0.3342889 0.4462593 0.2941254 -0.845188 -0.2143616 0.5082443 -0.8341085 0.6973409 0.2770684 -0.661021 -0.7365212 0.2808088 -0.6153723 0.4972049 0.7473326 -0.4407737 -0.4972049 0.7473326 -0.4407737 0.3690983 -0.8844432 0.2855289 -0.3244428 -0.8111072 0.4866643 0.4467082 -0.8893553 0.09746354 -0.4467082 -0.8893553 0.09746354 0.3188384 -0.926624 0.199274 -0.1816593 -0.9833299 -0.007898211 0.2076135 -0.9746302 -0.08362209 -0.2924779 -0.9532613 -0.07582759 0.3397551 -0.9369006 0.08236485 -0.5847051 -0.7809148 -0.2197549 0.595688 -0.7049408 -0.3849861 -0.595688 -0.7049408 -0.3849861 0.4843178 -0.6738336 0.5580185 -0.4843178 -0.6738336 0.5580185 -0.2675267 -0.4864122 0.8317649 0.2675267 -0.4864122 0.8317649 -0.857614 -0.4637469 0.2223443 0.7885024 -0.5677217 0.2365507 -0.5256732 -0.7717329 -0.3579051 0.5241765 -0.7741684 -0.3548272 0.4663101 -0.6508912 -0.599079 -0.4389761 -0.7290139 -0.5252036 0.7103582 -0.5355876 -0.4566588 -0.7103582 -0.5355876 -0.4566588 0.7507172 0.2460684 -0.6130857 -0.6302016 -0.1282387 -0.7657682 -0.1788077 -0.9394505 0.2923365 0.217521 -0.9370135 0.2732956 0.9041857 0.2332352 -0.3578403 -0.9041857 0.2332352 -0.3578403 0.03998398 -0.9396243 0.3398641 -0.03998398 -0.9396243 0.3398641 0.2734082 -0.3220974 0.9063671 -0.2734082 -0.3220974 0.9063671 0.4479547 -0.7737399 -0.4479547 -0.7177406 -0.6755205 0.1688801 0.5533716 -0.622543 -0.5533716 -0.9007817 -0.1501302 -0.4074965 0.5723839 -0.7582229 -0.3122094 -0.5815153 -0.6242738 -0.5216534 0.5596814 -0.6169216 -0.5533214 -0.613754 -0.7464576 -0.2571132 0.9551077 0.2469593 -0.1636477 -0.171249 -0.9807899 -0.09340852 0.9227122 0.08254653 -0.376548 -0.8716734 0.206296 -0.4445534 0.997202 0.07252377 -0.01813089 -0.997202 0.07252377 -0.01813089 0.689496 -0.2883347 -0.6644234 -0.689496 -0.2883347 -0.6644234 0.7814988 -0.0882337 -0.6176362 -0.7929823 -0.1321637 -0.5947368 0.7022469 -0.1170411 -0.7022469 -0.7022469 -0.1170411 -0.7022469 0.1240082 -0.02066802 0.992066 -0.2407717 0.1203858 0.9630869 0.9434564 -0.1048285 0.3144854 -0.925132 -0.1541886 0.3469245 0.6213365 -0.103556 -0.7766706 -0.6213365 -0.103556 -0.7766706 0 0 1 0.6197241 -0.3741731 -0.6898816 -0.6197241 -0.3741731 -0.6898816 0.275241 -0.3853373 -0.8807711 -0.275241 -0.3853373 -0.8807711 -0.7929301 0.3089338 -0.5251875 0.7929301 0.3089338 -0.5251875 -0.8096171 0.5343473 0.2428851 0.8537656 0.4656903 0.2328451 -0.5621402 0.08030575 0.8231339 0.5433054 0.4656904 0.6985355 -0.007070839 -0.1414178 0.9899249 0.109559 0.01565128 0.9938572 0.1046042 -0.99374 0.03922653 -0.1737772 -0.9847378 0.009654283 0.2461058 -0.965492 0.08519047 -0.4134492 -0.9095882 0.04134488 0.3009453 -0.9491351 0.09259855 -0.3009453 -0.9491351 0.09259855 0.210358 -0.9775462 0.01237398 -0.1220272 -0.9914714 0.04576021 -0.00991553 -0.9221491 0.3867077 0.00991553 -0.9221491 0.3867077 0.3786653 -0.9248173 -0.03641009 -0.4244213 -0.9048981 -0.03203177 0.2529822 -0.9486833 -0.1897366 -0.2569888 -0.9637079 0.07227808 -0.4870486 -0.6262054 0.6088108 0.2981424 -0.5962848 0.745356 0.6693122 -0.7207978 0.1801994 -0.6693122 -0.7207978 0.1801994 0.4388195 -0.8758623 -0.2007554 -0.4723203 -0.8587642 -0.1985892 0.5786098 -0.8046293 -0.1333515 -0.2975268 -0.8639723 -0.4062386 0.5001965 -0.8182404 0.2833483 -0.5001965 -0.8182404 0.2833483 0.2979641 -0.7579789 0.5802459 -0.2979641 -0.7579789 0.5802459 0.09292387 0.09439885 -0.9911882 -0.09292387 0.09439885 -0.9911882 0.4687835 -0.144241 -0.8714566 -0.4687835 -0.144241 -0.8714566 0.9308896 -0.2624169 -0.2541301 -0.9264149 -0.2850507 -0.2459712 0.846495 0.05951917 0.5290594 -0.8266631 0.003473341 0.5626866 -0.2510706 0.2145223 0.9438983 0.214568 0.3156626 0.9242931 -0.4840985 0.03612673 0.8742675 0.4195818 0.2011693 0.8851452 -0.5256308 0.8507077 -0.002993285 0.5470265 0.8369916 -0.01439541 -0.1466462 0.9891346 0.01038569 0.1466462 0.9891346 0.01038569 0.4046244 0.9140966 0.0265811 -0.4046244 0.9140966 0.0265811 -0.8073093 -0.004097998 0.5901144 0.7330108 -0.04717391 0.6785793 0.419982 0.8781442 -0.229081 -0.419982 0.8781442 -0.229081 -0.06868392 0.0817666 -0.9942821 0.06868392 0.0817666 -0.9942821 0.6713448 -0.7144586 -0.197092 -0.6713448 -0.7144586 -0.197092 0.8325802 -0.4645556 -0.3016595 -0.8325802 -0.4645556 -0.3016595 0.4257577 -0.4289832 -0.796683 -0.4257577 -0.4289832 -0.796683 0.3264977 -0.8049858 -0.4953759 -0.3264977 -0.8049858 -0.4953759 -0.0649296 -0.8181129 -0.5713804 0.0649296 -0.8181129 -0.5713804 -0.2737893 -0.4833564 -0.8315083 0.2737893 -0.4833564 -0.8315083 -0.7605702 -0.553142 -0.3399518 0.7824203 -0.5284768 -0.3294401 -0.464927 -0.8634359 -0.1957587 0.4767313 -0.8581163 -0.1906925 -0.4983428 -0.8478299 0.1812155 0.4983428 -0.8478299 0.1812155 -0.7683498 -0.5488213 0.3292928 0.7655678 -0.5567766 0.3223443 -0.2487366 -0.5076257 0.8248918 0.2559869 -0.531665 0.8073432 -0.1016523 -0.8277404 0.5518269 0.08213782 -0.7939993 0.6023443 0.38606 -0.7445443 0.5446204 -0.3328619 -0.7846031 0.5230687 0.4059141 -0.5014233 0.7640736 -0.4245669 -0.474516 0.7710886 0.8298686 -0.4742106 0.2940106 -0.8250749 -0.480799 0.2967895 0.6617073 -0.7218625 0.202628 -0.6887994 -0.700474 0.186793 0.7815718 0.5437021 0.3058325 -0.839964 0.419982 0.3436216 0.2036532 0.5430754 0.8146131 -0.2073903 0.5184759 0.8295614 -0.4380629 0.4122945 0.7988206 0.4056161 0.5070202 0.7605302 -0.7861462 0.5240975 0.3275609 0.8642417 0.3928371 0.3142697 -0.8519428 0.3975733 -0.3407771 0.8519428 0.3975733 -0.3407771 -0.4056161 0.5070202 -0.7605302 0.4056161 0.5070202 -0.7605302 0.2073903 0.5184759 -0.8295614 -0.2073903 0.5184759 -0.8295614 0.8297398 0.4148699 -0.3733829 -0.8297398 0.4148699 -0.3733829 0.1054092 -0.5270463 -0.8432741 -0.1366916 -0.4647516 -0.8748265 0.1915565 -0.4693134 -0.8620042 -0.2302893 -0.4446966 -0.8655702 0.5958796 -0.6810052 -0.4256283 -0.5958796 -0.6810052 -0.4256283 0.7563365 -0.6535012 -0.02985537 -0.7563365 -0.6535012 -0.02985537 0.8069293 -0.5866119 0.06893366 -0.8069293 -0.5866119 0.06893366 0.2333729 -0.5834324 -0.7779099 -0.2333729 -0.5834324 -0.7779099 0.4177436 -0.7033636 -0.5751261 -0.3556971 -0.5848173 -0.7290188 0.6871915 -0.5933728 -0.4191381 -0.6871915 -0.5933728 -0.4191381 0.5537071 -0.7776509 -0.2977713 -0.7028484 -0.5938889 -0.3915356 0.822669 -0.4395081 0.3606221 -0.3126936 -0.8859652 0.3424739 0.504141 -0.5744862 0.6448315 -0.5090584 -0.5662559 0.6482391 0.6154575 -0.6154575 0.492366 -0.6154575 -0.6154575 0.492366 -0.03713905 -0.7427814 0.6685032 0.04859292 -0.7531908 0.6560049 -0.7386325 -0.5589652 0.3768024 0.7103534 -0.6493535 0.2715478 -0.5773503 -0.5773503 0.5773503 0.6013168 -0.6013168 0.5261523 0.5364082 -0.7796863 -0.3230414 -0.5070232 -0.5902658 -0.6281034 0.2180755 -0.8561483 -0.4684585 -0.2180755 -0.8561483 -0.4684585 -0.1073485 -0.8587876 -0.5009595 0.03484123 -0.8144148 -0.5792362 -0.07701516 -0.8139104 -0.5758635 0.0899018 -0.6138126 -0.7843162 0.02788555 -0.5019403 -0.8644527 -0.05466765 -0.984018 -0.1694697 0.1686746 -0.9347384 -0.3127508 -0.4259846 -0.9026816 -0.06085491 0.4349679 -0.8820183 -0.1812366 -0.335168 -0.924251 -0.1828188 0.322277 -0.9054449 -0.2762374 -0.3578878 -0.8819377 -0.3067609 0.4284113 -0.8911397 0.1494458 -0.4284113 -0.8911397 0.1494458 -0.03165441 -0.981288 -0.1899267 0.03165441 -0.981288 -0.1899267 0.1853964 -0.8485455 -0.4955791 -0.6818851 -0.6708869 -0.2914509 0.2623156 -0.8993679 -0.3497542 -0.2623156 -0.8993679 -0.3497542 0.05851191 -0.9947026 -0.08451718 0.006617546 -0.9727849 -0.2316154 -0.01355689 -0.7591869 -0.6507316 0.01355689 -0.7591869 -0.6507316 0.2404278 -0.8014261 -0.5476412 -0.2404278 -0.8014261 -0.5476412 0.3142697 -0.8642417 -0.3928371 -0.3128082 -0.9351661 -0.1661793 0.2821285 -0.9592368 -0.01638162 -0.2821285 -0.9592368 -0.01638162 0.3272507 -0.9340282 -0.1431722 -0.3272507 -0.9340282 -0.1431722 0.02321916 -0.9984246 0.05108219 0.004338562 -0.9978708 -0.06507849 0.7826088 0.1304348 -0.6086957 -0.7826088 0.1304348 -0.6086957 0.963518 0.1605863 0.2141151 -0.9256246 0.2848076 0.2492066 0.1018289 0.3869501 0.9164608 -0.06926429 0.4294387 0.9004359 -0.6904563 -0.4707657 0.5492266 0.4319342 -0.2591605 -0.8638685 -0.40711 -0.1791284 -0.895642 -0.6666667 -0.3333333 0.6666667 0.6666667 -0.3333333 0.6666667 0.1347634 -0.5727446 0.8085806 -0.1347634 -0.5727446 0.8085806 0.7638855 -0.5729141 0.2970666 -0.7532497 -0.591839 0.2869523 0.4115966 -0.3086975 -0.8574929 -0.4115966 -0.3086975 -0.8574929 0.03745025 -0.9737077 0.2247018 -0.05021667 -0.9708559 0.2343445 0.1304348 -0.9565218 -0.2608696 -0.1304348 -0.9565218 -0.2608696 -0.06311941 -0.568075 -0.8205527 0.06311941 -0.568075 -0.8205527 0.7324671 -0.6197798 0.2817181 -0.7324671 -0.6197798 0.2817181 0.3319135 -0.9404218 0.07375854 -0.5459861 -0.7184027 -0.4310416 0.2815465 -0.9572581 0.06624621 -0.3230721 -0.9458619 0.03113949 0.8752544 -0.4376272 0.2059422 -0.7356951 -0.5530575 0.3909988 0.897301 -0.3938154 0.1994002 -0.8479983 -0.4239991 0.3179994 0.9586452 -0.2767452 0.06641882 -0.9586452 -0.2767452 0.06641882 0.2524265 -0.432731 -0.8654621 -0.1783314 -0.8916575 -0.4161068 -0.1751125 -0.9631189 -0.2042979 0.1751125 -0.9631189 -0.2042979 -0.1219421 -0.9755373 -0.1829132 0.1219421 -0.9755373 -0.1829132 -0.1561737 -0.9370426 0.3123475 0.1561737 -0.9370426 0.3123475 -0.7238424 -0.07619392 0.6857454 0.7238424 -0.07619392 0.6857454 0.04783648 -0.9567298 -0.287019 -0.04783648 -0.9567298 -0.287019 -0.5488213 -0.7683499 -0.3292928 0.5488213 -0.7683499 -0.3292928 -0.4944806 -0.861809 -0.1130241 0.4944806 -0.861809 -0.1130241 -0.2594996 -0.9601487 0.1037998 0.1717156 -0.9851052 -0.009037613 -0.6684097 -0.5848584 -0.4595316 0.4332243 -0.7581425 -0.4873774 -0.1156166 -0.7630695 -0.6358913 0.1156166 -0.7630695 -0.6358913 0.4241816 -0.6589964 -0.621123 -0.4241816 -0.6589964 -0.621123 0.4766541 -0.8039092 -0.355712 -0.4766541 -0.8039092 -0.355712 0.5870963 -0.8051607 -0.08387088 -0.5870963 -0.8051607 -0.08387088 0.5773503 -0.8082905 0.1154701 -0.5656855 -0.8158925 0.1196642 0.5213825 -0.5440513 0.6573953 -0.4082483 -0.8164967 0.4082483 0.3357691 -0.8753979 0.3477608 -0.3357691 -0.8753979 0.3477608 0.1451717 -0.9145817 0.3774464 -0.1451717 -0.9145817 0.3774464 0.03007978 -0.9725808 0.2306119 -0.03007978 -0.9725808 0.2306119 0.4475494 -0.7608339 -0.4699268 -0.4475494 -0.7608339 -0.4699268 0.2627053 -0.9382333 -0.225176 -0.2627053 -0.9382333 -0.225176 -0.06311941 -0.9467917 -0.3155972 0.3765946 -0.4034941 -0.8338879 -0.2015739 -0.3695522 -0.9070827 -0.08233869 -0.6175402 -0.7822177 -0.3356243 -0.9109804 -0.2397316 0.3356243 -0.9109804 -0.2397316 -0.4567586 -0.8881418 0.05075091 0.269181 -0.9613608 -0.05768162 -0.02467632 -0.9130238 0.4071593 0.02467632 -0.9130238 0.4071593 -0.04867923 -0.7301886 0.6815094 0.02132976 -0.8318611 0.554574 0.3378225 -0.783134 0.5220893 -0.3777924 -0.6746293 0.6341516 0.7894737 -0.5263158 -0.3157895 -0.7894737 -0.5263158 -0.3157895 0.80697 -0.5850533 -0.080697 -0.80697 -0.5850533 -0.080697 0.7867959 -0.6052276 0.1210455 -0.7867959 -0.6052276 0.1210455 -0.6357073 0.3632613 0.6811149 0.6357073 0.3632613 0.6811149 -0.8506798 0.3782634 0.365049 0.8506798 0.3782634 0.365049 -0.2197156 0.4557064 0.8625872 0.2663518 0.4127253 0.8710423 0.591352 0.2991008 0.7488936 -0.5932461 0.3063166 0.7444657 0.3653076 0.2937924 0.88331 -0.3714273 0.3283632 0.8684581 0.2760493 0.2915287 0.9158646 -0.2760493 0.2915287 0.9158646 0.7964469 0.5900586 0.1323001 -0.8872826 0.4412432 0.1342914 0.5441568 0.3711687 -0.7524143 -0.5441568 0.3711687 -0.7524143 0.4027386 0.549189 -0.7322521 -0.4027386 0.549189 -0.7322521 0.1649085 0.7289437 -0.6644142 -0.3616779 0.8487375 -0.3857898 0.3011077 0.9535077 -0.01254612 -0.19518 0.9759001 -0.09758996 0.2562453 0.9151618 -0.311155 0.01072961 0.8261798 -0.5633044 0.07785052 0.06631708 -0.9947569 -0.07785052 0.06631708 -0.9947569 0.1094499 0.2089498 -0.9717823 -0.1094499 0.2089498 -0.9717823 0.8150442 0.1405248 -0.5620994 -0.8150442 0.1405248 -0.5620994 0.935848 0.3235813 0.1395841 -0.935848 0.3235813 0.1395841 0.113195 0.9931954 -0.02738589 -0.113195 0.9931954 -0.02738589 -0.1496834 0.9194838 -0.3635168 -0.1210663 0.9912304 -0.05296647 0.3705765 0.6348636 -0.6779538 -0.9093759 0.392745 0.1370653 0.9192596 0.3681883 0.1392817 -0.9192596 0.3681883 0.1392817 0.9456936 0.185027 0.2672612 -0.9172859 0.2006562 0.3439822 0.9337134 0.2214576 0.281311 -0.9004049 0.2380051 0.3641765 0.9501479 0.1921647 0.2455438 -0.8945093 -0.1084253 0.4337015 0.1834971 0.5898122 -0.7864162 -0.1596174 0.2394261 -0.9577044 0.3726855 0.7966327 -0.4759014 -0.3692765 0.8010124 -0.4711838 0.3262702 0.4445879 -0.8341999 -0.2985938 0.4821331 -0.823644 0.2619684 0.1216745 -0.9573756 -0.2619684 0.1216745 -0.9573756 0.2996288 0.1361949 -0.9442847 -0.2996288 0.1361949 -0.9442847 0.8641915 -0.1696376 -0.4737049 -0.8304821 0.4463135 0.3333227 0.6868954 -0.3520879 -0.6357743 -0.6868954 -0.3520879 -0.6357743 0.4189026 0.8793254 -0.2265115 -0.2950267 0.9544076 -0.04544794 0.1119178 -0.2468149 0.9625782 -0.1271882 -0.2260337 0.9657805 0.1208353 0.1946791 0.9733956 -0.1208353 0.1946791 0.9733956 0.3139982 0.7584521 0.5711005 -0.3139982 0.7584521 0.5711005 0.3230511 0.1817162 0.928772 -0.3230511 0.1817162 0.928772 0.04522031 -0.604308 0.7954667 -0.04522031 -0.604308 0.7954667 0.6144329 -0.173779 0.7695928 -0.6144329 -0.173779 0.7695928 0.6934513 0.2211965 0.6857094 -0.6934513 0.2211965 0.6857094 0.6304094 0.734323 0.2517019 -0.7104427 0.6904168 0.1363668 0.3179097 0.7573733 0.5703675 -0.3179097 0.7573733 0.5703675 0.6289424 0.1524708 0.7623544 -0.6289424 0.1524708 0.7623544 0.7088277 -0.1751994 0.6832778 -0.7088277 -0.1751994 0.6832778 0.6885315 -0.615842 0.3829662 -0.6885315 -0.615842 0.3829662 0.3237903 0.07195335 0.9433889 -0.3669272 0.289789 0.8839609 0.1548168 -0.8473081 0.5080361 -0.2854303 -0.7276712 0.6237182 -0.1781741 0.9799579 0.08908706 0.1702333 0.9792802 0.1096864 -0.2638457 0.1870906 0.9462466 0.2638457 0.1870906 0.9462466 0.9339511 -0.2772905 0.225489 -0.8680965 0.4883043 0.08925992 0.9758065 -0.1800325 0.124056 -0.9758065 -0.1800325 0.124056 0.9612812 0.2329603 0.1472002 -0.9612812 0.2329603 0.1472002 0.9955896 0.02880197 0.0892862 -0.9816547 0.1882348 -0.03036046 0.6374071 -0.09146648 -0.7650792 -0.746645 -0.02849036 -0.6646123 0.3720037 -0.08454626 -0.9243729 -0.3722676 -0.08472293 -0.9242504 0.5281225 -0.1522346 -0.8354108 -0.5281225 -0.1522346 -0.8354108 0.3070173 -0.794633 -0.5237354 -0.3070173 -0.794633 -0.5237354 0.5236076 0.7858748 -0.3289924 -0.5880637 0.7482819 -0.3070104 0.5396379 0.772685 -0.3342889 -0.4693537 0.8497774 -0.2399703 0.2143616 0.5082443 -0.8341085 -0.4462593 0.2941254 -0.845188 0.7365212 0.2808088 -0.6153723 -0.6973409 0.2770684 -0.661021 0.3244428 -0.8111072 0.4866643 -0.3690983 -0.8844432 0.2855289 0.464866 -0.8465455 0.2593463 -0.464866 -0.8465455 0.2593463 0.1816593 -0.9833299 -0.007898211 -0.3188384 -0.926624 0.199274 0.2924779 -0.9532613 -0.07582759 -0.2076135 -0.9746302 -0.08362209 0.5847051 -0.7809148 -0.2197549 -0.3397551 -0.9369006 0.08236485 0.6508972 -0.7339904 -0.1938842 -0.6508972 -0.7339904 -0.1938842 0.4074906 -0.5200867 0.7506406 -0.4074906 -0.5200867 0.7506406 -0.2654834 -0.4911444 0.8296359 0.2654834 -0.4911444 0.8296359 -0.7885024 -0.5677217 0.2365507 0.857614 -0.4637469 0.2223443 -0.5241765 -0.7741684 -0.3548272 0.5256732 -0.7717329 -0.3579051 0.4389761 -0.7290139 -0.5252036 -0.4663101 -0.6508912 -0.599079 0.6888023 -0.5740019 -0.4428015 -0.6888023 -0.5740019 -0.4428015 0.6302016 -0.1282387 -0.7657682 -0.7507172 0.2460684 -0.6130857 -0.217521 -0.9370135 0.2732956 0.1788077 -0.9394505 0.2923365 0.9045597 0.1792052 -0.3868557 -0.9045597 0.1792052 -0.3868557 0.1781741 -0.9799579 -0.08908706 -0.1781741 -0.9799579 -0.08908706 -0.2335159 -0.3748544 0.8971925 0.2335159 -0.3748544 0.8971925 0.7177406 -0.6755205 0.1688801 -0.4479547 -0.7737399 -0.4479547 0.5312708 -0.6133763 0.5843979 -0.5312708 -0.6133763 0.5843979 0.9007817 -0.1501302 -0.4074965 -0.5533716 -0.622543 -0.5533716 0.5815153 -0.6242738 -0.5216534 -0.5723839 -0.7582229 -0.3122094 0.613754 -0.7464576 -0.2571132 -0.5596814 -0.6169216 -0.5533214 0.171249 -0.9807899 -0.09340852 -0.9551077 0.2469593 -0.1636477 0.8716734 0.206296 -0.4445534 -0.9227122 0.08254653 -0.376548 0.7661046 -0.09089374 -0.6362563 -0.7661046 -0.09089374 -0.6362563 0.7929823 -0.1321637 -0.5947368 -0.7814988 -0.0882337 -0.6176362 0.2407717 0.1203858 0.9630869 -0.1240082 -0.02066802 0.992066 0.925132 -0.1541886 0.3469245 -0.9434564 -0.1048285 0.3144854 0.7071068 0 -0.7071068 -0.7071068 0 -0.7071068 -0.01571154 -0.1414039 0.9898274 0.01571154 -0.1414039 0.9898274 0.6265721 -0.2955529 -0.721149 -0.6265721 -0.2955529 -0.721149 0.2714446 -0.335314 -0.9021543 -0.2714446 -0.335314 -0.9021543 -0.8651253 0.1266037 -0.4853141 0.8651253 0.1266037 -0.4853141 -0.8537656 0.4656903 0.2328451 0.8096171 0.5343473 0.2428851 -0.5433054 0.4656904 0.6985355 0.5621402 0.08030575 0.8231339 -0.109559 0.01565128 0.9938572 0.007070839 -0.1414178 0.9899249 0.1737772 -0.9847378 0.009654283 -0.1046042 -0.99374 0.03922653 0.4134492 -0.9095882 0.04134488 -0.2461058 -0.965492 0.08519047 0.3228001 -0.9453432 -0.04611426 -0.3228001 -0.9453432 -0.04611426 0.1220272 -0.9914714 0.04576021 -0.210358 -0.9775462 0.01237398 0.5678808 -0.8005066 0.1915742 -0.5678808 -0.8005066 0.1915742 0.4244213 -0.9048981 -0.03203177 -0.3786653 -0.9248173 -0.03641009 0.2569888 -0.9637079 0.07227808 -0.2529822 -0.9486833 -0.1897366 0.1350789 -0.9905791 -0.02251315 -0.1350789 -0.9905791 -0.02251315 -0.2981424 -0.5962848 0.745356 0.4870486 -0.6262054 0.6088108 0.5570861 -0.8170596 -0.1485562 -0.5570861 -0.8170596 -0.1485562 0.4723203 -0.8587642 -0.1985892 -0.4388195 -0.8758623 -0.2007554 0.2975268 -0.8639723 -0.4062386 -0.5786098 -0.8046293 -0.1333515 0.5770894 -0.7874867 0.2164085 -0.5770894 -0.7874867 0.2164085 0.0931167 0.06924057 -0.9932447 -0.0931167 0.06924057 -0.9932447 0.5160673 0.08120852 -0.8526898 -0.5160673 0.08120852 -0.8526898 0.9264149 -0.2850507 -0.2459712 -0.9308896 -0.2624169 -0.2541301 0.8266631 0.003473341 0.5626866 -0.846495 0.05951917 0.5290594 -0.214568 0.3156626 0.9242931 0.2510706 0.2145223 0.9438983 -0.4195818 0.2011693 0.8851452 0.4840985 0.03612673 0.8742675 -0.5470265 0.8369916 -0.01439541 0.5256308 0.8507077 -0.002993285 -0.2555612 0.9638835 -0.07494825 0.2555612 0.9638835 -0.07494825 -0.7330108 -0.04717391 0.6785793 0.8073093 -0.004097998 0.5901144 0.6843532 0.7087944 -0.1710883 -0.6843532 0.7087944 -0.1710883 -0.3603765 0.4290196 -0.828294 0.3603765 0.4290196 -0.828294</float_array>
          <technique_common>
            <accessor source="#Suzanne-mesh-normals-array" count="941" stride="3">
              <param name="X" type="float"/>
              <param name="Y" type="float"/>
              <param name="Z" type="float"/>
            </accessor>
          </technique_common>
        </source>
        <source id="Suzanne-mesh-map-0">
          <float_array id="Suzanne-mesh-map-0-array" count="5802">0.890955 0.590063 0.860081 0.560115 0.904571 0.559404 0.856226 0.850547 0.888398 0.821999 0.90064 0.853232 0.904571 0.559404 0.853018 0.521562 0.920166 0.524546 0.847458 0.888748 0.90064 0.853232 0.914672 0.888748 0.860081 0.560115 0.798481 0.569535 0.853018 0.521562 0.795104 0.838402 0.856226 0.850547 0.847458 0.888748 0.870622 0.589649 0.8289 0.590771 0.860081 0.560115 0.826436 0.818537 0.868067 0.82151 0.856226 0.850547 0.854402 0.604754 0.828171 0.633354 0.8289 0.590771 0.827598 0.775964 0.852534 0.8057 0.826436 0.818537 0.8289 0.590771 0.791018 0.645443 0.798481 0.569535 0.791018 0.762238 0.826436 0.818537 0.795104 0.838402 0.855181 0.668527 0.791018 0.645443 0.828171 0.633354 0.856142 0.742025 0.791018 0.762238 0.844839 0.707525 0.867508 0.642291 0.828171 0.633354 0.854107 0.625459 0.867293 0.768782 0.827598 0.775964 0.856142 0.742025 0.867508 0.642291 0.900375 0.666964 0.855181 0.668527 0.901223 0.745592 0.867293 0.768782 0.856142 0.742025 0.900375 0.666964 0.842358 0.702491 0.855181 0.668527 0.901223 0.745592 0.844839 0.707525 0.92118 0.713713 0.931889 0.636832 0.918898 0.699697 0.900375 0.666964 0.931368 0.777093 0.92118 0.713713 0.968213 0.77022 0.905882 0.627902 0.900375 0.666964 0.890474 0.641909 0.90499 0.78486 0.901223 0.745592 0.931368 0.777093 0.906232 0.605742 0.931889 0.636832 0.905882 0.627902 0.904357 0.807013 0.931368 0.777093 0.93125 0.820926 0.933717 0.593037 0.968392 0.645333 0.931889 0.636832 0.93125 0.820926 0.968213 0.77022 0.965038 0.841671 0.904571 0.559404 0.968392 0.573812 0.933717 0.593037 0.90064 0.853232 0.965038 0.841671 0.914672 0.888748 0.890955 0.590063 0.933717 0.593037 0.906232 0.605742 0.888398 0.821999 0.93125 0.820926 0.90064 0.853232 0.906232 0.605742 0.889591 0.593275 0.890955 0.590063 0.904357 0.807013 0.887178 0.818729 0.900583 0.804677 0.905882 0.627902 0.902359 0.607909 0.906232 0.605742 0.90499 0.78486 0.900583 0.804677 0.898822 0.786233 0.890474 0.641909 0.899781 0.626257 0.905882 0.627902 0.890219 0.770183 0.898822 0.786233 0.887351 0.775442 0.867508 0.642291 0.887842 0.636527 0.890474 0.641909 0.867293 0.768782 0.887351 0.775442 0.870376 0.775972 0.867508 0.642291 0.859881 0.623942 0.870908 0.635245 0.858859 0.786774 0.867293 0.768782 0.870376 0.775972 0.854107 0.625459 0.859664 0.608186 0.859881 0.623942 0.857942 0.802505 0.853157 0.785002 0.858859 0.786774 0.854402 0.604754 0.871664 0.593961 0.859664 0.608186 0.869299 0.817249 0.852534 0.8057 0.857942 0.802505 0.870622 0.589649 0.889591 0.593275 0.871664 0.593961 0.887178 0.818729 0.868067 0.82151 0.869299 0.817249 0.8794 0.616512 0.871664 0.593961 0.889591 0.593275 0.887178 0.818729 0.869299 0.817249 0.878029 0.795063 0.859664 0.608186 0.871664 0.593961 0.8794 0.616512 0.878029 0.795063 0.869299 0.817249 0.857942 0.802505 0.8794 0.616512 0.859881 0.623942 0.859664 0.608186 0.857942 0.802505 0.858859 0.786774 0.878029 0.795063 0.8794 0.616512 0.870908 0.635245 0.859881 0.623942 0.858859 0.786774 0.870376 0.775972 0.878029 0.795063 0.8794 0.616512 0.887842 0.636527 0.870908 0.635245 0.870376 0.775972 0.887351 0.775442 0.878029 0.795063 0.8794 0.616512 0.899781 0.626257 0.887842 0.636527 0.887351 0.775442 0.898822 0.786233 0.878029 0.795063 0.8794 0.616512 0.902359 0.607909 0.899781 0.626257 0.898822 0.786233 0.900583 0.804677 0.878029 0.795063 0.8794 0.616512 0.889591 0.593275 0.902359 0.607909 0.900583 0.804677 0.887178 0.818729 0.878029 0.795063 0.536419 0.06207197 0.518916 0.05029398 0.54026 0.05380499 0.501452 0.06204295 0.518916 0.05029398 0.518925 0.05968099 0.542788 0.064089 0.54026 0.05380499 0.55193 0.05833798 0.495083 0.06404697 0.497626 0.05376994 0.501452 0.06204295 0.555073 0.06189996 0.542788 0.064089 0.55193 0.05833798 0.495083 0.06404697 0.482805 0.06182897 0.485955 0.05827295 0.563812 0.076586 0.54629 0.07266896 0.555073 0.06189996 0.491565 0.07262498 0.474014 0.07651096 0.482805 0.06182897 0.583135 0.1084949 0.548333 0.08489298 0.563812 0.076586 0.489507 0.084858 0.454527 0.108481 0.474014 0.07651096 0.605512 0.165134 0.621513 0.227818 0.553118 0.209599 0.416514 0.22949 0.432024 0.165644 0.485339 0.210053 0.676379 0.233241 0.621513 0.227818 0.647395 0.200502 0.360308 0.235899 0.416514 0.22949 0.372747 0.256357 0.676379 0.233241 0.683908 0.279995 0.664761 0.253225 0.353696 0.284606 0.360308 0.235899 0.372747 0.256357 0.707254 0.310054 0.683908 0.279995 0.715342 0.265392 0.330721 0.316853 0.353696 0.284606 0.351187 0.31744 0.697446 0.332673 0.687515 0.311539 0.707254 0.310054 0.341964 0.339667 0.351187 0.31744 0.362723 0.329722 0.662817 0.372521 0.676824 0.323937 0.697446 0.332673 0.379297 0.378686 0.362723 0.329722 0.402772 0.362131 0.662817 0.372521 0.618316 0.375151 0.63905 0.35733 0.424583 0.379267 0.379297 0.378686 0.402772 0.362131 0.604826 0.397804 0.618316 0.375151 0.626842 0.395792 0.439252 0.40154 0.424583 0.379267 0.442396 0.381222 0.553095 0.390512 0.600808 0.377857 0.604826 0.397804 0.490934 0.391862 0.442396 0.381222 0.482938 0.358497 0.521923 0.386009 0.559674 0.357011 0.553095 0.390512 0.521923 0.386009 0.482938 0.358497 0.521086 0.343868 0.599845 0.344815 0.559674 0.357011 0.577279 0.340156 0.441977 0.347815 0.482938 0.358497 0.442396 0.381222 0.599845 0.344815 0.618316 0.375151 0.600808 0.377857 0.424583 0.379267 0.441977 0.347815 0.442396 0.381222 0.63905 0.35733 0.615546 0.342005 0.634472 0.332311 0.402772 0.362131 0.425972 0.345582 0.424583 0.379267 0.676824 0.323937 0.634472 0.332311 0.662406 0.312804 0.362723 0.329722 0.406362 0.33648 0.402772 0.362131 0.687515 0.311539 0.662406 0.312804 0.66844 0.297958 0.351187 0.31744 0.377061 0.317685 0.362723 0.329722 0.683908 0.279995 0.66844 0.297958 0.664101 0.277872 0.353696 0.284606 0.370304 0.302644 0.351187 0.31744 0.664761 0.253225 0.664101 0.277872 0.639236 0.253047 0.372747 0.256357 0.3741 0.281778 0.353696 0.284606 0.621513 0.227818 0.639236 0.253047 0.613992 0.242662 0.416514 0.22949 0.398938 0.255633 0.372747 0.256357 0.572941 0.258564 0.621513 0.227818 0.613992 0.242662 0.416514 0.22949 0.466409 0.259709 0.424464 0.244473 0.572941 0.258564 0.51976 0.2488639 0.553118 0.209599 0.51976 0.2488639 0.466409 0.259709 0.485339 0.210053 0.559674 0.357011 0.558527 0.316594 0.577279 0.340156 0.482938 0.358497 0.482619 0.317843 0.521086 0.343868 0.558527 0.316594 0.520277 0.294764 0.556923 0.291214 0.520277 0.294764 0.482619 0.317843 0.483433 0.292249 0.563905 0.272007 0.520277 0.294764 0.51976 0.2488639 0.475886 0.273078 0.520277 0.294764 0.483433 0.292249 0.525483 0.06896698 0.518925 0.05968099 0.536419 0.06207197 0.518925 0.05968099 0.512375 0.06895595 0.501452 0.06204295 0.531231 0.07382899 0.536419 0.06207197 0.542788 0.064089 0.501452 0.06204295 0.506626 0.07381099 0.495083 0.06404697 0.531231 0.07382899 0.54629 0.07266896 0.531019 0.08743095 0.506626 0.07381099 0.491565 0.07262498 0.495083 0.06404697 0.555621 0.121749 0.532669 0.09091997 0.548333 0.08489298 0.505177 0.09090799 0.482177 0.121781 0.489507 0.084858 0.531019 0.08743095 0.548333 0.08489298 0.532669 0.09091997 0.489507 0.084858 0.506827 0.08741599 0.505177 0.09090799 0.518981 0.151749 0.532042 0.127713 0.538112 0.1583819 0.518981 0.151749 0.505828 0.127728 0.518941 0.128358 0.532042 0.127713 0.518925 0.093952 0.532669 0.09091997 0.505828 0.127728 0.518925 0.093952 0.518941 0.128358 0.531019 0.08743095 0.518925 0.093952 0.518927 0.08517998 0.506827 0.08741599 0.518925 0.093952 0.505177 0.09090799 0.548362 0.17356 0.535214 0.166808 0.538112 0.1583819 0.502799 0.166857 0.489683 0.173693 0.499851 0.158434 0.537248 0.187577 0.548362 0.17356 0.544281 0.193366 0.50089 0.187571 0.489683 0.173693 0.5001 0.176033 0.528757 0.191785 0.544281 0.193366 0.519841 0.200843 0.509219 0.191626 0.493996 0.193428 0.50089 0.187571 0.519132 0.185382 0.519841 0.200843 0.517577 0.190607 0.519132 0.185382 0.519841 0.200843 0.509219 0.191626 0.538112 0.1583819 0.518998 0.1590279 0.518981 0.151749 0.499851 0.158434 0.518998 0.1590279 0.502799 0.166857 0.535214 0.166808 0.519016 0.165599 0.518998 0.1590279 0.502799 0.166857 0.519016 0.165599 0.50691 0.171667 0.519132 0.185382 0.528222 0.186316 0.528757 0.191785 0.509787 0.18626 0.519132 0.185382 0.509219 0.191626 0.528757 0.191785 0.533528 0.184215 0.537248 0.187577 0.504547 0.184206 0.509219 0.191626 0.50089 0.187571 0.533528 0.184215 0.537959 0.175966 0.537248 0.187577 0.504547 0.184206 0.5001 0.176033 0.504604 0.176791 0.537959 0.175966 0.531131 0.171631 0.535214 0.166808 0.50691 0.171667 0.5001 0.176033 0.502799 0.166857 0.533449 0.176739 0.528222 0.186316 0.519099 0.179457 0.504604 0.176791 0.509787 0.18626 0.504547 0.184206 0.519099 0.179457 0.531131 0.171631 0.533449 0.176739 0.50691 0.171667 0.519099 0.179457 0.504604 0.176791 0.519841 0.200843 0.553118 0.209599 0.51976 0.2488639 0.485339 0.210053 0.519841 0.200843 0.51976 0.2488639 0.544281 0.193366 0.561572 0.167779 0.553118 0.209599 0.476363 0.167996 0.493996 0.193428 0.485339 0.210053 0.538112 0.1583819 0.561572 0.167779 0.548362 0.17356 0.499851 0.158434 0.476363 0.167996 0.478371 0.149447 0.532042 0.127713 0.559475 0.1493189 0.538112 0.1583819 0.505828 0.127728 0.478371 0.149447 0.482177 0.121781 0.596138 0.133426 0.555621 0.121749 0.583135 0.1084949 0.441395 0.133592 0.482177 0.121781 0.478371 0.149447 0.601169 0.147885 0.559475 0.1493189 0.596138 0.133426 0.436337 0.148194 0.478371 0.149447 0.476363 0.167996 0.605512 0.165134 0.561572 0.167779 0.601169 0.147885 0.476363 0.167996 0.432024 0.165644 0.436337 0.148194 0.518927 0.08517998 0.528933 0.084957 0.531019 0.08743095 0.518927 0.08517998 0.508915 0.08494496 0.518925 0.08386498 0.531231 0.07382899 0.528933 0.084957 0.529036 0.07542896 0.508915 0.08494496 0.506626 0.07381099 0.50882 0.07541495 0.525483 0.06896698 0.529036 0.07542896 0.523751 0.070508 0.50882 0.07541495 0.512375 0.06895595 0.514106 0.07050096 0.518928 0.06789898 0.523751 0.070508 0.518929 0.06946796 0.514106 0.07050096 0.518928 0.06789898 0.518929 0.06946796 0.523751 0.070508 0.518928 0.07425898 0.518929 0.06946796 0.514106 0.07050096 0.518928 0.07425898 0.516297 0.07496595 0.523751 0.070508 0.524236 0.07669097 0.52156 0.07497 0.513619 0.07668399 0.514106 0.07050096 0.516297 0.07496595 0.529036 0.07542896 0.524601 0.07988595 0.524236 0.07669097 0.513252 0.07987898 0.50882 0.07541495 0.513619 0.07668399 0.518925 0.08386498 0.524601 0.07988595 0.528933 0.084957 0.518925 0.08386498 0.513252 0.07987898 0.518926 0.07933098 0.518926 0.07933098 0.52156 0.07497 0.524601 0.07988595 0.516297 0.07496595 0.518926 0.07933098 0.513252 0.07987898 0.524601 0.07988595 0.52156 0.07497 0.524236 0.07669097 0.513619 0.07668399 0.516297 0.07496595 0.513252 0.07987898 0.556923 0.291214 0.571787 0.277295 0.568351 0.292904 0.46807 0.278617 0.483433 0.292249 0.471978 0.294282 0.558527 0.316594 0.568351 0.292904 0.573085 0.311386 0.471978 0.294282 0.482619 0.317843 0.46779 0.313081 0.558527 0.316594 0.584855 0.327708 0.577279 0.340156 0.482619 0.317843 0.456477 0.329961 0.46779 0.313081 0.572941 0.258564 0.571787 0.277295 0.563905 0.272007 0.466409 0.259709 0.46807 0.278617 0.458737 0.268049 0.572941 0.258564 0.61172 0.255725 0.580734 0.26662 0.427062 0.257728 0.466409 0.259709 0.458737 0.268049 0.613992 0.242662 0.632494 0.262853 0.61172 0.255725 0.406068 0.265508 0.424464 0.244473 0.427062 0.257728 0.639236 0.253047 0.653658 0.279971 0.632494 0.262853 0.384904 0.283634 0.398938 0.255633 0.406068 0.265508 0.664101 0.277872 0.656064 0.297636 0.653658 0.279971 0.383015 0.301864 0.3741 0.281778 0.384904 0.283634 0.662406 0.312804 0.656064 0.297636 0.66844 0.297958 0.377061 0.317685 0.383015 0.301864 0.386858 0.314615 0.634472 0.332311 0.652752 0.310186 0.662406 0.312804 0.406362 0.33648 0.386858 0.314615 0.411556 0.327673 0.634472 0.332311 0.614408 0.331972 0.62904 0.323864 0.426727 0.335361 0.406362 0.33648 0.411556 0.327673 0.615546 0.342005 0.601033 0.333624 0.614408 0.331972 0.440344 0.336537 0.425972 0.345582 0.426727 0.335361 0.599845 0.344815 0.584855 0.327708 0.601033 0.333624 0.456477 0.329961 0.441977 0.347815 0.440344 0.336537 0.601033 0.333624 0.590644 0.321516 0.601799 0.328453 0.450408 0.323919 0.440344 0.336537 0.439372 0.331331 0.614408 0.331972 0.601799 0.328453 0.613335 0.327083 0.439372 0.331331 0.426727 0.335361 0.427623 0.330358 0.614408 0.331972 0.626851 0.320513 0.62904 0.323864 0.426727 0.335361 0.413648 0.324175 0.427623 0.330358 0.62904 0.323864 0.646248 0.306421 0.652752 0.310186 0.411556 0.327673 0.393381 0.31051 0.413648 0.324175 0.656064 0.297636 0.646248 0.306421 0.649541 0.296225 0.393381 0.31051 0.383015 0.301864 0.389662 0.300183 0.656064 0.297636 0.647785 0.283486 0.653658 0.279971 0.383015 0.301864 0.39104 0.287071 0.389662 0.300183 0.632494 0.262853 0.647785 0.283486 0.629829 0.267263 0.39104 0.287071 0.406068 0.265508 0.408893 0.269959 0.632494 0.262853 0.612641 0.26156 0.61172 0.255725 0.406068 0.265508 0.426254 0.263693 0.408893 0.269959 0.61172 0.255725 0.585166 0.270991 0.580734 0.26662 0.427062 0.257728 0.454369 0.272583 0.426254 0.263693 0.571787 0.277295 0.585166 0.270991 0.578124 0.2819 0.454369 0.272583 0.46807 0.278617 0.461798 0.283441 0.584855 0.327708 0.579548 0.30934 0.590644 0.321516 0.461204 0.311233 0.456477 0.329961 0.450408 0.323919 0.573085 0.311386 0.577524 0.293776 0.579548 0.30934 0.462754 0.295432 0.46779 0.313081 0.461204 0.311233 0.568351 0.292904 0.578124 0.2819 0.577524 0.293776 0.461798 0.283441 0.471978 0.294282 0.462754 0.295432 0.521923 0.386009 0.553209 0.433063 0.523031 0.433628 0.492809 0.434538 0.521923 0.386009 0.523031 0.433628 0.553095 0.390512 0.609819 0.431516 0.553209 0.433063 0.43586 0.43574 0.490934 0.391862 0.492809 0.434538 0.626842 0.395792 0.609819 0.431516 0.604826 0.397804 0.416915 0.400552 0.43586 0.43574 0.396518 0.425416 0.662817 0.372521 0.648174 0.419316 0.626842 0.395792 0.379297 0.378686 0.396518 0.425416 0.350292 0.396229 0.697446 0.332673 0.692106 0.388274 0.662817 0.372521 0.341964 0.339667 0.350292 0.396229 0.312756 0.350588 0.697446 0.332673 0.735879 0.312112 0.726332 0.341754 0.301067 0.320593 0.341964 0.339667 0.312756 0.350588 0.715342 0.265392 0.735879 0.312112 0.707254 0.310054 0.320452 0.270303 0.301067 0.320593 0.304876 0.261087 0.715342 0.265392 0.698172 0.216906 0.7299 0.256393 0.337414 0.219179 0.320452 0.270303 0.304876 0.261087 0.676379 0.233241 0.663103 0.190671 0.698172 0.216906 0.373474 0.191872 0.360308 0.235899 0.337414 0.219179 0.649444 0.02237796 0.62144 0.04808896 0.626908 0.01560795 0.388827 0.021586 0.416419 0.04763096 0.376796 0.07529598 0.626908 0.01560795 0.577206 0.03280097 0.56746 1.44e-4 0.411318 0.01513099 0.460782 0.03265595 0.416419 0.04763096 0.56746 1.44e-4 0.547413 0.04172396 0.518922 0.02488595 0.470636 1.44e-4 0.490511 0.04166895 0.460782 0.03265595 0.54026 0.05380499 0.518922 0.02488595 0.547413 0.04172396 0.518922 0.02488595 0.497626 0.05376994 0.490511 0.04166895 0.55193 0.05833798 0.547413 0.04172396 0.558059 0.05387097 0.490511 0.04166895 0.485955 0.05827295 0.479842 0.05378496 0.555073 0.06189996 0.558059 0.05387097 0.576951 0.057998 0.479842 0.05378496 0.482805 0.06182897 0.46092 0.05784499 0.563812 0.076586 0.576951 0.057998 0.611687 0.07826799 0.46092 0.05784499 0.474014 0.07651096 0.425932 0.07798498 0.576951 0.057998 0.62144 0.04808896 0.611687 0.07826799 0.416419 0.04763096 0.46092 0.05784499 0.425932 0.07798498 0.558059 0.05387097 0.577206 0.03280097 0.576951 0.057998 0.479842 0.05378496 0.460782 0.03265595 0.490511 0.04166895 0.611687 0.07826799 0.660451 0.07608395 0.626663 0.111357 0.425932 0.07798498 0.376796 0.07529598 0.416419 0.04763096 0.583135 0.1084949 0.611687 0.07826799 0.626663 0.111357 0.425932 0.07798498 0.454527 0.108481 0.410618 0.111244 0.629482 0.130456 0.601169 0.147885 0.596138 0.133426 0.407648 0.130594 0.436337 0.148194 0.413741 0.147158 0.626663 0.111357 0.596138 0.133426 0.583135 0.1084949 0.410618 0.111244 0.441395 0.133592 0.407648 0.130594 0.601169 0.147885 0.619303 0.159841 0.605512 0.165134 0.436337 0.148194 0.418035 0.160361 0.413741 0.147158 0.619303 0.159841 0.647395 0.200502 0.605512 0.165134 0.418035 0.160361 0.389677 0.20189 0.373474 0.191872 0.886245 0.1217769 0.89178 0.03691595 0.9459 0.07956898 0.141314 0.112482 0.142277 0.02146697 0.183115 0.09212696 0.849114 0.09973198 0.805584 0.01078599 0.89178 0.03691595 0.183115 0.09212696 0.232648 0.003483951 0.246353 0.07650995 0.805584 0.01078599 0.687018 0.07720398 0.672384 0.022201 0.349875 0.07595497 0.232648 0.003483951 0.365979 0.02099096 0.672384 0.022201 0.660451 0.07608395 0.649444 0.02237796 0.376796 0.07529598 0.365979 0.02099096 0.388827 0.021586 0.660451 0.07608395 0.629482 0.130456 0.626663 0.111357 0.376796 0.07529598 0.407648 0.130594 0.349875 0.07595497 0.7299 0.256393 0.760215 0.193244 0.789046 0.233323 0.271553 0.193871 0.304876 0.261087 0.241255 0.236977 0.909112 0.183261 0.9459 0.07956898 0.994525 0.1677049 0.107928 0.179083 0.07896095 0.06071895 0.141314 0.112482 0.862868 0.338556 0.962901 0.344752 0.911671 0.402429 0.160557 0.356821 0.04396796 0.367038 0.123776 0.315519 0.962901 0.344752 0.91536 0.259804 0.999856 0.25464 0.09896498 0.266968 0.04396796 0.367038 1.44e-4 0.259113 0.999856 0.25464 0.909112 0.183261 0.994525 0.1677049 0.107928 0.179083 1.44e-4 0.259113 0.01182895 0.155367 0.749542 0.334683 0.766337 0.300809 0.789162 0.313727 0.267408 0.310142 0.288183 0.346496 0.242992 0.325552 0.789162 0.313727 0.815314 0.276388 0.846174 0.293397 0.213065 0.285164 0.242992 0.325552 0.178537 0.304983 0.846174 0.293397 0.845007 0.256352 0.873517 0.265922 0.179662 0.263312 0.178537 0.304983 0.147089 0.274284 0.873517 0.265922 0.859075 0.228168 0.886999 0.2337689 0.1628029 0.23172 0.147089 0.274284 0.131514 0.237587 0.87503 0.184705 0.859075 0.228168 0.842355 0.19516 0.145224 0.182749 0.1628029 0.23172 0.131514 0.237587 0.909112 0.183261 0.886999 0.2337689 0.87503 0.184705 0.131514 0.237587 0.107928 0.179083 0.145224 0.182749 0.91536 0.259804 0.873517 0.265922 0.886999 0.2337689 0.147089 0.274284 0.09896498 0.266968 0.131514 0.237587 0.894128 0.301884 0.846174 0.293397 0.873517 0.265922 0.178537 0.304983 0.123776 0.315519 0.147089 0.274284 0.862868 0.338556 0.789162 0.313727 0.846174 0.293397 0.242992 0.325552 0.160557 0.356821 0.178537 0.304983 0.749542 0.334683 0.794286 0.364062 0.770185 0.379538 0.288183 0.346496 0.239776 0.382592 0.242992 0.325552 0.794286 0.364062 0.911671 0.402429 0.845499 0.449967 0.239776 0.382592 0.1064 0.432652 0.160557 0.356821 0.770572 0.444261 0.770185 0.379538 0.815858 0.445381 0.271364 0.473316 0.268122 0.398737 0.287033 0.442912 0.815858 0.445381 0.794286 0.364062 0.845499 0.449967 0.239776 0.382592 0.21926 0.477186 0.185281 0.484099 0.819845 0.468071 0.815858 0.445381 0.845499 0.449967 0.185281 0.484099 0.21926 0.477186 0.215894 0.503605 0.7299 0.256393 0.766337 0.300809 0.735879 0.312112 0.304876 0.261087 0.267408 0.310142 0.241255 0.236977 0.789046 0.233323 0.815314 0.276388 0.766337 0.300809 0.213065 0.285164 0.241255 0.236977 0.267408 0.310142 0.809631 0.233887 0.845007 0.256352 0.815314 0.276388 0.179662 0.263312 0.219168 0.237388 0.213065 0.285164 0.859075 0.228168 0.829287 0.2195619 0.842355 0.19516 0.1628029 0.23172 0.1990669 0.222464 0.179662 0.263312 0.788458 0.08082598 0.715482 0.1397269 0.687018 0.07720398 0.246353 0.07650995 0.319538 0.139409 0.246666 0.11485 0.715482 0.1397269 0.785486 0.15233 0.760215 0.193244 0.319538 0.139409 0.2459689 0.151002 0.246666 0.11485 0.698172 0.216906 0.715482 0.1397269 0.760215 0.193244 0.319538 0.139409 0.337414 0.219179 0.271553 0.193871 0.663103 0.190671 0.629482 0.130456 0.715482 0.1397269 0.407648 0.130594 0.373474 0.191872 0.319538 0.139409 0.629482 0.130456 0.687018 0.07720398 0.715482 0.1397269 0.319538 0.139409 0.349875 0.07595497 0.407648 0.130594 0.663103 0.190671 0.619303 0.159841 0.623495 0.146796 0.413741 0.147158 0.418035 0.160361 0.373474 0.191872 0.837382 0.156361 0.87503 0.184705 0.842355 0.19516 0.196622 0.155241 0.145224 0.182749 0.171653 0.1322939 0.87503 0.184705 0.886245 0.1217769 0.909112 0.183261 0.145224 0.182749 0.141314 0.112482 0.171653 0.1322939 0.78648 0.117591 0.837382 0.156361 0.785486 0.15233 0.246666 0.11485 0.196622 0.155241 0.171653 0.1322939 0.849114 0.09973198 0.78648 0.117591 0.788458 0.08082598 0.183115 0.09212696 0.246666 0.11485 0.171653 0.1322939 0.886245 0.1217769 0.858171 0.137775 0.849114 0.09973198 0.183115 0.09212696 0.171653 0.1322939 0.141314 0.112482 0.432388 0.894943 0.491058 0.881714 0.506166 0.904851 0.321637 0.893225 0.263032 0.878321 0.315867 0.868209 0.506166 0.904851 0.572792 0.860484 0.604825 0.879946 0.181486 0.854693 0.247207 0.901159 0.148729 0.873349 0.572792 0.860484 0.619962 0.791615 0.604825 0.879946 0.181486 0.854693 0.136063 0.784093 0.169745 0.787474 0.586396 0.793977 0.563786 0.739211 0.619962 0.791615 0.169745 0.787474 0.194086 0.733241 0.208656 0.740879 0.549027 0.746412 0.50827 0.697693 0.563786 0.739211 0.208656 0.740879 0.250811 0.693249 0.258399 0.707497 0.50827 0.697693 0.438641 0.680683 0.434803 0.658882 0.320962 0.677959 0.250811 0.693249 0.325318 0.656224 0.500314 0.711729 0.452955 0.700023 0.438641 0.680683 0.306136 0.696976 0.258399 0.707497 0.320962 0.677959 0.549027 0.746412 0.505666 0.730944 0.500314 0.711729 0.252524 0.726592 0.208656 0.740879 0.258399 0.707497 0.568148 0.787367 0.549027 0.746412 0.586396 0.793977 0.188269 0.781375 0.208656 0.740879 0.2145749 0.750414 0.555495 0.826352 0.586396 0.793977 0.572792 0.860484 0.19985 0.820889 0.169745 0.787474 0.188269 0.781375 0.501231 0.844356 0.572792 0.860484 0.491058 0.881714 0.253846 0.840502 0.181486 0.854693 0.19985 0.820889 0.491058 0.881714 0.457832 0.84004 0.501231 0.844356 0.297562 0.837358 0.263032 0.878321 0.253846 0.840502 0.785486 0.15233 0.783193 0.187449 0.760215 0.193244 0.2459689 0.151002 0.246955 0.187075 0.2336249 0.17562 0.434803 0.658882 0.394766 0.686125 0.391039 0.611891 0.325318 0.656224 0.364838 0.684445 0.320962 0.677959 0.789046 0.233323 0.783193 0.187449 0.809631 0.233887 0.246955 0.187075 0.241255 0.236977 0.219168 0.237388 0.391747 0.862097 0.438797 0.870229 0.432388 0.894943 0.315867 0.868209 0.363377 0.861308 0.321637 0.893225 0.438641 0.680683 0.435018 0.71828 0.394766 0.686125 0.323658 0.715731 0.320962 0.677959 0.364838 0.684445 0.384658 0.710299 0.435018 0.71828 0.433669 0.729661 0.3744 0.708969 0.323658 0.715731 0.364838 0.684445 0.410995 0.747662 0.433669 0.729661 0.427812 0.742828 0.324726 0.727177 0.347028 0.745816 0.33027 0.740536 0.384657 0.795423 0.410995 0.747662 0.418086 0.784946 0.37227 0.794472 0.347028 0.745816 0.3744 0.708969 0.384657 0.795423 0.431333 0.817535 0.401605 0.84146 0.37227 0.794472 0.32479 0.81546 0.338952 0.783073 0.401605 0.84146 0.457832 0.84004 0.438797 0.870229 0.354026 0.840297 0.297562 0.837358 0.32479 0.81546 0.816266 0.203086 0.829287 0.2195619 0.809631 0.233887 0.209828 0.206161 0.1990669 0.222464 0.1997669 0.214827 0.783193 0.187449 0.816266 0.203086 0.809631 0.233887 0.246955 0.187075 0.209828 0.206161 0.226485 0.183086 0.783193 0.187449 0.796021 0.176969 0.802192 0.1846089 0.226485 0.183086 0.2336249 0.17562 0.246955 0.187075 0.457832 0.84004 0.448505 0.804621 0.473386 0.8247 0.307886 0.802031 0.297562 0.837358 0.282357 0.821525 0.418086 0.784946 0.448505 0.804621 0.431333 0.817535 0.338952 0.783073 0.307886 0.802031 0.321237 0.777208 0.418086 0.784946 0.423718 0.754191 0.435868 0.779569 0.334089 0.752045 0.338952 0.783073 0.321237 0.777208 0.427812 0.742828 0.423718 0.754191 0.410995 0.747662 0.33027 0.740536 0.334089 0.752045 0.319919 0.74725 0.433669 0.729661 0.43795 0.749777 0.427812 0.742828 0.324726 0.727177 0.319919 0.74725 0.312907 0.729222 0.433669 0.729661 0.440995 0.724383 0.445392 0.731997 0.31751 0.721697 0.324726 0.727177 0.312907 0.729222 0.435018 0.71828 0.455277 0.713731 0.440995 0.724383 0.30346 0.710657 0.323658 0.715731 0.31751 0.721697 0.501231 0.844356 0.473386 0.8247 0.512485 0.828811 0.282357 0.821525 0.253846 0.840502 0.2429749 0.824574 0.555495 0.826352 0.512485 0.828811 0.550942 0.811814 0.2429749 0.824574 0.19985 0.820889 0.204839 0.806417 0.568148 0.787367 0.550942 0.811814 0.552139 0.787682 0.204839 0.806417 0.188269 0.781375 0.204331 0.782156 0.568148 0.787367 0.539407 0.764539 0.54285 0.755753 0.188269 0.781375 0.217774 0.759319 0.204331 0.782156 0.54285 0.755753 0.508439 0.743135 0.505666 0.730944 0.2145749 0.750414 0.249419 0.738732 0.217774 0.759319 0.505666 0.730944 0.455277 0.713731 0.452955 0.700023 0.252524 0.726592 0.30346 0.710657 0.249419 0.738732 0.445392 0.731997 0.454776 0.761665 0.43795 0.749777 0.312907 0.729222 0.302729 0.758742 0.28696 0.74502 0.470841 0.748408 0.475403 0.783904 0.454776 0.761665 0.28696 0.74502 0.281439 0.780511 0.268291 0.766661 0.475403 0.783904 0.503673 0.787562 0.494476 0.80247 0.252972 0.78341 0.281439 0.780511 0.26179 0.798626 0.503673 0.787562 0.516802 0.807339 0.494476 0.80247 0.252972 0.78341 0.239243 0.802891 0.23792 0.787045 0.512485 0.828811 0.494476 0.80247 0.516802 0.807339 0.26179 0.798626 0.2429749 0.824574 0.239243 0.802891 0.475403 0.783904 0.473386 0.8247 0.448505 0.804621 0.281439 0.780511 0.282357 0.821525 0.26179 0.798626 0.435868 0.779569 0.475403 0.783904 0.448505 0.804621 0.321237 0.777208 0.281439 0.780511 0.302729 0.758742 0.43795 0.749777 0.435868 0.779569 0.423718 0.754191 0.321237 0.777208 0.319919 0.74725 0.334089 0.752045 0.455277 0.713731 0.445392 0.731997 0.440995 0.724383 0.30346 0.710657 0.312907 0.729222 0.28696 0.74502 0.508439 0.743135 0.470841 0.748408 0.455277 0.713731 0.28696 0.74502 0.249419 0.738732 0.30346 0.710657 0.503673 0.787562 0.508439 0.743135 0.539407 0.764539 0.252972 0.78341 0.249419 0.738732 0.268291 0.766661 0.518562 0.791602 0.539407 0.764539 0.552139 0.787682 0.23792 0.787045 0.217774 0.759319 0.252972 0.78341 0.550942 0.811814 0.518562 0.791602 0.552139 0.787682 0.23792 0.787045 0.204839 0.806417 0.204331 0.782156 0.512485 0.828811 0.516802 0.807339 0.550942 0.811814 0.204839 0.806417 0.239243 0.802891 0.2429749 0.824574 0.50827 0.697693 0.484068 0.628776 0.543385 0.683538 0.276936 0.625067 0.250811 0.693249 0.216123 0.67812 0.563786 0.739211 0.543385 0.683538 0.581052 0.726933 0.216123 0.67812 0.194086 0.733241 0.1771759 0.720426 0.563786 0.739211 0.616701 0.759965 0.619962 0.791615 0.194086 0.733241 0.140379 0.752377 0.1771759 0.720426 0.619962 0.791615 0.660647 0.741167 0.707492 0.759884 0.136063 0.784093 0.09703797 0.732052 0.140379 0.752377 0.707492 0.759884 0.677256 0.670436 0.745511 0.6521 0.04952597 0.748824 0.08356398 0.662038 0.09703797 0.732052 0.745511 0.6521 0.671403 0.592656 0.740843 0.572428 0.019409 0.639749 0.09281998 0.589862 0.08356398 0.662038 0.543385 0.683538 0.671403 0.592656 0.677256 0.670436 0.216123 0.67812 0.09281998 0.589862 0.276936 0.625067 0.677256 0.670436 0.581052 0.726933 0.543385 0.683538 0.1771759 0.720426 0.08356398 0.662038 0.216123 0.67812 0.660647 0.741167 0.616701 0.759965 0.581052 0.726933 0.1771759 0.720426 0.140379 0.752377 0.09703797 0.732052 0.829287 0.2195619 0.834705 0.206959 0.842355 0.19516 0.05121594 0.522659 0.09281998 0.589862 0.03366398 0.564403 0.62042 0.565675 0.484068 0.628776 0.498072 0.552315 0.276936 0.625067 0.145041 0.562595 0.264218 0.55014 0.391039 0.611891 0.484068 0.628776 0.434803 0.658882 0.276936 0.625067 0.369913 0.610196 0.325318 0.656224 0.890955 0.590063 0.870622 0.589649 0.860081 0.560115 0.856226 0.850547 0.868067 0.82151 0.888398 0.821999 0.904571 0.559404 0.860081 0.560115 0.853018 0.521562 0.847458 0.888748 0.856226 0.850547 0.90064 0.853232 0.860081 0.560115 0.8289 0.590771 0.798481 0.569535 0.795104 0.838402 0.826436 0.818537 0.856226 0.850547 0.870622 0.589649 0.854402 0.604754 0.8289 0.590771 0.826436 0.818537 0.852534 0.8057 0.868067 0.82151 0.854402 0.604754 0.854107 0.625459 0.828171 0.633354 0.827598 0.775964 0.853157 0.785002 0.852534 0.8057 0.8289 0.590771 0.828171 0.633354 0.791018 0.645443 0.791018 0.762238 0.827598 0.775964 0.826436 0.818537 0.855181 0.668527 0.842358 0.702491 0.791018 0.645443 0.856142 0.742025 0.827598 0.775964 0.791018 0.762238 0.867508 0.642291 0.855181 0.668527 0.828171 0.633354 0.867293 0.768782 0.853157 0.785002 0.827598 0.775964 0.867508 0.642291 0.890474 0.641909 0.900375 0.666964 0.901223 0.745592 0.890219 0.770183 0.867293 0.768782 0.900375 0.666964 0.918898 0.699697 0.842358 0.702491 0.901223 0.745592 0.856142 0.742025 0.844839 0.707525 0.931889 0.636832 0.968392 0.645333 0.918898 0.699697 0.931368 0.777093 0.901223 0.745592 0.92118 0.713713 0.905882 0.627902 0.931889 0.636832 0.900375 0.666964 0.90499 0.78486 0.890219 0.770183 0.901223 0.745592 0.906232 0.605742 0.933717 0.593037 0.931889 0.636832 0.904357 0.807013 0.90499 0.78486 0.931368 0.777093 0.933717 0.593037 0.968392 0.573812 0.968392 0.645333 0.93125 0.820926 0.931368 0.777093 0.968213 0.77022 0.904571 0.559404 0.920166 0.524546 0.968392 0.573812 0.90064 0.853232 0.93125 0.820926 0.965038 0.841671 0.890955 0.590063 0.904571 0.559404 0.933717 0.593037 0.888398 0.821999 0.904357 0.807013 0.93125 0.820926 0.906232 0.605742 0.902359 0.607909 0.889591 0.593275 0.904357 0.807013 0.888398 0.821999 0.887178 0.818729 0.905882 0.627902 0.899781 0.626257 0.902359 0.607909 0.90499 0.78486 0.904357 0.807013 0.900583 0.804677 0.890474 0.641909 0.887842 0.636527 0.899781 0.626257 0.890219 0.770183 0.90499 0.78486 0.898822 0.786233 0.867508 0.642291 0.870908 0.635245 0.887842 0.636527 0.867293 0.768782 0.890219 0.770183 0.887351 0.775442 0.867508 0.642291 0.854107 0.625459 0.859881 0.623942 0.858859 0.786774 0.853157 0.785002 0.867293 0.768782 0.854107 0.625459 0.854402 0.604754 0.859664 0.608186 0.857942 0.802505 0.852534 0.8057 0.853157 0.785002 0.854402 0.604754 0.870622 0.589649 0.871664 0.593961 0.869299 0.817249 0.868067 0.82151 0.852534 0.8057 0.870622 0.589649 0.890955 0.590063 0.889591 0.593275 0.887178 0.818729 0.888398 0.821999 0.868067 0.82151 0.536419 0.06207197 0.518925 0.05968099 0.518916 0.05029398 0.501452 0.06204295 0.497626 0.05376994 0.518916 0.05029398 0.542788 0.064089 0.536419 0.06207197 0.54026 0.05380499 0.495083 0.06404697 0.485955 0.05827295 0.497626 0.05376994 0.555073 0.06189996 0.54629 0.07266896 0.542788 0.064089 0.495083 0.06404697 0.491565 0.07262498 0.482805 0.06182897 0.563812 0.076586 0.548333 0.08489298 0.54629 0.07266896 0.491565 0.07262498 0.489507 0.084858 0.474014 0.07651096 0.583135 0.1084949 0.555621 0.121749 0.548333 0.08489298 0.489507 0.084858 0.482177 0.121781 0.454527 0.108481 0.605512 0.165134 0.647395 0.200502 0.621513 0.227818 0.416514 0.22949 0.389677 0.20189 0.432024 0.165644 0.676379 0.233241 0.664761 0.253225 0.621513 0.227818 0.360308 0.235899 0.389677 0.20189 0.416514 0.22949 0.676379 0.233241 0.715342 0.265392 0.683908 0.279995 0.353696 0.284606 0.320452 0.270303 0.360308 0.235899 0.707254 0.310054 0.687515 0.311539 0.683908 0.279995 0.330721 0.316853 0.320452 0.270303 0.353696 0.284606 0.697446 0.332673 0.676824 0.323937 0.687515 0.311539 0.341964 0.339667 0.330721 0.316853 0.351187 0.31744 0.662817 0.372521 0.63905 0.35733 0.676824 0.323937 0.379297 0.378686 0.341964 0.339667 0.362723 0.329722 0.662817 0.372521 0.626842 0.395792 0.618316 0.375151 0.424583 0.379267 0.416915 0.400552 0.379297 0.378686 0.604826 0.397804 0.600808 0.377857 0.618316 0.375151 0.439252 0.40154 0.416915 0.400552 0.424583 0.379267 0.553095 0.390512 0.559674 0.357011 0.600808 0.377857 0.490934 0.391862 0.439252 0.40154 0.442396 0.381222 0.521923 0.386009 0.521086 0.343868 0.559674 0.357011 0.521923 0.386009 0.490934 0.391862 0.482938 0.358497 0.599845 0.344815 0.600808 0.377857 0.559674 0.357011 0.441977 0.347815 0.464579 0.34223 0.482938 0.358497 0.599845 0.344815 0.615546 0.342005 0.618316 0.375151 0.424583 0.379267 0.425972 0.345582 0.441977 0.347815 0.63905 0.35733 0.618316 0.375151 0.615546 0.342005 0.402772 0.362131 0.406362 0.33648 0.425972 0.345582 0.676824 0.323937 0.63905 0.35733 0.634472 0.332311 0.362723 0.329722 0.377061 0.317685 0.406362 0.33648 0.687515 0.311539 0.676824 0.323937 0.662406 0.312804 0.351187 0.31744 0.370304 0.302644 0.377061 0.317685 0.683908 0.279995 0.687515 0.311539 0.66844 0.297958 0.353696 0.284606 0.3741 0.281778 0.370304 0.302644 0.664761 0.253225 0.683908 0.279995 0.664101 0.277872 0.372747 0.256357 0.398938 0.255633 0.3741 0.281778 0.621513 0.227818 0.664761 0.253225 0.639236 0.253047 0.416514 0.22949 0.424464 0.244473 0.398938 0.255633 0.572941 0.258564 0.553118 0.209599 0.621513 0.227818 0.416514 0.22949 0.485339 0.210053 0.466409 0.259709 0.572941 0.258564 0.563905 0.272007 0.51976 0.2488639 0.51976 0.2488639 0.475886 0.273078 0.466409 0.259709 0.559674 0.357011 0.521086 0.343868 0.558527 0.316594 0.482938 0.358497 0.464579 0.34223 0.482619 0.317843 0.558527 0.316594 0.521086 0.343868 0.520277 0.294764 0.520277 0.294764 0.521086 0.343868 0.482619 0.317843 0.563905 0.272007 0.556923 0.291214 0.520277 0.294764 0.475886 0.273078 0.51976 0.2488639 0.520277 0.294764 0.525483 0.06896698 0.518928 0.06789898 0.518925 0.05968099 0.518925 0.05968099 0.518928 0.06789898 0.512375 0.06895595 0.531231 0.07382899 0.525483 0.06896698 0.536419 0.06207197 0.501452 0.06204295 0.512375 0.06895595 0.506626 0.07381099 0.531231 0.07382899 0.542788 0.064089 0.54629 0.07266896 0.506626 0.07381099 0.506827 0.08741599 0.491565 0.07262498 0.555621 0.121749 0.532042 0.127713 0.532669 0.09091997 0.505177 0.09090799 0.505828 0.127728 0.482177 0.121781 0.531019 0.08743095 0.54629 0.07266896 0.548333 0.08489298 0.489507 0.084858 0.491565 0.07262498 0.506827 0.08741599 0.518981 0.151749 0.518941 0.128358 0.532042 0.127713 0.518981 0.151749 0.499851 0.158434 0.505828 0.127728 0.532042 0.127713 0.518941 0.128358 0.518925 0.093952 0.505828 0.127728 0.505177 0.09090799 0.518925 0.093952 0.531019 0.08743095 0.532669 0.09091997 0.518925 0.093952 0.506827 0.08741599 0.518927 0.08517998 0.518925 0.093952 0.548362 0.17356 0.537959 0.175966 0.535214 0.166808 0.502799 0.166857 0.5001 0.176033 0.489683 0.173693 0.537248 0.187577 0.537959 0.175966 0.548362 0.17356 0.50089 0.187571 0.493996 0.193428 0.489683 0.173693 0.528757 0.191785 0.537248 0.187577 0.544281 0.193366 0.509219 0.191626 0.519841 0.200843 0.493996 0.193428 0.519132 0.185382 0.528757 0.191785 0.519841 0.200843 0.538112 0.1583819 0.535214 0.166808 0.518998 0.1590279 0.499851 0.158434 0.518981 0.151749 0.518998 0.1590279 0.535214 0.166808 0.531131 0.171631 0.519016 0.165599 0.502799 0.166857 0.518998 0.1590279 0.519016 0.165599 0.519132 0.185382 0.519099 0.179457 0.528222 0.186316 0.509787 0.18626 0.519099 0.179457 0.519132 0.185382 0.528757 0.191785 0.528222 0.186316 0.533528 0.184215 0.504547 0.184206 0.509787 0.18626 0.509219 0.191626 0.533528 0.184215 0.533449 0.176739 0.537959 0.175966 0.504547 0.184206 0.50089 0.187571 0.5001 0.176033 0.537959 0.175966 0.533449 0.176739 0.531131 0.171631 0.50691 0.171667 0.504604 0.176791 0.5001 0.176033 0.533449 0.176739 0.533528 0.184215 0.528222 0.186316 0.504604 0.176791 0.519099 0.179457 0.509787 0.18626 0.519099 0.179457 0.519016 0.165599 0.531131 0.171631 0.50691 0.171667 0.519016 0.165599 0.519099 0.179457 0.519841 0.200843 0.544281 0.193366 0.553118 0.209599 0.485339 0.210053 0.493996 0.193428 0.519841 0.200843 0.544281 0.193366 0.548362 0.17356 0.561572 0.167779 0.476363 0.167996 0.489683 0.173693 0.493996 0.193428 0.538112 0.1583819 0.559475 0.1493189 0.561572 0.167779 0.499851 0.158434 0.489683 0.173693 0.476363 0.167996 0.532042 0.127713 0.555621 0.121749 0.559475 0.1493189 0.505828 0.127728 0.499851 0.158434 0.478371 0.149447 0.596138 0.133426 0.559475 0.1493189 0.555621 0.121749 0.441395 0.133592 0.454527 0.108481 0.482177 0.121781 0.601169 0.147885 0.561572 0.167779 0.559475 0.1493189 0.436337 0.148194 0.441395 0.133592 0.478371 0.149447 0.605512 0.165134 0.553118 0.209599 0.561572 0.167779 0.476363 0.167996 0.485339 0.210053 0.432024 0.165644 0.518927 0.08517998 0.518925 0.08386498 0.528933 0.084957 0.518927 0.08517998 0.506827 0.08741599 0.508915 0.08494496 0.531231 0.07382899 0.531019 0.08743095 0.528933 0.084957 0.508915 0.08494496 0.506827 0.08741599 0.506626 0.07381099 0.525483 0.06896698 0.531231 0.07382899 0.529036 0.07542896 0.50882 0.07541495 0.506626 0.07381099 0.512375 0.06895595 0.518928 0.06789898 0.525483 0.06896698 0.523751 0.070508 0.514106 0.07050096 0.512375 0.06895595 0.518928 0.06789898 0.523751 0.070508 0.52156 0.07497 0.518928 0.07425898 0.514106 0.07050096 0.518929 0.06946796 0.518928 0.07425898 0.523751 0.070508 0.529036 0.07542896 0.524236 0.07669097 0.513619 0.07668399 0.50882 0.07541495 0.514106 0.07050096 0.529036 0.07542896 0.528933 0.084957 0.524601 0.07988595 0.513252 0.07987898 0.508915 0.08494496 0.50882 0.07541495 0.518925 0.08386498 0.518926 0.07933098 0.524601 0.07988595 0.518925 0.08386498 0.508915 0.08494496 0.513252 0.07987898 0.518926 0.07933098 0.518928 0.07425898 0.52156 0.07497 0.516297 0.07496595 0.518928 0.07425898 0.518926 0.07933098 0.556923 0.291214 0.563905 0.272007 0.571787 0.277295 0.46807 0.278617 0.475886 0.273078 0.483433 0.292249 0.558527 0.316594 0.556923 0.291214 0.568351 0.292904 0.471978 0.294282 0.483433 0.292249 0.482619 0.317843 0.558527 0.316594 0.573085 0.311386 0.584855 0.327708 0.482619 0.317843 0.464579 0.34223 0.456477 0.329961 0.572941 0.258564 0.580734 0.26662 0.571787 0.277295 0.466409 0.259709 0.475886 0.273078 0.46807 0.278617 0.572941 0.258564 0.613992 0.242662 0.61172 0.255725 0.427062 0.257728 0.424464 0.244473 0.466409 0.259709 0.613992 0.242662 0.639236 0.253047 0.632494 0.262853 0.406068 0.265508 0.398938 0.255633 0.424464 0.244473 0.639236 0.253047 0.664101 0.277872 0.653658 0.279971 0.384904 0.283634 0.3741 0.281778 0.398938 0.255633 0.664101 0.277872 0.66844 0.297958 0.656064 0.297636 0.383015 0.301864 0.370304 0.302644 0.3741 0.281778 0.662406 0.312804 0.652752 0.310186 0.656064 0.297636 0.377061 0.317685 0.370304 0.302644 0.383015 0.301864 0.634472 0.332311 0.62904 0.323864 0.652752 0.310186 0.406362 0.33648 0.377061 0.317685 0.386858 0.314615 0.634472 0.332311 0.615546 0.342005 0.614408 0.331972 0.426727 0.335361 0.425972 0.345582 0.406362 0.33648 0.615546 0.342005 0.599845 0.344815 0.601033 0.333624 0.440344 0.336537 0.441977 0.347815 0.425972 0.345582 0.599845 0.344815 0.577279 0.340156 0.584855 0.327708 0.456477 0.329961 0.464579 0.34223 0.441977 0.347815 0.601033 0.333624 0.584855 0.327708 0.590644 0.321516 0.450408 0.323919 0.456477 0.329961 0.440344 0.336537 0.614408 0.331972 0.601033 0.333624 0.601799 0.328453 0.439372 0.331331 0.440344 0.336537 0.426727 0.335361 0.614408 0.331972 0.613335 0.327083 0.626851 0.320513 0.426727 0.335361 0.411556 0.327673 0.413648 0.324175 0.62904 0.323864 0.626851 0.320513 0.646248 0.306421 0.411556 0.327673 0.386858 0.314615 0.393381 0.31051 0.656064 0.297636 0.652752 0.310186 0.646248 0.306421 0.393381 0.31051 0.386858 0.314615 0.383015 0.301864 0.656064 0.297636 0.649541 0.296225 0.647785 0.283486 0.383015 0.301864 0.384904 0.283634 0.39104 0.287071 0.632494 0.262853 0.653658 0.279971 0.647785 0.283486 0.39104 0.287071 0.384904 0.283634 0.406068 0.265508 0.632494 0.262853 0.629829 0.267263 0.612641 0.26156 0.406068 0.265508 0.427062 0.257728 0.426254 0.263693 0.61172 0.255725 0.612641 0.26156 0.585166 0.270991 0.427062 0.257728 0.458737 0.268049 0.454369 0.272583 0.571787 0.277295 0.580734 0.26662 0.585166 0.270991 0.454369 0.272583 0.458737 0.268049 0.46807 0.278617 0.584855 0.327708 0.573085 0.311386 0.579548 0.30934 0.461204 0.311233 0.46779 0.313081 0.456477 0.329961 0.573085 0.311386 0.568351 0.292904 0.577524 0.293776 0.462754 0.295432 0.471978 0.294282 0.46779 0.313081 0.568351 0.292904 0.571787 0.277295 0.578124 0.2819 0.461798 0.283441 0.46807 0.278617 0.471978 0.294282 0.521923 0.386009 0.553095 0.390512 0.553209 0.433063 0.492809 0.434538 0.490934 0.391862 0.521923 0.386009 0.553095 0.390512 0.604826 0.397804 0.609819 0.431516 0.43586 0.43574 0.439252 0.40154 0.490934 0.391862 0.626842 0.395792 0.648174 0.419316 0.609819 0.431516 0.416915 0.400552 0.439252 0.40154 0.43586 0.43574 0.662817 0.372521 0.692106 0.388274 0.648174 0.419316 0.379297 0.378686 0.416915 0.400552 0.396518 0.425416 0.697446 0.332673 0.726332 0.341754 0.692106 0.388274 0.341964 0.339667 0.379297 0.378686 0.350292 0.396229 0.697446 0.332673 0.707254 0.310054 0.735879 0.312112 0.301067 0.320593 0.330721 0.316853 0.341964 0.339667 0.715342 0.265392 0.7299 0.256393 0.735879 0.312112 0.320452 0.270303 0.330721 0.316853 0.301067 0.320593 0.715342 0.265392 0.676379 0.233241 0.698172 0.216906 0.337414 0.219179 0.360308 0.235899 0.320452 0.270303 0.676379 0.233241 0.647395 0.200502 0.663103 0.190671 0.373474 0.191872 0.389677 0.20189 0.360308 0.235899 0.649444 0.02237796 0.660451 0.07608395 0.62144 0.04808896 0.388827 0.021586 0.411318 0.01513099 0.416419 0.04763096 0.626908 0.01560795 0.62144 0.04808896 0.577206 0.03280097 0.411318 0.01513099 0.470636 1.44e-4 0.460782 0.03265595 0.56746 1.44e-4 0.577206 0.03280097 0.547413 0.04172396 0.470636 1.44e-4 0.518922 0.02488595 0.490511 0.04166895 0.54026 0.05380499 0.518916 0.05029398 0.518922 0.02488595 0.518922 0.02488595 0.518916 0.05029398 0.497626 0.05376994 0.55193 0.05833798 0.54026 0.05380499 0.547413 0.04172396 0.490511 0.04166895 0.497626 0.05376994 0.485955 0.05827295 0.555073 0.06189996 0.55193 0.05833798 0.558059 0.05387097 0.479842 0.05378496 0.485955 0.05827295 0.482805 0.06182897 0.563812 0.076586 0.555073 0.06189996 0.576951 0.057998 0.46092 0.05784499 0.482805 0.06182897 0.474014 0.07651096 0.576951 0.057998 0.577206 0.03280097 0.62144 0.04808896 0.416419 0.04763096 0.460782 0.03265595 0.46092 0.05784499 0.558059 0.05387097 0.547413 0.04172396 0.577206 0.03280097 0.479842 0.05378496 0.46092 0.05784499 0.460782 0.03265595 0.611687 0.07826799 0.62144 0.04808896 0.660451 0.07608395 0.425932 0.07798498 0.410618 0.111244 0.376796 0.07529598 0.583135 0.1084949 0.563812 0.076586 0.611687 0.07826799 0.425932 0.07798498 0.474014 0.07651096 0.454527 0.108481 0.629482 0.130456 0.623495 0.146796 0.601169 0.147885 0.407648 0.130594 0.441395 0.133592 0.436337 0.148194 0.626663 0.111357 0.629482 0.130456 0.596138 0.133426 0.410618 0.111244 0.454527 0.108481 0.441395 0.133592 0.601169 0.147885 0.623495 0.146796 0.619303 0.159841 0.436337 0.148194 0.432024 0.165644 0.418035 0.160361 0.619303 0.159841 0.663103 0.190671 0.647395 0.200502 0.418035 0.160361 0.432024 0.165644 0.389677 0.20189 0.886245 0.1217769 0.849114 0.09973198 0.89178 0.03691595 0.141314 0.112482 0.07896095 0.06071895 0.142277 0.02146697 0.849114 0.09973198 0.788458 0.08082598 0.805584 0.01078599 0.183115 0.09212696 0.142277 0.02146697 0.232648 0.003483951 0.805584 0.01078599 0.788458 0.08082598 0.687018 0.07720398 0.349875 0.07595497 0.246353 0.07650995 0.232648 0.003483951 0.672384 0.022201 0.687018 0.07720398 0.660451 0.07608395 0.376796 0.07529598 0.349875 0.07595497 0.365979 0.02099096 0.660451 0.07608395 0.687018 0.07720398 0.629482 0.130456 0.376796 0.07529598 0.410618 0.111244 0.407648 0.130594 0.7299 0.256393 0.698172 0.216906 0.760215 0.193244 0.271553 0.193871 0.337414 0.219179 0.304876 0.261087 0.909112 0.183261 0.886245 0.1217769 0.9459 0.07956898 0.107928 0.179083 0.01182895 0.155367 0.07896095 0.06071895 0.862868 0.338556 0.894128 0.301884 0.962901 0.344752 0.160557 0.356821 0.1064 0.432652 0.04396796 0.367038 0.962901 0.344752 0.894128 0.301884 0.91536 0.259804 0.09896498 0.266968 0.123776 0.315519 0.04396796 0.367038 0.999856 0.25464 0.91536 0.259804 0.909112 0.183261 0.107928 0.179083 0.09896498 0.266968 1.44e-4 0.259113 0.749542 0.334683 0.735879 0.312112 0.766337 0.300809 0.267408 0.310142 0.301067 0.320593 0.288183 0.346496 0.789162 0.313727 0.766337 0.300809 0.815314 0.276388 0.213065 0.285164 0.267408 0.310142 0.242992 0.325552 0.846174 0.293397 0.815314 0.276388 0.845007 0.256352 0.179662 0.263312 0.213065 0.285164 0.178537 0.304983 0.873517 0.265922 0.845007 0.256352 0.859075 0.228168 0.1628029 0.23172 0.179662 0.263312 0.147089 0.274284 0.87503 0.184705 0.886999 0.2337689 0.859075 0.228168 0.145224 0.182749 0.176788 0.196179 0.1628029 0.23172 0.909112 0.183261 0.91536 0.259804 0.886999 0.2337689 0.131514 0.237587 0.09896498 0.266968 0.107928 0.179083 0.91536 0.259804 0.894128 0.301884 0.873517 0.265922 0.147089 0.274284 0.123776 0.315519 0.09896498 0.266968 0.894128 0.301884 0.862868 0.338556 0.846174 0.293397 0.178537 0.304983 0.160557 0.356821 0.123776 0.315519 0.862868 0.338556 0.794286 0.364062 0.789162 0.313727 0.242992 0.325552 0.239776 0.382592 0.160557 0.356821 0.749542 0.334683 0.789162 0.313727 0.794286 0.364062 0.288183 0.346496 0.268122 0.398737 0.239776 0.382592 0.794286 0.364062 0.862868 0.338556 0.911671 0.402429 0.239776 0.382592 0.185281 0.484099 0.1064 0.432652 0.770572 0.444261 0.7557 0.418603 0.770185 0.379538 0.271364 0.473316 0.21926 0.477186 0.268122 0.398737 0.815858 0.445381 0.770185 0.379538 0.794286 0.364062 0.239776 0.382592 0.268122 0.398737 0.21926 0.477186 0.7299 0.256393 0.789046 0.233323 0.766337 0.300809 0.304876 0.261087 0.301067 0.320593 0.267408 0.310142 0.789046 0.233323 0.809631 0.233887 0.815314 0.276388 0.213065 0.285164 0.219168 0.237388 0.241255 0.236977 0.809631 0.233887 0.829287 0.2195619 0.845007 0.256352 0.179662 0.263312 0.1990669 0.222464 0.219168 0.237388 0.859075 0.228168 0.845007 0.256352 0.829287 0.2195619 0.1628029 0.23172 0.176788 0.196179 0.1990669 0.222464 0.788458 0.08082598 0.78648 0.117591 0.715482 0.1397269 0.246353 0.07650995 0.349875 0.07595497 0.319538 0.139409 0.715482 0.1397269 0.78648 0.117591 0.785486 0.15233 0.319538 0.139409 0.271553 0.193871 0.2459689 0.151002 0.698172 0.216906 0.663103 0.190671 0.715482 0.1397269 0.319538 0.139409 0.373474 0.191872 0.337414 0.219179 0.663103 0.190671 0.623495 0.146796 0.629482 0.130456 0.407648 0.130594 0.413741 0.147158 0.373474 0.191872 0.837382 0.156361 0.858171 0.137775 0.87503 0.184705 0.196622 0.155241 0.176788 0.196179 0.145224 0.182749 0.87503 0.184705 0.858171 0.137775 0.886245 0.1217769 0.145224 0.182749 0.107928 0.179083 0.141314 0.112482 0.78648 0.117591 0.858171 0.137775 0.837382 0.156361 0.246666 0.11485 0.2459689 0.151002 0.196622 0.155241 0.849114 0.09973198 0.858171 0.137775 0.78648 0.117591 0.183115 0.09212696 0.246353 0.07650995 0.246666 0.11485 0.432388 0.894943 0.438797 0.870229 0.491058 0.881714 0.321637 0.893225 0.247207 0.901159 0.263032 0.878321 0.506166 0.904851 0.491058 0.881714 0.572792 0.860484 0.181486 0.854693 0.263032 0.878321 0.247207 0.901159 0.572792 0.860484 0.586396 0.793977 0.619962 0.791615 0.181486 0.854693 0.148729 0.873349 0.136063 0.784093 0.586396 0.793977 0.549027 0.746412 0.563786 0.739211 0.169745 0.787474 0.136063 0.784093 0.194086 0.733241 0.549027 0.746412 0.500314 0.711729 0.50827 0.697693 0.208656 0.740879 0.194086 0.733241 0.250811 0.693249 0.50827 0.697693 0.500314 0.711729 0.438641 0.680683 0.320962 0.677959 0.258399 0.707497 0.250811 0.693249 0.500314 0.711729 0.505666 0.730944 0.452955 0.700023 0.306136 0.696976 0.252524 0.726592 0.258399 0.707497 0.549027 0.746412 0.54285 0.755753 0.505666 0.730944 0.252524 0.726592 0.2145749 0.750414 0.208656 0.740879 0.568148 0.787367 0.54285 0.755753 0.549027 0.746412 0.188269 0.781375 0.169745 0.787474 0.208656 0.740879 0.555495 0.826352 0.568148 0.787367 0.586396 0.793977 0.19985 0.820889 0.181486 0.854693 0.169745 0.787474 0.501231 0.844356 0.555495 0.826352 0.572792 0.860484 0.253846 0.840502 0.263032 0.878321 0.181486 0.854693 0.491058 0.881714 0.438797 0.870229 0.457832 0.84004 0.297562 0.837358 0.315867 0.868209 0.263032 0.878321 0.785486 0.15233 0.796021 0.176969 0.783193 0.187449 0.2459689 0.151002 0.271553 0.193871 0.246955 0.187075 0.434803 0.658882 0.438641 0.680683 0.394766 0.686125 0.325318 0.656224 0.369913 0.610196 0.364838 0.684445 0.789046 0.233323 0.760215 0.193244 0.783193 0.187449 0.246955 0.187075 0.271553 0.193871 0.241255 0.236977 0.391747 0.862097 0.401605 0.84146 0.438797 0.870229 0.315867 0.868209 0.354026 0.840297 0.363377 0.861308 0.438641 0.680683 0.452955 0.700023 0.435018 0.71828 0.323658 0.715731 0.306136 0.696976 0.320962 0.677959 0.384658 0.710299 0.394766 0.686125 0.435018 0.71828 0.3744 0.708969 0.324726 0.727177 0.323658 0.715731 0.410995 0.747662 0.384658 0.710299 0.433669 0.729661 0.324726 0.727177 0.3744 0.708969 0.347028 0.745816 0.384657 0.795423 0.384658 0.710299 0.410995 0.747662 0.37227 0.794472 0.338952 0.783073 0.347028 0.745816 0.384657 0.795423 0.418086 0.784946 0.431333 0.817535 0.37227 0.794472 0.354026 0.840297 0.32479 0.81546 0.401605 0.84146 0.431333 0.817535 0.457832 0.84004 0.354026 0.840297 0.315867 0.868209 0.297562 0.837358 0.816266 0.203086 0.825107 0.209762 0.829287 0.2195619 0.209828 0.206161 0.219168 0.237388 0.1990669 0.222464 0.783193 0.187449 0.802192 0.1846089 0.816266 0.203086 0.246955 0.187075 0.219168 0.237388 0.209828 0.206161 0.457832 0.84004 0.431333 0.817535 0.448505 0.804621 0.307886 0.802031 0.32479 0.81546 0.297562 0.837358 0.418086 0.784946 0.435868 0.779569 0.448505 0.804621 0.338952 0.783073 0.32479 0.81546 0.307886 0.802031 0.418086 0.784946 0.410995 0.747662 0.423718 0.754191 0.334089 0.752045 0.347028 0.745816 0.338952 0.783073 0.427812 0.742828 0.43795 0.749777 0.423718 0.754191 0.33027 0.740536 0.347028 0.745816 0.334089 0.752045 0.433669 0.729661 0.445392 0.731997 0.43795 0.749777 0.324726 0.727177 0.33027 0.740536 0.319919 0.74725 0.433669 0.729661 0.435018 0.71828 0.440995 0.724383 0.31751 0.721697 0.323658 0.715731 0.324726 0.727177 0.435018 0.71828 0.452955 0.700023 0.455277 0.713731 0.30346 0.710657 0.306136 0.696976 0.323658 0.715731 0.501231 0.844356 0.457832 0.84004 0.473386 0.8247 0.282357 0.821525 0.297562 0.837358 0.253846 0.840502 0.555495 0.826352 0.501231 0.844356 0.512485 0.828811 0.2429749 0.824574 0.253846 0.840502 0.19985 0.820889 0.568148 0.787367 0.555495 0.826352 0.550942 0.811814 0.204839 0.806417 0.19985 0.820889 0.188269 0.781375 0.568148 0.787367 0.552139 0.787682 0.539407 0.764539 0.188269 0.781375 0.2145749 0.750414 0.217774 0.759319 0.54285 0.755753 0.539407 0.764539 0.508439 0.743135 0.2145749 0.750414 0.252524 0.726592 0.249419 0.738732 0.505666 0.730944 0.508439 0.743135 0.455277 0.713731 0.252524 0.726592 0.306136 0.696976 0.30346 0.710657 0.445392 0.731997 0.470841 0.748408 0.454776 0.761665 0.312907 0.729222 0.319919 0.74725 0.302729 0.758742 0.470841 0.748408 0.48887 0.770464 0.475403 0.783904 0.28696 0.74502 0.302729 0.758742 0.281439 0.780511 0.475403 0.783904 0.48887 0.770464 0.503673 0.787562 0.252972 0.78341 0.268291 0.766661 0.281439 0.780511 0.503673 0.787562 0.518562 0.791602 0.516802 0.807339 0.252972 0.78341 0.26179 0.798626 0.239243 0.802891 0.512485 0.828811 0.473386 0.8247 0.494476 0.80247 0.26179 0.798626 0.282357 0.821525 0.2429749 0.824574 0.475403 0.783904 0.494476 0.80247 0.473386 0.8247 0.281439 0.780511 0.307886 0.802031 0.282357 0.821525 0.435868 0.779569 0.454776 0.761665 0.475403 0.783904 0.321237 0.777208 0.307886 0.802031 0.281439 0.780511 0.43795 0.749777 0.454776 0.761665 0.435868 0.779569 0.321237 0.777208 0.302729 0.758742 0.319919 0.74725 0.455277 0.713731 0.470841 0.748408 0.445392 0.731997 0.30346 0.710657 0.31751 0.721697 0.312907 0.729222 0.508439 0.743135 0.48887 0.770464 0.470841 0.748408 0.28696 0.74502 0.268291 0.766661 0.249419 0.738732 0.503673 0.787562 0.48887 0.770464 0.508439 0.743135 0.252972 0.78341 0.217774 0.759319 0.249419 0.738732 0.518562 0.791602 0.503673 0.787562 0.539407 0.764539 0.23792 0.787045 0.204331 0.782156 0.217774 0.759319 0.550942 0.811814 0.516802 0.807339 0.518562 0.791602 0.23792 0.787045 0.239243 0.802891 0.204839 0.806417 0.50827 0.697693 0.434803 0.658882 0.484068 0.628776 0.276936 0.625067 0.325318 0.656224 0.250811 0.693249 0.563786 0.739211 0.50827 0.697693 0.543385 0.683538 0.216123 0.67812 0.250811 0.693249 0.194086 0.733241 0.563786 0.739211 0.581052 0.726933 0.616701 0.759965 0.194086 0.733241 0.136063 0.784093 0.140379 0.752377 0.619962 0.791615 0.616701 0.759965 0.660647 0.741167 0.136063 0.784093 0.04952597 0.748824 0.09703797 0.732052 0.707492 0.759884 0.660647 0.741167 0.677256 0.670436 0.04952597 0.748824 0.019409 0.639749 0.08356398 0.662038 0.745511 0.6521 0.677256 0.670436 0.671403 0.592656 0.019409 0.639749 0.03366398 0.564403 0.09281998 0.589862 0.543385 0.683538 0.484068 0.628776 0.671403 0.592656 0.216123 0.67812 0.08356398 0.662038 0.09281998 0.589862 0.677256 0.670436 0.660647 0.741167 0.581052 0.726933 0.1771759 0.720426 0.09703797 0.732052 0.08356398 0.662038 0.829287 0.2195619 0.834578 0.206879 0.834705 0.206959 0.05121594 0.522659 0.145041 0.562595 0.09281998 0.589862 0.62042 0.565675 0.671403 0.592656 0.484068 0.628776 0.276936 0.625067 0.09281998 0.589862 0.145041 0.562595 0.391039 0.611891 0.498072 0.552315 0.484068 0.628776 0.276936 0.625067 0.264218 0.55014 0.369913 0.610196</float_array>
          <technique_common>
            <accessor source="#Suzanne-mesh-map-0-array" count="2901" stride="2">
              <param name="S" type="float"/>
              <param name="T" type="float"/>
            </accessor>
          </technique_common>
        </source>
        <vertices id="Suzanne-mesh-vertices">
          <input semantic="POSITION" source="#Suzanne-mesh-positions"/>
        </vertices>
        <triangles count="967">
          <input semantic="VERTEX" source="#Suzanne-mesh-vertices" offset="0"/>
          <input semantic="NORMAL" source="#Suzanne-mesh-normals" offset="1"/>
          <input semantic="TEXCOORD" source="#Suzanne-mesh-map-0" offset="2" set="0"/>
          <p>46 0 0 2 0 1 44 0 2 3 1 3 47 1 4 45 1 5 44 2 6 4 2 7 42 2 8 5 3 9 45 3 10 43 3 11 2 4 12 6 4 13 4 4 14 7 5 15 3 5 16 5 5 17 0 6 18 8 6 19 2 6 20 9 7 21 1 7 22 3 7 23 10 8 24 14 8 25 8 8 26 15 9 27 11 9 28 9 9 29 8 10 30 16 10 31 6 10 32 17 11 33 9 11 34 7 11 35 20 12 36 16 12 37 14 12 38 21 13 39 17 13 40 19 13 41 22 14 42 14 14 43 12 14 44 23 15 45 15 15 46 21 15 47 22 16 48 26 16 49 20 16 50 27 17 51 23 17 52 21 17 53 26 18 54 18 18 55 20 18 56 27 19 57 19 19 58 29 19 59 32 20 60 28 20 61 26 20 62 33 21 63 29 21 64 31 21 65 34 22 66 26 22 67 24 22 68 35 23 69 27 23 70 33 23 71 36 24 72 32 24 73 34 24 74 37 25 75 33 25 76 39 25 77 38 26 78 30 26 79 32 26 80 39 27 81 31 27 82 41 27 83 44 28 84 40 28 85 38 28 86 45 29 87 41 29 88 43 29 89 46 30 90 38 30 91 36 30 92 47 31 93 39 31 94 45 31 95 36 32 96 48 32 97 46 32 98 37 33 99 49 33 100 51 33 101 34 34 102 50 34 103 36 34 104 35 35 105 51 35 106 53 35 107 24 36 108 52 36 109 34 36 110 25 37 111 53 37 112 55 37 113 22 38 114 54 38 115 24 38 116 23 39 117 55 39 118 57 39 119 22 40 120 58 40 121 56 40 122 59 41 123 23 41 124 57 41 125 12 42 126 62 42 127 58 42 128 63 43 129 13 43 130 59 43 131 10 44 132 64 44 133 62 44 134 65 45 135 11 45 136 63 45 137 0 46 138 48 46 139 64 46 140 49 47 141 1 47 142 65 47 143 60 48 144 64 48 145 48 48 146 49 49 147 65 49 148 61 49 149 62 50 150 64 50 151 60 50 152 61 51 153 65 51 154 63 51 155 60 52 156 58 52 157 62 52 158 63 53 159 59 53 160 61 53 161 60 54 162 56 54 163 58 54 164 59 55 165 57 55 166 61 55 167 60 56 168 54 56 169 56 56 170 57 57 171 55 57 172 61 57 173 60 58 174 52 58 175 54 58 176 55 59 177 53 59 178 61 59 179 60 60 180 50 60 181 52 60 182 53 61 183 51 61 184 61 61 185 60 62 186 48 62 187 50 62 188 51 63 189 49 63 190 61 63 191 173 64 192 90 64 193 88 64 194 174 65 195 90 65 196 175 65 197 171 66 198 88 66 199 86 66 200 172 67 201 89 67 202 174 67 203 84 68 204 171 68 205 86 68 206 172 69 207 85 69 208 87 69 209 82 70 210 169 70 211 84 70 212 170 71 213 83 71 214 85 71 215 80 72 216 167 72 217 82 72 218 168 73 219 81 73 220 83 73 221 78 74 222 145 74 223 163 74 224 146 75 225 79 75 226 164 75 227 93 76 228 145 76 229 91 76 230 94 77 231 146 77 232 148 77 233 93 78 234 149 78 235 147 78 236 150 79 237 94 79 238 148 79 239 97 80 240 149 80 241 95 80 242 98 81 243 150 81 244 152 81 245 99 82 246 151 82 247 97 82 248 100 83 249 152 83 250 154 83 251 101 84 252 153 84 253 99 84 254 102 85 255 154 85 256 156 85 257 101 86 258 157 86 259 155 86 260 158 87 261 102 87 262 156 87 263 105 88 264 157 88 265 103 88 266 106 89 267 158 89 268 160 89 269 107 90 270 159 90 271 105 90 272 108 91 273 160 91 274 162 91 275 66 92 276 161 92 277 107 92 278 66 93 279 162 93 280 67 93 281 127 94 282 161 94 283 109 94 284 128 95 285 162 95 286 160 95 287 127 96 288 157 96 289 159 96 290 158 97 291 128 97 292 160 97 293 155 98 294 178 98 295 125 98 296 156 99 297 179 99 298 158 99 299 153 100 300 125 100 301 123 100 302 154 101 303 126 101 304 156 101 305 151 102 306 123 102 307 121 102 308 152 103 309 124 103 310 154 103 311 149 104 312 121 104 313 119 104 314 150 105 315 122 105 316 152 105 317 147 106 318 119 106 319 117 106 320 148 107 321 120 107 322 150 107 323 145 108 324 117 108 325 115 108 326 146 109 327 118 109 328 148 109 329 113 110 330 145 110 331 115 110 332 146 110 333 114 110 334 116 110 335 113 111 336 176 111 337 163 111 338 176 112 339 114 112 340 164 112 341 161 113 342 111 113 343 109 113 344 162 114 345 112 114 346 67 114 347 111 115 348 177 115 349 182 115 350 177 116 351 112 116 352 183 116 353 180 117 354 177 117 355 176 117 356 181 118 357 177 118 358 183 118 359 134 119 360 175 119 361 173 119 362 175 120 363 135 120 364 174 120 365 132 121 366 173 121 367 171 121 368 174 122 369 133 122 370 172 122 371 132 123 372 169 123 373 130 123 374 133 124 375 170 124 376 172 124 377 165 125 378 184 125 379 167 125 380 185 126 381 166 126 382 168 126 383 130 127 384 167 127 385 184 127 386 168 128 387 131 128 388 185 128 389 189 129 390 186 129 391 143 129 392 189 130 393 187 130 394 188 130 395 186 131 396 68 131 397 184 131 398 187 132 399 68 132 400 188 132 401 130 133 402 68 133 403 129 133 404 131 133 405 68 133 406 185 133 407 141 134 408 190 134 409 143 134 410 191 135 411 142 135 412 144 135 413 194 136 414 141 136 415 139 136 416 195 137 417 142 137 418 193 137 419 196 138 420 139 138 421 138 138 422 197 139 423 140 139 424 195 139 425 70 140 426 138 140 427 137 140 428 70 141 429 138 141 430 197 141 431 143 142 432 69 142 433 189 142 434 144 143 435 69 143 436 191 143 437 190 144 438 207 144 439 69 144 440 191 145 441 207 145 442 206 145 443 70 146 444 199 146 445 196 146 446 200 147 447 70 147 448 197 147 449 196 148 450 201 148 451 194 148 452 202 149 453 197 149 454 195 149 455 201 150 456 192 150 457 194 150 458 202 151 459 193 151 460 204 151 461 192 152 462 205 152 463 190 152 464 206 153 465 193 153 466 191 153 467 203 154 468 199 154 469 198 154 470 204 155 471 200 155 472 202 155 473 198 156 474 205 156 475 203 156 476 206 157 477 198 157 478 204 157 479 138 158 480 163 158 481 176 158 482 164 159 483 138 159 484 176 159 485 139 160 486 210 160 487 163 160 488 211 161 489 140 161 490 164 161 491 143 162 492 210 162 493 141 162 494 144 163 495 211 163 496 213 163 497 186 164 498 212 164 499 143 164 500 187 165 501 213 165 502 166 165 503 208 166 504 165 166 505 80 166 506 209 167 507 166 167 508 213 167 509 214 168 510 212 168 511 208 168 512 215 169 513 213 169 514 211 169 515 78 170 516 210 170 517 214 170 518 211 171 519 79 171 520 215 171 521 129 172 522 221 172 523 130 172 524 129 173 525 222 173 526 71 173 527 132 174 528 221 174 529 219 174 530 222 175 531 133 175 532 220 175 533 134 176 534 219 176 535 217 176 536 220 177 537 135 177 538 218 177 539 136 133 540 217 133 541 216 133 542 218 133 543 136 133 544 216 133 545 217 178 546 230 178 547 216 178 548 218 179 549 230 179 550 229 179 551 217 180 552 226 180 553 228 180 554 227 181 555 218 181 556 229 181 557 219 140 558 224 140 559 226 140 560 225 182 561 220 182 562 227 182 563 71 183 564 224 183 565 221 183 566 71 184 567 225 184 568 223 184 569 223 185 570 228 185 571 224 185 572 229 186 573 223 186 574 225 186 575 224 187 576 228 187 577 226 187 578 227 188 579 229 188 580 225 188 581 182 189 582 233 189 583 231 189 584 234 190 585 183 190 586 232 190 587 111 191 588 231 191 589 253 191 590 232 192 591 112 192 592 254 192 593 111 193 594 255 193 595 109 193 596 112 194 597 256 194 598 254 194 599 113 195 600 233 195 601 180 195 602 114 196 603 234 196 604 252 196 605 113 197 606 249 197 607 251 197 608 250 198 609 114 198 610 252 198 611 115 199 612 247 199 613 249 199 614 248 200 615 116 200 616 250 200 617 117 201 618 245 201 619 247 201 620 246 202 621 118 202 622 248 202 623 119 203 624 243 203 625 245 203 626 244 204 627 120 204 628 246 204 629 123 205 630 243 205 631 121 205 632 124 206 633 244 206 634 242 206 635 125 207 636 241 207 637 123 207 638 126 208 639 242 208 640 240 208 641 125 209 642 235 209 643 239 209 644 236 210 645 126 210 646 240 210 647 178 211 648 237 211 649 235 211 650 238 212 651 179 212 652 236 212 653 127 213 654 255 213 655 237 213 656 256 214 657 128 214 658 238 214 659 237 215 660 257 215 661 275 215 662 258 216 663 238 216 664 276 216 665 235 217 666 275 217 667 277 217 668 276 218 669 236 218 670 278 218 671 235 219 672 273 219 673 239 219 674 236 220 675 274 220 676 278 220 677 239 221 678 271 221 679 241 221 680 240 222 681 272 222 682 274 222 683 243 223 684 271 223 685 269 223 686 272 224 687 244 224 688 270 224 689 243 225 690 267 225 691 245 225 692 244 226 693 268 226 694 270 226 695 247 227 696 267 227 697 265 227 698 268 228 699 248 228 700 266 228 701 247 229 702 263 229 703 249 229 704 248 230 705 264 230 706 266 230 707 249 231 708 261 231 709 251 231 710 250 232 711 262 232 712 264 232 713 233 233 714 261 233 715 279 233 716 262 234 717 234 234 718 280 234 719 255 235 720 259 235 721 257 235 722 260 236 723 256 236 724 258 236 725 253 237 726 281 237 727 259 237 728 282 238 729 254 238 730 260 238 731 231 239 732 279 239 733 281 239 734 280 240 735 232 240 736 282 240 737 66 241 738 283 241 739 72 241 740 284 242 741 66 242 742 72 242 743 107 243 744 285 243 745 283 243 746 286 244 747 108 244 748 284 244 749 103 245 750 285 245 751 105 245 752 104 246 753 286 246 754 288 246 755 101 247 756 287 247 757 103 247 758 102 248 759 288 248 760 290 248 761 99 249 762 289 249 763 101 249 764 100 250 765 290 250 766 292 250 767 99 251 768 293 251 769 291 251 770 294 252 771 100 252 772 292 252 773 95 253 774 293 253 775 97 253 776 96 254 777 294 254 778 296 254 779 95 255 780 297 255 781 295 255 782 298 256 783 96 256 784 296 256 785 93 257 786 299 257 787 297 257 788 300 258 789 94 258 790 298 258 791 308 259 792 337 259 793 307 259 794 308 260 795 338 260 796 328 260 797 307 261 798 335 261 799 306 261 800 307 262 801 336 262 802 338 262 803 306 263 804 339 263 805 305 263 806 306 264 807 340 264 808 336 264 809 88 265 810 305 265 811 339 265 812 305 266 813 89 266 814 340 266 815 86 267 816 339 267 817 333 267 818 340 268 819 87 268 820 334 268 821 84 269 822 333 269 823 329 269 824 334 270 825 85 270 826 330 270 827 82 271 828 329 271 829 331 271 830 330 272 831 83 272 832 332 272 833 329 273 834 337 273 835 331 273 836 338 274 837 330 274 838 332 274 839 333 275 840 335 275 841 329 275 842 334 276 843 336 276 844 340 276 845 331 277 846 327 277 847 325 277 848 332 278 849 328 278 850 338 278 851 80 279 852 331 279 853 325 279 854 332 280 855 81 280 856 326 280 857 341 281 858 214 281 859 208 281 860 342 282 861 215 282 862 344 282 863 325 283 864 208 283 865 80 283 866 326 284 867 209 284 868 342 284 869 214 285 870 345 285 871 78 285 872 215 286 873 346 286 874 344 286 875 345 287 876 91 287 877 78 287 878 346 288 879 92 288 880 300 288 881 323 289 882 303 289 883 76 289 884 324 290 885 303 290 886 352 290 887 351 291 888 77 291 889 303 291 890 352 292 891 77 292 892 350 292 893 77 293 894 347 293 895 304 293 896 348 294 897 77 294 898 304 294 899 304 295 900 327 295 901 308 295 902 328 296 903 304 296 904 308 296 905 327 297 906 341 297 907 325 297 908 328 298 909 342 298 910 348 298 911 295 299 912 317 299 913 309 299 914 318 300 915 296 300 916 310 300 917 315 301 918 76 301 919 75 301 920 316 302 921 76 302 922 324 302 923 357 303 924 302 303 925 301 303 926 358 304 927 302 304 928 356 304 929 302 305 930 353 305 931 74 305 932 354 306 933 302 306 934 74 306 935 74 307 936 315 307 937 75 307 938 316 308 939 74 308 940 75 308 941 291 309 942 361 309 943 363 309 944 362 310 945 292 310 946 364 310 947 363 311 948 367 311 949 365 311 950 368 312 951 364 312 952 366 312 953 365 313 954 369 313 955 371 313 956 370 314 957 366 314 958 372 314 959 371 315 960 375 315 961 373 315 962 376 316 963 372 316 964 374 316 965 377 317 966 375 317 967 313 317 968 378 318 969 376 318 970 374 318 971 315 319 972 373 319 973 377 319 974 374 320 975 316 320 976 378 320 977 353 321 978 371 321 979 373 321 980 372 322 981 354 322 982 374 322 983 355 323 984 365 323 985 371 323 986 366 324 987 356 324 988 372 324 989 357 325 990 363 325 991 365 325 992 364 326 993 358 326 994 366 326 995 291 327 996 359 327 997 289 327 998 292 328 999 360 328 1000 364 328 1001 359 329 1002 301 329 1003 73 329 1004 360 330 1005 301 330 1006 358 330 1007 285 331 1008 289 331 1009 283 331 1010 286 332 1011 290 332 1012 288 332 1013 283 333 1014 359 333 1015 73 333 1016 360 334 1017 284 334 1018 73 334 1019 72 335 1020 283 335 1021 73 335 1022 73 336 1023 284 336 1024 72 336 1025 295 337 1026 361 337 1027 293 337 1028 296 338 1029 362 338 1030 310 338 1031 309 339 1032 367 339 1033 361 339 1034 368 340 1035 310 340 1036 362 340 1037 311 341 1038 369 341 1039 367 341 1040 370 342 1041 312 342 1042 368 342 1043 375 343 1044 381 343 1045 313 343 1046 376 344 1047 382 344 1048 370 344 1049 349 345 1050 383 345 1051 347 345 1052 350 346 1053 384 346 1054 386 346 1055 383 347 1056 319 347 1057 317 347 1058 384 348 1059 320 348 1060 386 348 1061 297 349 1062 383 349 1063 317 349 1064 384 350 1065 298 350 1066 318 350 1067 299 351 1068 341 351 1069 383 351 1070 342 352 1071 300 352 1072 384 352 1073 341 353 1074 347 353 1075 383 353 1076 384 354 1077 348 354 1078 342 354 1079 299 355 1080 345 355 1081 343 355 1082 344 356 1083 346 356 1084 300 356 1085 321 357 1086 377 357 1087 313 357 1088 322 358 1089 378 358 1090 380 358 1091 377 359 1092 323 359 1093 315 359 1094 378 360 1095 324 360 1096 380 360 1097 385 361 1098 321 361 1099 319 361 1100 386 362 1101 322 362 1102 380 362 1103 351 363 1104 385 363 1105 349 363 1106 352 364 1107 386 364 1108 380 364 1109 323 365 1110 379 365 1111 351 365 1112 352 366 1113 380 366 1114 324 366 1115 387 367 1116 401 367 1117 399 367 1118 388 368 1119 402 368 1120 414 368 1121 399 369 1122 403 369 1123 397 369 1124 404 370 1125 400 370 1126 398 370 1127 403 371 1128 395 371 1129 397 371 1130 404 372 1131 396 372 1132 406 372 1133 405 373 1134 393 373 1135 395 373 1136 406 374 1137 394 374 1138 408 374 1139 407 375 1140 391 375 1141 393 375 1142 408 376 1143 392 376 1144 410 376 1145 391 377 1146 411 377 1147 389 377 1148 412 378 1149 392 378 1150 390 378 1151 409 379 1152 417 379 1153 411 379 1154 418 380 1155 410 380 1156 412 380 1157 407 381 1158 419 381 1159 409 381 1160 420 382 1161 408 382 1162 410 382 1163 423 383 1164 407 383 1165 405 383 1166 424 384 1167 408 384 1168 422 384 1169 425 385 1170 405 385 1171 403 385 1172 426 386 1173 406 386 1174 424 386 1175 427 387 1176 403 387 1177 401 387 1178 428 388 1179 404 388 1180 426 388 1181 401 389 1182 415 389 1183 427 389 1184 416 390 1185 402 390 1186 428 390 1187 319 391 1188 441 391 1189 317 391 1190 320 392 1191 442 392 1192 444 392 1193 389 393 1194 443 393 1195 319 393 1196 390 394 1197 444 394 1198 412 394 1199 309 395 1200 441 395 1201 311 395 1202 442 396 1203 310 396 1204 312 396 1205 381 397 1206 413 397 1207 387 397 1208 414 398 1209 382 398 1210 388 398 1211 411 399 1212 439 399 1213 443 399 1214 440 400 1215 412 400 1216 444 400 1217 445 401 1218 439 401 1219 437 401 1220 446 402 1221 440 402 1222 444 402 1223 433 133 1224 437 133 1225 435 133 1226 438 133 1227 434 133 1228 436 133 1229 447 403 1230 433 403 1231 431 403 1232 448 404 1233 434 404 1234 446 404 1235 447 405 1236 449 405 1237 429 405 1238 448 406 1239 450 406 1240 432 406 1241 429 407 1242 415 407 1243 413 407 1244 430 408 1245 416 408 1246 450 408 1247 447 409 1248 381 409 1249 311 409 1250 448 410 1251 382 410 1252 430 410 1253 441 411 1254 447 411 1255 311 411 1256 442 412 1257 448 412 1258 446 412 1259 441 413 1260 443 413 1261 445 413 1262 446 414 1263 444 414 1264 442 414 1265 415 415 1266 451 415 1267 475 415 1268 452 416 1269 416 416 1270 476 416 1271 431 417 1272 451 417 1273 449 417 1274 432 418 1275 452 418 1276 462 418 1277 431 419 1278 459 419 1279 461 419 1280 460 420 1281 432 420 1282 462 420 1283 435 421 1284 459 421 1285 433 421 1286 436 422 1287 460 422 1288 458 422 1289 437 423 1290 457 423 1291 435 423 1292 438 424 1293 458 424 1294 456 424 1295 437 425 1296 453 425 1297 455 425 1298 454 426 1299 438 426 1300 456 426 1301 439 427 1302 473 427 1303 453 427 1304 474 427 1305 440 427 1306 454 427 1307 427 428 1308 475 428 1309 463 428 1310 476 429 1311 428 429 1312 464 429 1313 425 430 1314 463 430 1315 465 430 1316 464 431 1317 426 431 1318 466 431 1319 423 432 1320 465 432 1321 467 432 1322 466 433 1323 424 433 1324 468 433 1325 423 434 1326 469 434 1327 421 434 1328 424 435 1329 470 435 1330 468 435 1331 421 436 1332 471 436 1333 419 436 1334 422 437 1335 472 437 1336 470 437 1337 419 438 1338 473 438 1339 417 438 1340 420 439 1341 474 439 1342 472 439 1343 455 440 1344 477 440 1345 457 440 1346 456 441 1347 478 441 1348 480 441 1349 479 442 1350 483 442 1351 477 442 1352 480 443 1353 484 443 1354 482 443 1355 483 444 1356 487 444 1357 485 444 1358 488 445 1359 484 445 1360 486 445 1361 487 446 1362 491 446 1363 485 446 1364 488 447 1365 492 447 1366 490 447 1367 463 448 1368 485 448 1369 491 448 1370 486 449 1371 464 449 1372 492 449 1373 483 450 1374 475 450 1375 451 450 1376 484 451 1377 476 451 1378 486 451 1379 461 452 1380 483 452 1381 451 452 1382 462 453 1383 484 453 1384 478 453 1385 457 133 1386 461 133 1387 459 133 1388 462 133 1389 458 133 1390 460 133 1391 473 454 1392 455 454 1393 453 454 1394 474 455 1395 456 455 1396 480 455 1397 471 456 1398 479 456 1399 473 456 1400 480 457 1401 472 457 1402 474 457 1403 487 458 1404 471 458 1405 469 458 1406 488 459 1407 472 459 1408 482 459 1409 489 460 1410 469 460 1411 467 460 1412 490 461 1413 470 461 1414 488 461 1415 465 462 1416 489 462 1417 467 462 1418 490 463 1419 466 463 1420 468 463 1421 463 464 1422 491 464 1423 465 464 1424 466 465 1425 492 465 1426 464 465 1427 391 466 1428 503 466 1429 501 466 1430 504 467 1431 392 467 1432 502 467 1433 393 468 1434 501 468 1435 499 468 1436 502 469 1437 394 469 1438 500 469 1439 393 470 1440 497 470 1441 395 470 1442 394 471 1443 498 471 1444 500 471 1445 395 472 1446 495 472 1447 397 472 1448 396 473 1449 496 473 1450 498 473 1451 397 474 1452 493 474 1453 399 474 1454 398 475 1455 494 475 1456 496 475 1457 399 476 1458 505 476 1459 387 476 1460 400 477 1461 506 477 1462 494 477 1463 501 478 1464 505 478 1465 493 478 1466 502 479 1467 506 479 1468 504 479 1469 493 480 1470 499 480 1471 501 480 1472 500 481 1473 494 481 1474 502 481 1475 495 482 1476 497 482 1477 499 482 1478 500 483 1479 498 483 1480 496 483 1481 381 484 1482 505 484 1483 313 484 1484 382 485 1485 506 485 1486 388 485 1487 313 486 1488 503 486 1489 321 486 1490 504 487 1491 314 487 1492 322 487 1493 319 488 1494 503 488 1495 389 488 1496 504 489 1497 320 489 1498 390 489 1499 46 490 1500 0 490 1501 2 490 1502 3 491 1503 1 491 1504 47 491 1505 44 492 1506 2 492 1507 4 492 1508 5 493 1509 3 493 1510 45 493 1511 2 494 1512 8 494 1513 6 494 1514 7 495 1515 9 495 1516 3 495 1517 0 496 1518 10 496 1519 8 496 1520 9 497 1521 11 497 1522 1 497 1523 10 498 1524 12 498 1525 14 498 1526 15 499 1527 13 499 1528 11 499 1529 8 500 1530 14 500 1531 16 500 1532 17 501 1533 15 501 1534 9 501 1535 20 502 1536 18 502 1537 16 502 1538 21 503 1539 15 503 1540 17 503 1541 22 504 1542 20 504 1543 14 504 1544 23 505 1545 13 505 1546 15 505 1547 22 506 1548 24 506 1549 26 506 1550 27 507 1551 25 507 1552 23 507 1553 26 508 1554 28 508 1555 18 508 1556 27 509 1557 21 509 1558 19 509 1559 32 510 1560 30 510 1561 28 510 1562 33 511 1563 27 511 1564 29 511 1565 34 512 1566 32 512 1567 26 512 1568 35 513 1569 25 513 1570 27 513 1571 36 514 1572 38 514 1573 32 514 1574 37 515 1575 35 515 1576 33 515 1577 38 516 1578 40 516 1579 30 516 1580 39 517 1581 33 517 1582 31 517 1583 44 518 1584 42 518 1585 40 518 1586 45 519 1587 39 519 1588 41 519 1589 46 520 1590 44 520 1591 38 520 1592 47 521 1593 37 521 1594 39 521 1595 36 522 1596 50 522 1597 48 522 1598 37 523 1599 47 523 1600 49 523 1601 34 524 1602 52 524 1603 50 524 1604 35 525 1605 37 525 1606 51 525 1607 24 526 1608 54 526 1609 52 526 1610 25 527 1611 35 527 1612 53 527 1613 22 528 1614 56 528 1615 54 528 1616 23 529 1617 25 529 1618 55 529 1619 22 530 1620 12 530 1621 58 530 1622 59 531 1623 13 531 1624 23 531 1625 12 532 1626 10 532 1627 62 532 1628 63 533 1629 11 533 1630 13 533 1631 10 534 1632 0 534 1633 64 534 1634 65 535 1635 1 535 1636 11 535 1637 0 536 1638 46 536 1639 48 536 1640 49 537 1641 47 537 1642 1 537 1643 173 538 1644 175 538 1645 90 538 1646 174 539 1647 89 539 1648 90 539 1649 171 540 1650 173 540 1651 88 540 1652 172 541 1653 87 541 1654 89 541 1655 84 542 1656 169 542 1657 171 542 1658 172 543 1659 170 543 1660 85 543 1661 82 544 1662 167 544 1663 169 544 1664 170 545 1665 168 545 1666 83 545 1667 80 546 1668 165 546 1669 167 546 1670 168 547 1671 166 547 1672 81 547 1673 78 548 1674 91 548 1675 145 548 1676 146 549 1677 92 549 1678 79 549 1679 93 550 1680 147 550 1681 145 550 1682 94 551 1683 92 551 1684 146 551 1685 93 552 1686 95 552 1687 149 552 1688 150 553 1689 96 553 1690 94 553 1691 97 554 1692 151 554 1693 149 554 1694 98 555 1695 96 555 1696 150 555 1697 99 556 1698 153 556 1699 151 556 1700 100 557 1701 98 557 1702 152 557 1703 101 558 1704 155 558 1705 153 558 1706 102 559 1707 100 559 1708 154 559 1709 101 560 1710 103 560 1711 157 560 1712 158 561 1713 104 561 1714 102 561 1715 105 562 1716 159 562 1717 157 562 1718 106 563 1719 104 563 1720 158 563 1721 107 564 1722 161 564 1723 159 564 1724 108 565 1725 106 565 1726 160 565 1727 66 566 1728 67 566 1729 161 566 1730 66 567 1731 108 567 1732 162 567 1733 127 568 1734 159 568 1735 161 568 1736 128 569 1737 110 569 1738 162 569 1739 127 570 1740 178 570 1741 157 570 1742 158 571 1743 179 571 1744 128 571 1745 155 572 1746 157 572 1747 178 572 1748 156 573 1749 126 573 1750 179 573 1751 153 574 1752 155 574 1753 125 574 1754 154 575 1755 124 575 1756 126 575 1757 151 576 1758 153 576 1759 123 576 1760 152 577 1761 122 577 1762 124 577 1763 149 578 1764 151 578 1765 121 578 1766 150 579 1767 120 579 1768 122 579 1769 147 580 1770 149 580 1771 119 580 1772 148 581 1773 118 581 1774 120 581 1775 145 582 1776 147 582 1777 117 582 1778 146 583 1779 116 583 1780 118 583 1781 113 584 1782 163 584 1783 145 584 1784 146 585 1785 164 585 1786 114 585 1787 113 586 1788 180 586 1789 176 586 1790 176 587 1791 181 587 1792 114 587 1793 161 588 1794 67 588 1795 111 588 1796 162 589 1797 110 589 1798 112 589 1799 111 590 1800 67 590 1801 177 590 1802 177 591 1803 67 591 1804 112 591 1805 180 592 1806 182 592 1807 177 592 1808 181 593 1809 176 593 1810 177 593 1811 134 594 1812 136 594 1813 175 594 1814 175 595 1815 136 595 1816 135 595 1817 132 596 1818 134 596 1819 173 596 1820 174 597 1821 135 597 1822 133 597 1823 132 598 1824 171 598 1825 169 598 1826 133 599 1827 131 599 1828 170 599 1829 165 600 1830 186 600 1831 184 600 1832 185 601 1833 187 601 1834 166 601 1835 130 602 1836 169 602 1837 167 602 1838 168 603 1839 170 603 1840 131 603 1841 189 130 1842 188 130 1843 186 130 1844 189 604 1845 144 604 1846 187 604 1847 186 132 1848 188 132 1849 68 132 1850 187 605 1851 185 605 1852 68 605 1853 130 133 1854 184 133 1855 68 133 1856 131 133 1857 129 133 1858 68 133 1859 141 606 1860 192 606 1861 190 606 1862 191 607 1863 193 607 1864 142 607 1865 194 608 1866 192 608 1867 141 608 1868 195 609 1869 140 609 1870 142 609 1871 196 610 1872 194 610 1873 139 610 1874 197 611 1875 138 611 1876 140 611 1877 70 612 1878 196 612 1879 138 612 1880 143 613 1881 190 613 1882 69 613 1883 144 614 1884 189 614 1885 69 614 1886 190 144 1887 205 144 1888 207 144 1889 191 145 1890 69 145 1891 207 145 1892 70 615 1893 198 615 1894 199 615 1895 200 616 1896 198 616 1897 70 616 1898 196 617 1899 199 617 1900 201 617 1901 202 618 1902 200 618 1903 197 618 1904 201 619 1905 203 619 1906 192 619 1907 202 620 1908 195 620 1909 193 620 1910 192 621 1911 203 621 1912 205 621 1913 206 622 1914 204 622 1915 193 622 1916 203 623 1917 201 623 1918 199 623 1919 204 624 1920 198 624 1921 200 624 1922 198 625 1923 207 625 1924 205 625 1925 206 626 1926 207 626 1927 198 626 1928 138 627 1929 139 627 1930 163 627 1931 164 628 1932 140 628 1933 138 628 1934 139 629 1935 141 629 1936 210 629 1937 211 630 1938 142 630 1939 140 630 1940 143 631 1941 212 631 1942 210 631 1943 144 632 1944 142 632 1945 211 632 1946 186 633 1947 165 633 1948 212 633 1949 187 634 1950 144 634 1951 213 634 1952 208 635 1953 212 635 1954 165 635 1955 209 636 1956 81 636 1957 166 636 1958 214 637 1959 210 637 1960 212 637 1961 215 638 1962 209 638 1963 213 638 1964 78 639 1965 163 639 1966 210 639 1967 211 640 1968 164 640 1969 79 640 1970 129 641 1971 71 641 1972 221 641 1973 129 642 1974 131 642 1975 222 642 1976 132 643 1977 130 643 1978 221 643 1979 222 644 1980 131 644 1981 133 644 1982 134 645 1983 132 645 1984 219 645 1985 220 646 1986 133 646 1987 135 646 1988 136 647 1989 134 647 1990 217 647 1991 218 648 1992 135 648 1993 136 648 1994 217 178 1995 228 178 1996 230 178 1997 218 179 1998 216 179 1999 230 179 2000 217 649 2001 219 649 2002 226 649 2003 227 650 2004 220 650 2005 218 650 2006 219 140 2007 221 140 2008 224 140 2009 225 182 2010 222 182 2011 220 182 2012 71 183 2013 223 183 2014 224 183 2015 71 184 2016 222 184 2017 225 184 2018 223 651 2019 230 651 2020 228 651 2021 229 652 2022 230 652 2023 223 652 2024 182 653 2025 180 653 2026 233 653 2027 234 654 2028 181 654 2029 183 654 2030 111 655 2031 182 655 2032 231 655 2033 232 656 2034 183 656 2035 112 656 2036 111 657 2037 253 657 2038 255 657 2039 112 658 2040 110 658 2041 256 658 2042 113 659 2043 251 659 2044 233 659 2045 114 660 2046 181 660 2047 234 660 2048 113 661 2049 115 661 2050 249 661 2051 250 662 2052 116 662 2053 114 662 2054 115 663 2055 117 663 2056 247 663 2057 248 664 2058 118 664 2059 116 664 2060 117 665 2061 119 665 2062 245 665 2063 246 666 2064 120 666 2065 118 666 2066 119 667 2067 121 667 2068 243 667 2069 244 668 2070 122 668 2071 120 668 2072 123 669 2073 241 669 2074 243 669 2075 124 670 2076 122 670 2077 244 670 2078 125 671 2079 239 671 2080 241 671 2081 126 672 2082 124 672 2083 242 672 2084 125 673 2085 178 673 2086 235 673 2087 236 674 2088 179 674 2089 126 674 2090 178 675 2091 127 675 2092 237 675 2093 238 676 2094 128 676 2095 179 676 2096 127 677 2097 109 677 2098 255 677 2099 256 678 2100 110 678 2101 128 678 2102 237 679 2103 255 679 2104 257 679 2105 258 680 2106 256 680 2107 238 680 2108 235 681 2109 237 681 2110 275 681 2111 276 682 2112 238 682 2113 236 682 2114 235 683 2115 277 683 2116 273 683 2117 236 684 2118 240 684 2119 274 684 2120 239 685 2121 273 685 2122 271 685 2123 240 686 2124 242 686 2125 272 686 2126 243 687 2127 241 687 2128 271 687 2129 272 688 2130 242 688 2131 244 688 2132 243 689 2133 269 689 2134 267 689 2135 244 690 2136 246 690 2137 268 690 2138 247 691 2139 245 691 2140 267 691 2141 268 692 2142 246 692 2143 248 692 2144 247 693 2145 265 693 2146 263 693 2147 248 694 2148 250 694 2149 264 694 2150 249 695 2151 263 695 2152 261 695 2153 250 696 2154 252 696 2155 262 696 2156 233 233 2157 251 233 2158 261 233 2159 262 234 2160 252 234 2161 234 234 2162 255 697 2163 253 697 2164 259 697 2165 260 698 2166 254 698 2167 256 698 2168 253 699 2169 231 699 2170 281 699 2171 282 700 2172 232 700 2173 254 700 2174 231 701 2175 233 701 2176 279 701 2177 280 702 2178 234 702 2179 232 702 2180 66 703 2181 107 703 2182 283 703 2183 284 704 2184 108 704 2185 66 704 2186 107 705 2187 105 705 2188 285 705 2189 286 706 2190 106 706 2191 108 706 2192 103 707 2193 287 707 2194 285 707 2195 104 708 2196 106 708 2197 286 708 2198 101 709 2199 289 709 2200 287 709 2201 102 710 2202 104 710 2203 288 710 2204 99 711 2205 291 711 2206 289 711 2207 100 712 2208 102 712 2209 290 712 2210 99 713 2211 97 713 2212 293 713 2213 294 714 2214 98 714 2215 100 714 2216 95 715 2217 295 715 2218 293 715 2219 96 716 2220 98 716 2221 294 716 2222 95 717 2223 93 717 2224 297 717 2225 298 718 2226 94 718 2227 96 718 2228 93 719 2229 91 719 2230 299 719 2231 300 720 2232 92 720 2233 94 720 2234 308 721 2235 327 721 2236 337 721 2237 308 722 2238 307 722 2239 338 722 2240 307 723 2241 337 723 2242 335 723 2243 307 724 2244 306 724 2245 336 724 2246 306 725 2247 335 725 2248 339 725 2249 306 726 2250 305 726 2251 340 726 2252 88 727 2253 90 727 2254 305 727 2255 305 728 2256 90 728 2257 89 728 2258 86 729 2259 88 729 2260 339 729 2261 340 730 2262 89 730 2263 87 730 2264 84 731 2265 86 731 2266 333 731 2267 334 732 2268 87 732 2269 85 732 2270 82 733 2271 84 733 2272 329 733 2273 330 734 2274 85 734 2275 83 734 2276 329 735 2277 335 735 2278 337 735 2279 338 736 2280 336 736 2281 330 736 2282 333 737 2283 339 737 2284 335 737 2285 334 738 2286 330 738 2287 336 738 2288 331 739 2289 337 739 2290 327 739 2291 332 740 2292 326 740 2293 328 740 2294 80 741 2295 82 741 2296 331 741 2297 332 742 2298 83 742 2299 81 742 2300 341 743 2301 343 743 2302 214 743 2303 342 744 2304 209 744 2305 215 744 2306 325 745 2307 341 745 2308 208 745 2309 326 746 2310 81 746 2311 209 746 2312 214 747 2313 343 747 2314 345 747 2315 215 748 2316 79 748 2317 346 748 2318 345 749 2319 299 749 2320 91 749 2321 346 750 2322 79 750 2323 92 750 2324 323 751 2325 351 751 2326 303 751 2327 324 752 2328 76 752 2329 303 752 2330 351 753 2331 349 753 2332 77 753 2333 352 754 2334 303 754 2335 77 754 2336 77 755 2337 349 755 2338 347 755 2339 348 756 2340 350 756 2341 77 756 2342 304 757 2343 347 757 2344 327 757 2345 328 758 2346 348 758 2347 304 758 2348 327 759 2349 347 759 2350 341 759 2351 328 760 2352 326 760 2353 342 760 2354 295 761 2355 297 761 2356 317 761 2357 318 762 2358 298 762 2359 296 762 2360 315 763 2361 323 763 2362 76 763 2363 316 764 2364 75 764 2365 76 764 2366 357 765 2367 355 765 2368 302 765 2369 358 766 2370 301 766 2371 302 766 2372 302 767 2373 355 767 2374 353 767 2375 354 768 2376 356 768 2377 302 768 2378 74 769 2379 353 769 2380 315 769 2381 316 770 2382 354 770 2383 74 770 2384 291 771 2385 293 771 2386 361 771 2387 362 772 2388 294 772 2389 292 772 2390 363 773 2391 361 773 2392 367 773 2393 368 774 2394 362 774 2395 364 774 2396 365 775 2397 367 775 2398 369 775 2399 370 776 2400 368 776 2401 366 776 2402 371 777 2403 369 777 2404 375 777 2405 376 778 2406 370 778 2407 372 778 2408 377 779 2409 373 779 2410 375 779 2411 378 780 2412 314 780 2413 376 780 2414 315 781 2415 353 781 2416 373 781 2417 374 782 2418 354 782 2419 316 782 2420 353 783 2421 355 783 2422 371 783 2423 372 784 2424 356 784 2425 354 784 2426 355 785 2427 357 785 2428 365 785 2429 366 786 2430 358 786 2431 356 786 2432 357 787 2433 359 787 2434 363 787 2435 364 788 2436 360 788 2437 358 788 2438 291 789 2439 363 789 2440 359 789 2441 292 790 2442 290 790 2443 360 790 2444 359 791 2445 357 791 2446 301 791 2447 360 792 2448 73 792 2449 301 792 2450 285 793 2451 287 793 2452 289 793 2453 286 794 2454 284 794 2455 290 794 2456 283 795 2457 289 795 2458 359 795 2459 360 796 2460 290 796 2461 284 796 2462 295 797 2463 309 797 2464 361 797 2465 296 798 2466 294 798 2467 362 798 2468 309 799 2469 311 799 2470 367 799 2471 368 800 2472 312 800 2473 310 800 2474 311 801 2475 381 801 2476 369 801 2477 370 802 2478 382 802 2479 312 802 2480 375 803 2481 369 803 2482 381 803 2483 376 804 2484 314 804 2485 382 804 2486 349 805 2487 385 805 2488 383 805 2489 350 806 2490 348 806 2491 384 806 2492 383 807 2493 385 807 2494 319 807 2495 384 808 2496 318 808 2497 320 808 2498 297 809 2499 299 809 2500 383 809 2501 384 810 2502 300 810 2503 298 810 2504 299 811 2505 343 811 2506 341 811 2507 342 812 2508 344 812 2509 300 812 2510 321 813 2511 379 813 2512 377 813 2513 322 814 2514 314 814 2515 378 814 2516 377 815 2517 379 815 2518 323 815 2519 378 816 2520 316 816 2521 324 816 2522 385 817 2523 379 817 2524 321 817 2525 386 818 2526 320 818 2527 322 818 2528 351 819 2529 379 819 2530 385 819 2531 352 820 2532 350 820 2533 386 820 2534 387 821 2535 413 821 2536 401 821 2537 388 822 2538 400 822 2539 402 822 2540 399 823 2541 401 823 2542 403 823 2543 404 824 2544 402 824 2545 400 824 2546 403 825 2547 405 825 2548 395 825 2549 404 826 2550 398 826 2551 396 826 2552 405 827 2553 407 827 2554 393 827 2555 406 828 2556 396 828 2557 394 828 2558 407 829 2559 409 829 2560 391 829 2561 408 830 2562 394 830 2563 392 830 2564 391 831 2565 409 831 2566 411 831 2567 412 832 2568 410 832 2569 392 832 2570 409 833 2571 419 833 2572 417 833 2573 418 834 2574 420 834 2575 410 834 2576 407 835 2577 421 835 2578 419 835 2579 420 836 2580 422 836 2581 408 836 2582 423 837 2583 421 837 2584 407 837 2585 424 838 2586 406 838 2587 408 838 2588 425 839 2589 423 839 2590 405 839 2591 426 840 2592 404 840 2593 406 840 2594 427 841 2595 425 841 2596 403 841 2597 428 842 2598 402 842 2599 404 842 2600 401 843 2601 413 843 2602 415 843 2603 416 844 2604 414 844 2605 402 844 2606 319 845 2607 443 845 2608 441 845 2609 320 846 2610 318 846 2611 442 846 2612 389 847 2613 411 847 2614 443 847 2615 390 848 2616 320 848 2617 444 848 2618 309 849 2619 317 849 2620 441 849 2621 442 850 2622 318 850 2623 310 850 2624 381 851 2625 429 851 2626 413 851 2627 414 852 2628 430 852 2629 382 852 2630 411 853 2631 417 853 2632 439 853 2633 440 854 2634 418 854 2635 412 854 2636 445 855 2637 443 855 2638 439 855 2639 446 856 2640 438 856 2641 440 856 2642 433 857 2643 445 857 2644 437 857 2645 438 858 2646 446 858 2647 434 858 2648 447 859 2649 445 859 2650 433 859 2651 448 860 2652 432 860 2653 434 860 2654 447 861 2655 431 861 2656 449 861 2657 448 862 2658 430 862 2659 450 862 2660 429 863 2661 449 863 2662 415 863 2663 430 864 2664 414 864 2665 416 864 2666 447 865 2667 429 865 2668 381 865 2669 448 866 2670 312 866 2671 382 866 2672 441 867 2673 445 867 2674 447 867 2675 442 868 2676 312 868 2677 448 868 2678 415 869 2679 449 869 2680 451 869 2681 452 870 2682 450 870 2683 416 870 2684 431 871 2685 461 871 2686 451 871 2687 432 872 2688 450 872 2689 452 872 2690 431 419 2691 433 419 2692 459 419 2693 460 420 2694 434 420 2695 432 420 2696 435 873 2697 457 873 2698 459 873 2699 436 874 2700 434 874 2701 460 874 2702 437 875 2703 455 875 2704 457 875 2705 438 876 2706 436 876 2707 458 876 2708 437 877 2709 439 877 2710 453 877 2711 454 878 2712 440 878 2713 438 878 2714 439 879 2715 417 879 2716 473 879 2717 474 880 2718 418 880 2719 440 880 2720 427 881 2721 415 881 2722 475 881 2723 476 882 2724 416 882 2725 428 882 2726 425 883 2727 427 883 2728 463 883 2729 464 884 2730 428 884 2731 426 884 2732 423 885 2733 425 885 2734 465 885 2735 466 886 2736 426 886 2737 424 886 2738 423 887 2739 467 887 2740 469 887 2741 424 888 2742 422 888 2743 470 888 2744 421 889 2745 469 889 2746 471 889 2747 422 890 2748 420 890 2749 472 890 2750 419 891 2751 471 891 2752 473 891 2753 420 892 2754 418 892 2755 474 892 2756 455 893 2757 479 893 2758 477 893 2759 456 894 2760 458 894 2761 478 894 2762 479 895 2763 481 895 2764 483 895 2765 480 896 2766 478 896 2767 484 896 2768 483 897 2769 481 897 2770 487 897 2771 488 898 2772 482 898 2773 484 898 2774 487 899 2775 489 899 2776 491 899 2777 488 900 2778 486 900 2779 492 900 2780 463 901 2781 475 901 2782 485 901 2783 486 902 2784 476 902 2785 464 902 2786 483 903 2787 485 903 2788 475 903 2789 484 904 2790 452 904 2791 476 904 2792 461 905 2793 477 905 2794 483 905 2795 462 906 2796 452 906 2797 484 906 2798 457 907 2799 477 907 2800 461 907 2801 462 908 2802 478 908 2803 458 908 2804 473 909 2805 479 909 2806 455 909 2807 474 910 2808 454 910 2809 456 910 2810 471 911 2811 481 911 2812 479 911 2813 480 912 2814 482 912 2815 472 912 2816 487 913 2817 481 913 2818 471 913 2819 488 914 2820 470 914 2821 472 914 2822 489 915 2823 487 915 2824 469 915 2825 490 916 2826 468 916 2827 470 916 2828 465 917 2829 491 917 2830 489 917 2831 490 918 2832 492 918 2833 466 918 2834 391 919 2835 389 919 2836 503 919 2837 504 920 2838 390 920 2839 392 920 2840 393 921 2841 391 921 2842 501 921 2843 502 922 2844 392 922 2845 394 922 2846 393 923 2847 499 923 2848 497 923 2849 394 924 2850 396 924 2851 498 924 2852 395 925 2853 497 925 2854 495 925 2855 396 926 2856 398 926 2857 496 926 2858 397 927 2859 495 927 2860 493 927 2861 398 928 2862 400 928 2863 494 928 2864 399 929 2865 493 929 2866 505 929 2867 400 930 2868 388 930 2869 506 930 2870 501 931 2871 503 931 2872 505 931 2873 502 932 2874 494 932 2875 506 932 2876 493 933 2877 495 933 2878 499 933 2879 500 934 2880 496 934 2881 494 934 2882 381 935 2883 387 935 2884 505 935 2885 382 936 2886 314 936 2887 506 936 2888 313 937 2889 505 937 2890 503 937 2891 504 938 2892 506 938 2893 314 938 2894 319 939 2895 321 939 2896 503 939 2897 504 940 2898 322 940 2899 320 940 2900</p>
        </triangles>
      </mesh>
    </geometry>
  </library_geometries>
  <library_visual_scenes>
    <visual_scene id="Scene" name="Scene">
      <node id="beach_ball_grp" name="beach_ball_grp" type="NODE">
        <matrix sid="transform">0.1441934 0 0 0 0 0.1441934 6.30289e-9 0 0 -6.30289e-9 0.1441934 0 0 0 0 1</matrix>
        <node id="beach_ball" name="beach_ball" type="NODE">
          <matrix sid="transform">4.08418 0 0 0 0 4.08418 -1.42109e-14 -5.68434e-14 0 1.42109e-14 4.08418 13.60974 0 0 0 1</matrix>
          <instance_geometry url="#Mesh-mesh" name="beach_ball">
            <bind_material>
              <technique_common>
                <instance_material symbol="beach_ball_mat_001-material" target="#beach_ball_mat_001-material">
                  <bind_vertex_input semantic="UVChannel_1" input_semantic="TEXCOORD" input_set="0"/>
                </instance_material>
              </technique_common>
            </bind_material>
          </instance_geometry>
        </node>
      </node>
      <node id="Suzanne" name="Suzanne" type="NODE">
        <matrix sid="transform">-0.005363705 -0.1490245 -0.03229234 0 0.1522369 -0.007069122 0.00733669 -33.89748 -0.008661996 -0.03196235 0.1489405 0 0 0 0 1</matrix>
        <instance_geometry url="#Suzanne-mesh" name="Suzanne"/>
      </node>
      <node id="Sun" name="Sun" type="NODE">
        <matrix sid="transform">0.8146373 -0.04789442 0.5779898 0 -0.04789442 0.9876249 0.1493423 0 -0.5779898 -0.1493423 0.8022622 34.38355 0 0 0 1</matrix>
        <instance_light url="#Sun-light"/>
      </node>
    </visual_scene>
  </library_visual_scenes>
  <scene>
    <instance_visual_scene url="#Scene"/>
  </scene>
</COLLADA>